Year,Semester,Gender,Age,Caste,Family Income,Internal Marks,Theory Marks,Practical Marks,Backlogs,Fees Paid,Scholarship Received,Teacher Rating,Library Usage,Medical History Reported,Disciplinary Action,Attendance %,Assignment Submission Rate,Class Participation,Late Submissions,LMS Login Count,Video Lectures Watched,Forum Participation,Study Hours/Week,Assignment Completion Time (Avg),Parental Education,Internet Availability at Home,Stress Level,Mental Health Score,Counselling Opted,Clubs Joined,Events Participation,Volunteer Activities,Enrollment Status,Total Marks,Actual,Predicted
0,-0.9736795920896915,2,-1.488752749457443,1,-0.8846374007891917,1.59905203196549,0.11686312493751137,0.9232176532803801,-1.3248834289057827,-0.3929750365049081,1,-1.3819036600034549,-1.1849084595574824,0,1,-0.4507467409725995,-1.4046211595861509,-1.6017611193318875,-1.4696333598069597,-1.28686444228736,0.47095529347053067,1.3636888439260917,-0.6288478153376987,1.1409081907344112,0,0,0,-0.5330900514298013,1,-1.3434922291421774,-0.8672398892888186,1,1,0.9785027421487769,1.59905203196549,1.6041213
0,-0.9736795920896915,2,0.2888624737753253,2,-0.6406121171017242,-1.5826134270936834,0.9862726099034983,-1.498577462637947,1.4005910534146848,0.06690274144590888,1,-0.8584553039415401,0.5177908644222307,1,1,-1.3172161885722036,-0.21430415898273866,-1.7407237215241615,1.518438534073677,-1.1577645710901472,-1.7183639975760185,1.5299079005752851,1.6069372325800504,0.6338065811728476,1,0,0,0.8568242597396969,1,-1.3434922291421774,-1.4466874767869158,0,2,-0.4802996292498972,-1.5826134270936834,-1.5744158
0,-0.9736795920896915,1,-1.488752749457443,0,0.7340213908882464,1.2808854860595726,-0.8394873085250742,-0.8380878855693124,-0.41639193479896025,0.940163922245049,0,0.711889764244206,1.2669785669733042,0,0,0.9960746082979337,0.4733394032363547,-1.5235946555987332,-1.4696333598069597,-1.6003927009091625,0.3954615248137531,0.8650316739785112,-1.0280951453230112,1.0563912558074835,0,1,0,1.551781415324446,0,-0.4537622760678877,0.8711028732054726,1,2,-0.8781548214495356,1.2808854860595726,1.2819847
0,1.0270318985055653,2,0.8814008815195814,3,0.36768563140624677,0.9627189401536553,1.334036403889893,0.9232176532803801,1.4005910534146848,-0.14879513433224664,0,-1.032938089295512,-0.7081526488431626,1,1,1.2219924814425605,-1.118602542174971,-0.5074306270677268,-1.4696333598069597,-0.8811219899532627,-0.8879325423514653,0.8650316739785112,1.6069372325800504,0.8028404510267021,2,0,0,-0.8805686292221758,1,-1.3434922291421774,-1.4466874767869158,1,2,1.7742131265480536,0.9627189401536553,0.99234414
0,-0.9736795920896915,1,-0.896214341713187,1,1.3167678810811256,1.59905203196549,0.6385088159171035,-1.0582510779255239,-0.41639193479896025,0.16743416267236655,0,-0.5094897332335964,-0.5719367029247856,0,0,1.1638220111119078,0.6446080364167017,0.5347888893743307,1.518438534073677,-1.4528499909694907,1.2258929800383063,0.6988126173293178,1.6069372325800504,-1.648150661854186,0,1,0,0.16186710415494782,1,0.4359676770064019,-0.2877923017907215,0,1,0.18279235774950012,1.59905203196549,1.5974811
0,-0.9736795920896915,1,-0.896214341713187,0,0.6419219691798262,1.2808854860595726,1.2470954553932942,1.6937888265271204,-1.3248834289057827,-1.6529388286286641,1,-1.032938089295512,-1.4573403513942365,0,1,-1.4125887038817622,0.7627833933111408,-0.021061519394766866,0.3232097765214223,-1.5450641846817856,-0.1329948557836898,1.5299079005752851,-0.5090736163421051,-1.648150661854186,3,1,0,1.2043028375320715,1,1.3256976300806915,-0.8672398892888186,1,0,2.2383775174476317,1.2808854860595726,1.2347671
0,-0.9736795920896915,1,1.4739392892638377,1,0.013977267761301324,0.3263858483418206,-0.7525463600284755,1.6937888265271204,-1.3248834289057827,-0.24538635427883196,1,1.0608553349521483,0.7902227562589847,0,0,-1.4227347161487363,0.006632377819908845,-0.29898672377931546,-0.8720189810308324,1.147590271717224,-1.642870228919241,1.3636888439260917,0.009947912638801154,0.3802557763920662,2,1,0,0.16186710415494782,1,1.3256976300806915,-0.8672398892888186,0,2,0.5143383512491988,0.3263858483418206,0.29352862
0,1.0270318985055653,0,0.2888624737753253,3,0.8892463366299833,1.59905203196549,-1.187251102511469,0.2627280762117454,-0.41639193479896025,0.43199053432093937,1,0.711889764244206,0.24535897258547656,0,1,1.2280800888027452,0.710546460191135,-1.454113354502596,-1.4696333598069597,1.5717755627937802,-0.8124387736946878,-1.1295970058118106,0.48904470862117566,0.6338065811728476,1,1,0,-0.8805686292221758,1,-0.4537622760678877,0.2916552857073756,1,1,-0.4139904305499575,1.59905203196549,1.5528687
0,1.0270318985055653,1,0.2888624737753253,3,-1.051084577061652,0.9627189401536553,1.5079183008830903,-0.7280062893912066,-1.3248834289057827,-1.7283655388433636,0,-0.5094897332335964,-0.23139683812884304,1,1,-1.1109139391437266,-0.3239160842181608,0.9951025091362393,-1.4696333598069597,1.7562039502183697,1.603361823322194,0.6988126173293178,1.4472383005859253,-0.4649135728772055,2,0,0,-0.8805686292221758,1,1.3256976300806915,-1.4466874767869158,1,0,0.9121935434488372,0.9627189401536553,0.9451615
0,-0.9736795920896915,0,1.4739392892638377,2,-0.6872727693934694,0.0082193024359033,0.8123907129103008,-0.1775983085006777,-0.41639193479896025,1.249188279766467,1,0.711889764244206,-1.0486925136391052,0,0,0.7958599662296406,-1.722324474135694,0.9690470212251884,0.3232097765214223,-0.19873695648228087,1.6788555919789716,1.1974697872768982,-1.6668908732995107,1.3944589955151925,2,0,0,-0.18561147363742675,0,1.3256976300806915,-1.4466874767869158,0,1,0.5143383512491988,0.0082193024359033,0.01030835
0,-0.9736795920896915,2,0.2888624737753253,2,0.5889571649295154,0.6445523942477379,0.37768597042730745,0.48289126856795694,-1.3248834289057827,0.3532990859029171,0,1.235338120306121,0.5858988373814191,0,0,-1.516754429822698,1.125016552487575,0.5695295399223993,-1.4696333598069597,0.07790562465460367,-0.9634263110082429,-1.6282541757593911,-0.14975101935532392,-0.4649135728772055,1,1,0,1.551781415324446,1,-0.4537622760678877,-1.4466874767869158,1,2,0.7132659473490179,0.6445523942477379,0.59313667
0,1.0270318985055653,0,0.2888624737753253,2,1.6613541253868749,0.3263858483418206,0.6385088159171035,-0.6179246932131008,-0.41639193479896025,-0.015503753893135921,0,0.711889764244206,1.6756264047284355,1,1,1.3992094957057115,0.07942154692155584,-0.9764294094666529,1.518438534073677,1.3504614978842726,0.923917905411196,1.3636888439260917,-1.6668908732995107,-0.9720151824387687,2,0,0,0.16186710415494782,0,0.4359676770064019,0.8711028732054726,0,0,0.18279235774950012,0.3263858483418206,0.35730174
0,-0.9736795920896915,2,-0.30367593396893083,2,0.803015771105885,1.59905203196549,-0.7525463600284755,-0.06751671232257193,-1.3248834289057827,-1.6646468552888565,0,0.18844140818228963,-0.027072919251277493,1,0,-1.407177497339376,-1.434593170392711,-0.47268997651965816,-0.27440460225470503,1.073818916747388,-1.3408951542921308,-0.2985017225658432,0.2494963106299884,-1.0565321173656959,3,0,0,-1.5755257848069248,1,-1.3434922291421774,-0.2877923017907215,1,2,-0.281372033150078,1.59905203196549,1.5885477
0,-0.9736795920896915,1,0.8814008815195814,3,-0.3703278067522001,-0.9462803352818486,-1.708896793491061,-0.9481694817474181,0.49209955930786226,1.5873701267589406,0,0.711889764244206,-0.5038287299655971,1,1,-0.19168522775585617,-0.30764556406602805,-0.7766706688152584,-1.4696333598069597,-0.75202211875605,-0.8124387736946878,-0.46472077921503663,0.9282167716050194,-1.648150661854186,2,0,0,0.16186710415494782,0,-0.4537622760678877,0.2916552857073756,0,2,-2.0717203980484507,-0.9462803352818486,-0.91145146
0,-0.9736795920896915,0,0.2888624737753253,1,-0.828911904918019,0.0082193024359033,-1.1003101540148703,0.2627280762117454,-1.3248834289057827,-0.0024448010798446673,0,0.36292419353626226,-1.2530164325166708,1,1,-0.5183868227524281,0.36030210533732504,0.22212303444171347,0.3232097765214223,-0.3278368276794936,-1.4163889229489082,-0.46472077921503663,0.16964684463292587,0.8028404510267021,2,0,0,1.551781415324446,0,1.3256976300806915,0.2916552857073756,1,2,-0.6792272253497164,0.0082193024359033,0.029280083
0,1.0270318985055653,0,-1.488752749457443,1,-1.1252337756584934,-0.309947243470014,0.20380407343411006,-0.507843097034995,0.49209955930786226,0.30477832157077456,0,0.18844140818228963,0.7902227562589847,0,0,1.6975022563547553,-0.7863413938050983,-0.8808926204594643,0.3232097765214223,-0.7704649574985089,0.7729303680976409,0.5325935606801243,1.7666361645741755,1.1409081907344112,0,0,0,1.551781415324446,1,-1.3434922291421774,0.8711028732054726,1,2,-0.21506283445013827,-0.309947243470014,-0.27147734
0,1.0270318985055653,2,-1.488752749457443,1,-1.5254996952275999,0.3263858483418206,-0.5786644630352782,-1.498577462637947,-0.41639193479896025,-0.2638490117045196,1,-1.032938089295512,-1.2530164325166708,0,0,-0.7625675179776097,0.3971248614711002,-1.5409649808727675,0.9208241552975497,1.627104079021157,-0.9634263110082429,-0.9633779491626171,1.4472383005859253,0.8028404510267021,2,1,0,-1.2280472070145505,1,-1.3434922291421774,-0.8672398892888186,1,0,-1.2760100136491739,0.3263858483418206,0.34855062
0,-0.9736795920896915,0,-0.30367593396893083,3,0.7900752677820941,1.59905203196549,-1.5350148964978638,0.15264648003363962,1.4005910534146848,1.089441262162499,0,1.0608553349521483,-1.5935562973126134,0,1,0.7201030746362332,1.4461452397007257,-1.4367430292285617,0.9208241552975497,1.645546917763616,1.3768805173518612,-0.2985017225658432,0.32934577662705095,1.4789759304421193,1,1,0,-0.18561147363742675,1,0.4359676770064019,0.8711028732054726,1,2,-0.7455364240496561,1.59905203196549,1.524861
0,1.0270318985055653,2,-1.488752749457443,3,-1.4472915544551346,0.6445523942477379,-0.05701877205568601,-1.6086590588160528,-1.3248834289057827,1.3727980227750343,0,0.18844140818228963,0.8583307292181732,0,1,-0.44939393933700317,-0.33676123170668737,1.2382870629727196,0.9208241552975497,-0.8995648286957216,-0.20848862444046737,-1.1295970058118106,0.8084425726094258,-0.9720151824387687,1,1,0,-0.5330900514298013,1,-0.4537622760678877,0.8711028732054726,1,1,-0.8781548214495356,0.6445523942477379,0.62052983
0,1.0270318985055653,0,-1.488752749457443,3,0.01821949236818585,0.9627189401536553,1.7687411463728864,1.2534624418146973,-1.3248834289057827,-1.2328007950148456,1,-1.5563864453574268,0.17725099962628807,1,1,-0.8998768839906617,-1.289871175355318,-0.9156332710075328,1.518438534073677,-0.14340844025490396,1.603361823322194,-0.7971588925134236,0.8084425726094258,0.2112219065382117,0,0,0,-1.5755257848069248,0,-1.3434922291421774,-0.8672398892888186,1,1,2.3046867161475717,0.9627189401536553,0.94090414
0,1.0270318985055653,2,1.4739392892638377,1,1.4214183309469082,-0.9462803352818486,-0.49172351453867946,-0.6179246932131008,0.49209955930786226,0.6044587731999238,1,1.0608553349521483,0.24535897258547656,0,1,1.5649276960662917,1.4795426231708935,1.1601205992395653,0.9208241552975497,-1.4344071522270319,-0.8124387736946878,-0.13228266591664967,-1.4273424753083235,0.8028404510267021,1,1,0,-0.5330900514298013,0,-0.4537622760678877,1.4505504607035697,0,2,-0.9444640201494753,-0.9462803352818486,-0.9146422
0,-0.9736795920896915,2,1.4739392892638377,2,-0.7152347953126552,-0.6281137893759313,0.8993316614068996,-0.06751671232257193,0.49209955930786226,1.1154465906096567,1,0.711889764244206,1.4031945128916814,0,1,-1.1068555342369368,-1.1117517968477573,0.4653075882781934,1.518438534073677,-0.8073506349834269,0.6974365994408633,0.2001554473817373,-0.7486220143332923,1.225425125661338,1,1,0,1.2043028375320715,1,-0.4537622760678877,0.8711028732054726,1,2,0.5143383512491988,-0.6281137893759313,-0.60873723
0,-0.9736795920896915,2,-0.30367593396893083,2,-1.4362831534275486,0.9627189401536553,1.5948592493796891,0.48289126856795694,0.49209955930786226,-1.701009284243107,0,-1.3819036600034549,1.335086539932493,1,0,-1.4457323439538783,1.3981900224102284,0.9603618585881707,1.518438534073677,-0.36472250516441157,0.7729303680976409,-0.9633779491626171,-0.9083209463274173,0.04218803668435758,2,1,0,1.551781415324446,0,0.4359676770064019,0.8711028732054726,0,2,1.707903927848114,0.9627189401536553,0.88454753
0,-0.9736795920896915,1,-0.896214341713187,1,-0.5807436746072665,0.9627189401536553,1.1601545068966956,-0.1775983085006777,0.49209955930786226,1.3040133661464053,1,-1.7308692307113986,-1.0486925136391052,0,0,0.18033522203320096,-0.7495186376713231,0.1613268959825936,0.9208241552975497,0.059462785912144704,0.47095529347053067,1.1974697872768982,-0.4691488833435737,-1.5636337269272589,1,1,0,-1.5755257848069248,0,1.3256976300806915,1.4505504607035697,0,0,0.9785027421487769,0.9627189401536553,0.9289373
0,1.0270318985055653,1,1.4739392892638377,3,1.6333233685559665,0.0082193024359033,-1.0133692055182717,-0.6179246932131008,0.49209955930786226,0.42095797073729674,1,-0.3350069478796252,0.17725099962628807,0,1,-0.19574363266264605,-1.6563860503612609,0.23080819707873043,-0.27440460225470503,0.4283195607613241,-0.4349699304108,-1.4620351191101975,-1.3075682763127296,-1.5636337269272589,1,1,0,-1.5755257848069248,1,0.4359676770064019,-0.2877923017907215,0,1,-1.1433916162492945,0.0082193024359033,0.041795604
0,-0.9736795920896915,2,-0.30367593396893083,2,-1.0215913791646438,0.3263858483418206,1.6818001978762878,-0.06751671232257193,-0.41639193479896025,1.0390066857801328,1,1.5843036910140647,0.7902227562589847,1,0,-0.17545160812869767,-1.6512479913658502,-0.6203377413489499,-0.8720189810308324,1.4057900141116495,1.1503992113815287,0.8650316739785112,0.16964684463292587,-1.5636337269272589,3,1,0,-0.8805686292221758,1,1.3256976300806915,0.2916552857073756,1,1,1.3100487356484756,0.3263858483418206,0.34721196
0,1.0270318985055653,1,-1.488752749457443,0,-1.361790300272094,0.0082193024359033,0.6385088159171035,1.5837072303490147,-0.41639193479896025,1.4093856060881347,0,0.18844140818228963,-1.6616642702718019,1,1,-1.5471924666236212,1.4726918778436797,1.4554161288981482,-1.4696333598069597,0.6865193031557496,1.3768805173518612,-0.6309398358642301,-1.3874177423097922,0.887357385953629,3,1,0,-1.2280472070145505,0,0.4359676770064019,0.8711028732054726,1,2,1.4426671330483551,0.0082193024359033,0.014336578
0,1.0270318985055653,1,-0.896214341713187,0,-1.542231853848093,-1.264446881187766,-1.187251102511469,-1.498577462637947,-0.41639193479896025,-1.3731845377577265,0,-1.7308692307113986,0.7221147832997962,1,0,-0.46765676141755663,0.1847517563274696,-1.1414474995699786,-0.8720189810308324,1.018490400520011,0.6974365994408633,0.2001554473817373,0.8084425726094258,0.12670497161128483,1,0,0,1.551781415324446,0,0.4359676770064019,0.8711028732054726,1,0,-2.0717203980484507,-1.264446881187766,-1.2143586
0,1.0270318985055653,1,0.8814008815195814,1,-0.5353430890304375,0.9627189401536553,1.5079183008830903,-1.498577462637947,0.49209955930786226,1.2070844146615451,0,0.36292419353626226,-1.2530164325166708,0,0,-0.17815721139989027,-1.1956734271061278,-1.1414474995699786,-0.27440460225470503,0.4283195607613241,0.6219428307840857,-0.2985017225658432,-0.9482456793259485,-0.9720151824387687,0,0,0,1.551781415324446,0,0.4359676770064019,0.2916552857073756,0,2,0.44802915254925907,0.9627189401536553,0.9740754
0,1.0270318985055653,0,0.2888624737753253,3,1.4279859514004107,1.2808854860595726,0.37768597042730745,-0.9481694817474181,1.4005910534146848,-1.2690506467896714,0,0.18844140818228963,-1.6616642702718019,1,0,-1.5512508715304105,-0.8351529542614966,-0.8808926204594643,0.3232097765214223,-0.9733361836655575,-1.114413848321798,-0.6309398358642301,-0.189675752353855,1.0563912558074835,2,1,0,1.551781415324446,0,-0.4537622760678877,0.2916552857073756,0,0,-0.01613523835031907,1.2808854860595726,1.3181375
0,-0.9736795920896915,0,-0.30367593396893083,0,-0.8435897729548004,-0.6281137893759313,0.4646269189239061,-1.1683326741036297,0.49209955930786226,-0.9587879402945791,0,0.8863725495981771,0.6540068103406077,0,1,0.9101717044375507,0.1838954131615674,0.26554884762679903,-0.8720189810308324,-0.8442363124683447,-1.114413848321798,-1.4620351191101975,-1.3075682763127296,0.29573884146513896,0,1,0,1.2043028375320715,0,1.3256976300806915,1.4505504607035697,0,1,-0.4802996292498972,-0.6281137893759313,-0.6154969
0,1.0270318985055653,1,-1.488752749457443,3,0.6716213598120024,0.0082193024359033,-1.3611329995046664,-1.2784142702817354,0.49209955930786226,-0.43237704930363174,1,0.8863725495981771,-0.027072919251277493,1,0,-0.4142210968114926,0.7636397364770429,0.9951025091362393,-0.27440460225470503,0.31766252830657027,1.5278680546654164,1.3636888439260917,0.369270509625582,0.5492896462459207,1,1,0,-0.18561147363742675,1,-0.4537622760678877,1.4505504607035697,1,2,-1.806483603248692,0.0082193024359033,0.0584843
0,-0.9736795920896915,2,0.8814008815195814,0,-1.140312574013657,0.0082193024359033,-0.49172351453867946,1.4736256341709089,0.49209955930786226,-1.4201292215779202,1,-1.3819036600034549,-0.16328886516965452,1,1,0.30749857577927836,-0.677585811735577,0.5955850278334509,-1.4696333598069597,1.4426756915965673,1.603361823322194,-1.295816062461004,-0.6687725483362299,-0.12684583316949694,2,1,0,-1.2280472070145505,0,-1.3434922291421774,1.4505504607035697,0,0,0.5143383512491988,0.0082193024359033,-0.009781972
0,1.0270318985055653,2,-0.30367593396893083,3,-1.526553569207348,0.0082193024359033,-1.448073948001265,-0.1775983085006777,-1.3248834289057827,-1.4029049131259066,0,-0.5094897332335964,0.3815749185038536,0,1,-1.152174389029422,1.1763971424416786,-0.5769119281638639,0.3232097765214223,1.110704594232306,-1.4163889229489082,0.03393639073254381,1.5270877665829876,-1.4791167920003316,2,0,0,1.2043028375320715,1,-1.3434922291421774,-0.8672398892888186,1,2,-1.2097008149492343,0.0082193024359033,0.062907204
0,1.0270318985055653,0,0.8814008815195814,1,0.594375451803655,-1.264446881187766,-1.6219558449944624,1.3635440379928032,0.49209955930786226,-1.531130320490896,0,1.7587864763680359,1.6075184317692468,1,0,-0.8613220373761594,1.5805911167472975,0.14395657070855927,1.518438534073677,1.2766901429144366,-0.28398239309724493,-1.6282541757593911,-1.187794077317136,1.563492865369047,3,0,0,0.5093456819473223,1,0.4359676770064019,-0.2877923017907215,0,1,-0.6792272253497164,-1.264446881187766,-1.2644285
0,1.0270318985055653,0,-0.30367593396893083,1,1.21977710948844,-0.9462803352818486,1.5079183008830903,-1.0582510779255239,-1.3248834289057827,-1.0791329450998235,0,0.711889764244206,-0.5719367029247856,1,1,-1.5458396649880244,1.6165575297151704,-0.9677442468296358,-0.27440460225470503,0.20700549585181646,1.074905442724751,0.03393639073254381,0.16964684463292587,0.04218803668435758,0,1,0,1.2043028375320715,1,0.4359676770064019,0.2916552857073756,1,1,0.3154107551493796,-0.9462803352818486,-0.9633407
0,-0.9736795920896915,0,0.2888624737753253,1,1.0731244357921177,1.59905203196549,0.4646269189239061,-0.28767990467878346,1.4005910534146848,-0.09306943051690897,1,0.18844140818228963,0.5177908644222307,0,1,1.5933365304138198,-0.027621348816161045,1.0732689728693934,1.518438534073677,1.5533327240513213,-1.2654013856353532,1.6961269572244786,-1.0680198783215422,-1.648150661854186,0,0,0,0.16186710415494782,0,-0.4537622760678877,0.2916552857073756,1,0,0.5143383512491988,1.59905203196549,1.57122
0,1.0270318985055653,0,0.2888624737753253,1,0.1817226945885238,1.2808854860595726,0.029922176440912683,-0.507843097034995,-0.41639193479896025,-1.190696929909924,0,-0.5094897332335964,1.4713024858508699,1,0,-1.2942185607670622,-1.1742648479585842,-0.9677442468296358,0.9208241552975497,0.5020909157311599,-1.2654013856353532,0.03393639073254381,0.528969441619707,-1.4791167920003316,2,0,0,-1.2280472070145505,1,0.4359676770064019,-0.8672398892888186,1,1,-0.01613523835031907,1.2808854860595726,1.2802393
0,-0.9736795920896915,1,0.8814008815195814,3,-1.4122884284683566,-1.5826134270936834,-0.49172351453867946,-0.7280062893912066,-1.3248834289057827,-1.5767240781579903,1,0.8863725495981771,0.44968289146304213,0,1,1.650154199108876,-0.41725748930145024,1.0298431596843078,0.3232097765214223,-1.0286646998929345,1.3013867486950839,1.0312507306277048,-1.1079446113200735,-0.29587970302335104,1,0,0,1.551781415324446,0,0.4359676770064019,-0.8672398892888186,0,1,-1.1433916162492945,-1.5826134270936834,-1.5578197
0,1.0270318985055653,2,-0.30367593396893083,0,-1.180516338987453,-0.309947243470014,0.20380407343411006,-1.6086590588160528,0.49209955930786226,1.2579692997616112,0,1.409820905660092,-1.1168004865982937,0,1,-1.1481159841226323,0.14364728436418597,0.7953437684848453,-0.8720189810308324,1.4795613690814853,0.923917905411196,-0.7971588925134236,0.009947912638801154,1.3944589955151925,1,1,0,0.16186710415494782,1,0.4359676770064019,0.8711028732054726,0,1,-0.8781548214495356,-0.309947243470014,-0.31874105
0,-0.9736795920896915,1,0.2888624737753253,3,0.3503081658923571,0.0082193024359033,1.2470954553932942,-0.28767990467878346,-0.41639193479896025,-1.4038055305613062,0,-0.8584553039415401,-0.9124765677207282,1,1,-1.5539564748016037,-0.4831959130758835,1.5422677552683195,-0.27440460225470503,-0.9917790224080165,-0.1329948557836898,1.3636888439260917,1.2476146355932691,1.1409081907344112,0,0,0,1.2043028375320715,1,-0.4537622760678877,-0.2877923017907215,1,1,0.7795751460489577,0.0082193024359033,0.008713931
0,1.0270318985055653,0,-0.30367593396893083,0,1.4325871041018472,0.3263858483418206,0.37768597042730745,0.5929728647460627,0.49209955930786226,0.026937842750060653,1,0.8863725495981771,-1.525448324353425,1,0,1.6975022563547553,-1.1203152285067741,-0.7419300182671897,-0.27440460225470503,0.6865193031557496,0.9994116740679736,1.6961269572244786,1.047990970600613,0.887357385953629,0,0,0,-0.5330900514298013,1,-0.4537622760678877,1.4505504607035697,0,1,0.7132659473490179,0.3263858483418206,0.3197482
0,-0.9736795920896915,0,0.2888624737753253,2,-1.6952383184947808,-0.6281137893759313,1.1601545068966956,1.5837072303490147,1.4005910534146848,0.5048279694088655,1,1.7587864763680359,-1.0486925136391052,1,0,1.0271890459166544,0.792755404117701,-0.7071893677191211,0.9208241552975497,0.8156191743529624,0.9994116740679736,0.2001554473817373,1.3274641015903315,-1.648150661854186,1,1,0,-0.18561147363742675,0,-0.4537622760678877,0.8711028732054726,0,0,1.707903927848114,-0.6281137893759313,-0.59767854
0,-0.9736795920896915,1,-1.488752749457443,3,0.40732427555032263,1.59905203196549,-0.4047825660420808,1.3635440379928032,-1.3248834289057827,-0.8856127736683782,1,-1.2074208746494839,0.44968289146304213,1,0,-0.4453355344302133,0.47762111906586313,-1.2022436380290988,-1.4696333598069597,-0.6966936025286731,0.6219428307840857,-0.7971588925134236,-0.10982628635679283,-0.6339474427310601,2,0,0,-0.5330900514298013,0,-0.4537622760678877,-1.4466874767869158,1,1,0.8458843447488974,1.59905203196549,1.5274725
0,1.0270318985055653,0,1.4739392892638377,3,-0.01603904874159631,-0.309947243470014,0.4646269189239061,-0.9481694817474181,-1.3248834289057827,-1.2764807406317165,1,-1.2074208746494839,0.7902227562589847,0,1,0.5746768988096014,0.9468971739800143,-0.41189383806053825,-1.4696333598069597,-1.6557212171365394,0.9994116740679736,0.8650316739785112,1.6069372325800504,-0.9720151824387687,1,0,0,-1.2280472070145505,1,-1.3434922291421774,-0.2877923017907215,1,1,-0.281372033150078,-0.309947243470014,-0.31172565
0,-0.9736795920896915,2,0.2888624737753253,2,-0.5812324277572947,0.6445523942477379,0.20380407343411006,0.5929728647460627,1.4005910534146848,-0.7168595817104162,0,-0.6839725185875682,-0.8443685947615397,0,1,0.7221322770896272,-0.3727276446745604,-1.0024848973777043,-1.4696333598069597,1.018490400520011,0.5464490621273083,1.6961269572244786,0.9681415046035505,1.3099420605882648,2,0,0,1.551781415324446,1,1.3256976300806915,1.4505504607035697,1,0,0.6469567486490783,0.6445523942477379,0.6516645
0,1.0270318985055653,2,-1.488752749457443,3,-0.26161459632680917,-1.264446881187766,-1.3611329995046664,1.5837072303490147,-1.3248834289057827,-0.23728079736023738,1,1.409820905660092,-0.16328886516965452,0,1,-0.5515304628245447,1.6054250685584484,-1.6191314446059217,-0.8720189810308324,0.9078333680652573,0.9994116740679736,-0.46472077921503663,1.087915703599144,0.5492896462459207,1,0,0,-0.5330900514298013,1,0.4359676770064019,0.2916552857073756,1,0,-0.34768123185001776,-1.264446881187766,-1.2928877
0,1.0270318985055653,0,0.2888624737753253,1,0.14058342553850228,0.9627189401536553,-1.3611329995046664,-0.8380878855693124,-1.3248834289057827,1.5382864765296733,1,-1.5563864453574268,-0.5719367029247856,0,0,0.13772197051190832,-0.9781622629670864,-0.524800952341761,-0.8720189810308324,1.4980042078239442,0.017992681529865315,1.1974697872768982,0.48904470862117566,-1.7326675967811132,2,1,0,0.8568242597396969,0,1.3256976300806915,1.4505504607035697,1,1,-1.3423192123491137,0.9627189401536553,0.91461515
0,1.0270318985055653,1,0.2888624737753253,0,-1.4165268346912565,-0.309947243470014,-1.3611329995046664,0.15264648003363962,-1.3248834289057827,1.425484142745899,0,1.0608553349521483,1.0626546480957388,0,0,-0.1849212195778737,-0.2254366201394608,-0.854837132548413,-1.4696333598069597,-1.6926068946214574,0.31996775615697554,1.6961269572244786,-0.22960048535238645,-1.3945998570734046,1,1,0,1.2043028375320715,0,0.4359676770064019,-1.4466874767869158,0,0,-1.010773218849415,-0.309947243470014,-0.31290314
0,-0.9736795920896915,1,-1.488752749457443,0,-0.623963962928892,0.9627189401536553,0.2907450219307088,1.2534624418146973,-1.3248834289057827,0.5485079150257364,0,1.235338120306121,-1.5935562973126134,1,0,0.26353252262239035,-0.1380896172174842,0.9516766959511537,-1.4696333598069597,0.9078333680652573,0.923917905411196,-0.7971588925134236,-0.42922415034504263,-1.4791167920003316,2,1,0,-0.8805686292221758,0,0.4359676770064019,-1.4466874767869158,1,2,1.1774303382485962,0.9627189401536553,0.9404645
0,1.0270318985055653,1,1.4739392892638377,3,-1.0260283413547426,-0.309947243470014,0.11686312493751137,1.6937888265271204,-1.3248834289057827,1.2112497703002674,1,-1.3819036600034549,-1.3892323784350478,0,0,1.6582710089224548,-0.47720151091457197,-0.41189383806053825,-0.8720189810308324,-1.5819498621667034,0.9994116740679736,0.3663745040309308,0.2494963106299884,1.3099420605882648,2,1,0,0.5093456819473223,1,-0.4537622760678877,0.2916552857073756,1,2,1.0448119408487166,-0.309947243470014,-0.26336637
0,-0.9736795920896915,1,-0.896214341713187,3,-1.7067392910563794,0.9627189401536553,0.9862726099034983,0.04256488385553385,0.49209955930786226,1.6043692808521042,0,-1.5563864453574268,0.6540068103406077,1,1,-1.5938641230517028,-1.502244280498948,-1.7146682336131103,0.3232097765214223,0.07790562465460367,-0.8124387736946878,0.2001554473817373,-0.189675752353855,1.3944589955151925,3,1,0,0.16186710415494782,0,0.4359676770064019,0.2916552857073756,1,2,0.9785027421487769,0.9627189401536553,0.95849305
0,-0.9736795920896915,0,-0.30367593396893083,2,-1.3397582246809834,0.0082193024359033,0.8123907129103008,-1.6086590588160528,-0.41639193479896025,-1.4942050056395206,1,-1.032938089295512,0.9945466751365503,0,0,-1.3922966793478133,1.2817273518475925,0.23949335971574778,-1.4696333598069597,1.03693323926247,-0.5104636990675776,1.3636888439260917,0.2494963106299884,-0.4649135728772055,3,0,0,-0.8805686292221758,0,-0.4537622760678877,-0.2877923017907215,0,0,-0.34768123185001776,0.0082193024359033,-0.024496289
0,1.0270318985055653,2,0.8814008815195814,0,-1.7074533288614986,0.3263858483418206,1.1601545068966956,1.1433808456365917,-1.3248834289057827,0.6512908798406924,1,-0.3350069478796252,-0.3676127840472201,0,1,-1.6527109942001534,-1.5082386826602603,0.6911218168406394,0.3232097765214223,-0.014308569057691175,1.6788555919789716,-0.7971588925134236,0.528969441619707,-0.04232889824256967,3,1,0,0.16186710415494782,0,1.3256976300806915,0.2916552857073756,1,1,1.6415947291481743,0.3263858483418206,0.3049542
0,1.0270318985055653,0,-0.30367593396893083,3,1.27811819838906,0.6445523942477379,1.6818001978762878,0.8131360571022743,0.49209955930786226,0.20953802777728836,1,-0.6839725185875682,1.5394104588100583,0,1,-0.9350497265161722,-0.9036604075336351,-0.7071893677191211,0.9208241552975497,0.29921968956411127,0.31996775615697554,0.5325935606801243,0.04987264563733224,0.3802557763920662,1,1,0,-0.18561147363742675,1,-0.4537622760678877,1.4505504607035697,0,2,1.9068315239479332,0.6445523942477379,0.59121233
0,1.0270318985055653,2,0.8814008815195814,0,-1.2292007347910332,-1.5826134270936834,0.029922176440912683,0.04256488385553385,0.49209955930786226,-1.4415188856686558,0,1.7587864763680359,-1.1168004865982937,1,1,-1.1034735301479455,1.0273934315747772,-1.1414474995699786,-0.27440460225470503,0.3361053670490292,-0.35947616175402247,-0.9633779491626171,-0.5090736163421051,-1.2255659872195501,0,0,0,0.5093456819473223,0,0.4359676770064019,0.2916552857073756,0,1,-0.281372033150078,-1.5826134270936834,-1.5651356
0,-0.9736795920896915,1,-1.488752749457443,3,1.2904095764354697,0.6445523942477379,-1.187251102511469,-0.6179246932131008,-0.41639193479896025,-0.2798349711828589,0,0.8863725495981771,-0.23139683812884304,0,1,0.32508499704203414,-1.1280223169998902,-0.29898672377931546,-0.8720189810308324,-1.6557212171365394,1.6788555919789716,-0.46472077921503663,-0.5090736163421051,0.8028404510267021,3,1,0,-0.8805686292221758,1,-0.4537622760678877,-1.4466874767869158,1,2,-1.1433916162492945,0.6445523942477379,0.64815414
0,-0.9736795920896915,2,-0.896214341713187,3,1.3010552309845191,1.59905203196549,0.029922176440912683,1.2534624418146973,0.49209955930786226,-0.49012914234861804,0,-0.3350069478796252,-1.1849084595574824,1,0,0.8120935858568,-0.5105988943847397,1.012472834410274,-0.27440460225470503,-1.5266213459393265,-0.4349699304108,1.3636888439260917,-1.1478693443186048,-0.04232889824256967,3,1,0,0.16186710415494782,1,1.3256976300806915,0.2916552857073756,0,1,1.1111211395486564,1.59905203196549,1.545382
0,1.0270318985055653,0,-0.896214341713187,0,-1.1770988853212407,-1.264446881187766,0.8993316614068996,-0.39776150085688927,1.4005910534146848,-1.5956370443013776,0,-1.032938089295512,1.4031945128916814,0,0,1.644742992566489,-0.15521648053551912,-0.2903015611422981,-0.27440460225470503,0.4283195607613241,0.923917905411196,1.6961269572244786,1.5670124995815193,1.563492865369047,0,1,0,-0.8805686292221758,0,0.4359676770064019,0.2916552857073756,0,2,0.18279235774950012,-1.264446881187766,-1.2474285
0,1.0270318985055653,1,0.8814008815195814,0,-0.00561486046365323,-1.264446881187766,-0.05701877205568601,-1.3884958664598412,1.4005910534146848,-0.5747871812761614,1,0.013958622828318525,1.6756264047284355,1,1,-0.04761185356482163,-0.7803469916437855,-0.92431843364455,-0.27440460225470503,-0.36472250516441157,-1.0389200796650204,1.3636888439260917,1.5270877665829876,1.1409081907344112,0,1,0,1.2043028375320715,1,0.4359676770064019,-0.2877923017907215,0,0,-1.1433916162492945,-1.264446881187766,-1.253857
0,1.0270318985055653,2,-0.896214341713187,0,-0.5000039452530151,0.0082193024359033,0.9862726099034983,-0.9481694817474181,-1.3248834289057827,0.3601662938478375,1,1.5843036910140647,-0.29950481108803156,0,1,-1.024334634465546,-1.0064215874418436,-0.029746682031783826,-1.4696333598069597,-1.6741640558789983,-0.20848862444046737,1.0312507306277048,1.2476146355932691,-1.4791167920003316,2,0,0,-0.5330900514298013,0,-0.4537622760678877,-1.4466874767869158,0,1,0.18279235774950012,0.0082193024359033,0.0058839684
0,1.0270318985055653,2,-0.896214341713187,1,-0.06246677961028124,-1.264446881187766,1.2470954553932942,-1.1683326741036297,0.49209955930786226,0.5583021296357048,1,-0.8584553039415401,0.7221147832997962,1,0,-0.9566945526857175,0.32005397653994355,-1.5930759566948702,-0.27440460225470503,-1.268421603544901,-1.3408951542921308,0.8650316739785112,-1.0280951453230112,0.7183235160997749,2,0,0,0.16186710415494782,1,0.4359676770064019,-0.8672398892888186,0,1,-0.01613523835031907,-1.264446881187766,-1.269989
0,-0.9736795920896915,1,0.2888624737753253,2,-0.09354078847691157,1.2808854860595726,-1.6219558449944624,1.5837072303490147,0.49209955930786226,-0.5821046979387814,1,-0.6839725185875682,-0.6400446758839742,0,0,-0.28164653652302807,1.4521396418620371,1.1601205992395653,0.3232097765214223,1.03693323926247,0.6219428307840857,-0.46472077921503663,-1.347493009311261,1.563492865369047,3,1,0,0.8568242597396969,0,-0.4537622760678877,1.4505504607035697,1,2,-0.01613523835031907,1.2808854860595726,1.2839229
0,1.0270318985055653,1,0.2888624737753253,1,-0.2027694807402228,1.59905203196549,-0.49172351453867946,0.15264648003363962,-1.3248834289057827,-0.16995964406413247,1,-0.8584553039415401,1.4031945128916814,0,0,1.3782410703539645,0.5915147601307937,0.12658624543452496,0.9208241552975497,1.110704594232306,-1.1899076169785756,0.8650316739785112,0.04987264563733224,1.563492865369047,2,1,0,-0.18561147363742675,1,-1.3434922291421774,-1.4466874767869158,1,2,0.05017396034962066,1.59905203196549,1.5510935
0,-0.9736795920896915,1,0.8814008815195814,2,0.9706199177256775,0.6445523942477379,-0.6656054115318768,1.1433808456365917,0.49209955930786226,0.38425781024477135,1,1.0608553349521483,1.0626546480957388,1,0,-0.29923295778578385,-1.6178506078956825,1.1080096234174621,0.9208241552975497,1.1844759492021417,0.7729303680976409,0.3663745040309308,-1.0280951453230112,-1.0565321173656959,2,1,0,-0.18561147363742675,1,0.4359676770064019,0.2916552857073756,0,1,0.3154107551493796,0.6445523942477379,0.65831023
0,1.0270318985055653,2,1.4739392892638377,0,-0.12133480550077518,-0.9462803352818486,-0.4047825660420808,-1.498577462637947,-1.3248834289057827,-1.0850995356093445,0,1.0608553349521483,1.1988705940141158,0,0,0.8898796799036023,-0.4497985296057158,0.3524004739969706,-0.8720189810308324,1.3689043366267315,0.47095529347053067,0.2001554473817373,-1.6269661403009796,1.4789759304421193,0,0,0,-1.2280472070145505,0,1.3256976300806915,-0.2877923017907215,1,1,-1.4086284110490535,-0.9462803352818486,-0.9295424
0,-0.9736795920896915,1,-1.488752749457443,2,0.7332386221714045,0.0082193024359033,-1.2741920510080678,-1.498577462637947,-1.3248834289057827,-1.5169455958833553,0,-0.8584553039415401,0.9264387021773618,1,1,-1.0784466998894087,-0.7152649110352544,-1.1414474995699786,-1.4696333598069597,1.110704594232306,-1.1899076169785756,-0.9633779491626171,-0.7486220143332923,0.2112219065382117,3,0,0,-0.18561147363742675,0,-1.3434922291421774,-1.4466874767869158,1,1,-1.8727928019486315,0.0082193024359033,0.034380462
0,1.0270318985055653,0,-1.488752749457443,2,-0.6415132557220885,-1.5826134270936834,0.11686312493751137,1.2534624418146973,-0.41639193479896025,-0.052879377462210886,1,0.8863725495981771,0.7221147832997962,1,0,-1.1914056364617225,-1.497106221503538,0.22212303444171347,0.3232097765214223,1.3689043366267315,-1.1899076169785756,-1.4620351191101975,0.7285931066123632,0.2112219065382117,1,1,0,1.2043028375320715,0,1.3256976300806915,-1.4466874767869158,0,0,0.5143383512491988,-1.5826134270936834,-1.5747783
0,-0.9736795920896915,0,1.4739392892638377,2,1.1438943645625927,-0.309947243470014,0.37768597042730745,0.2627280762117454,1.4005910534146848,0.9429783517306721,1,0.711889764244206,1.6756264047284355,1,1,-0.24512089236192117,0.004919691488105715,-0.20344993477212692,-0.8720189810308324,1.147590271717224,-1.4163889229489082,0.3663745040309308,0.2494963106299884,1.3944589955151925,2,0,0,-0.8805686292221758,0,1.3256976300806915,-1.4466874767869158,1,1,0.38171995384931934,-0.309947243470014,-0.3276435
0,-0.9736795920896915,1,1.4739392892638377,3,1.4433702204743422,-1.5826134270936834,1.6818001978762878,-1.498577462637947,0.49209955930786226,1.2235206828575842,1,-0.5094897332335964,-1.6616642702718019,0,1,0.8391496185687309,1.2611751158659512,0.5174185641002963,0.9208241552975497,0.059462785912144704,1.3013867486950839,-0.6309398358642301,0.48904470862117566,-1.3100829221464774,3,0,0,-0.18561147363742675,0,1.3256976300806915,0.8711028732054726,1,2,0.05017396034962066,-1.5826134270936834,-1.5639547
0,1.0270318985055653,1,-0.896214341713187,0,1.424969428052581,0.9627189401536553,-1.5350148964978638,-1.6086590588160528,-1.3248834289057827,0.1679970485694912,0,1.409820905660092,-0.16328886516965452,0,0,-1.4917275995641617,-1.6341211280478158,1.490156779446217,1.518438534073677,0.09634846339706264,-0.1329948557836898,-0.13228266591664967,-0.42922415034504263,1.1409081907344112,0,0,0,0.8568242597396969,0,1.3256976300806915,-0.2877923017907215,1,1,-1.9391020006485713,0.9627189401536553,0.95407134
0,-0.9736795920896915,0,-1.488752749457443,2,1.318696164993346,-1.264446881187766,-0.49172351453867946,0.8131360571022743,-1.3248834289057827,-1.1458912124988039,1,1.5843036910140647,0.3815749185038536,0,0,-0.32628899049771565,-1.583596881259613,-0.2729312358682638,0.9208241552975497,0.17011981836689852,0.31996775615697554,-0.2985017225658432,0.04987264563733224,0.46477271131899345,2,1,0,0.8568242597396969,1,1.3256976300806915,0.2916552857073756,0,0,-0.14875363575019854,-1.264446881187766,-1.2342975
0,-0.9736795920896915,0,-0.30367593396893083,1,-1.6518576580458022,-0.9462803352818486,-0.1439597205522847,0.15264648003363962,-1.3248834289057827,-0.3928624593254832,1,-1.032938089295512,1.335086539932493,0,0,-0.0604634691029889,-0.6005149268044216,0.8821953948550164,-1.4696333598069597,0.9262762068077163,-1.1899076169785756,0.6988126173293178,0.5688941746182382,0.887357385953629,3,0,0,1.551781415324446,0,1.3256976300806915,0.2916552857073756,1,1,-0.21506283445013827,-0.9462803352818486,-0.9500412
0,-0.9736795920896915,1,-1.488752749457443,1,0.35329796055229457,-0.309947243470014,0.2907450219307088,1.6937888265271204,-0.41639193479896025,0.8694654535661963,1,-1.032938089295512,0.6540068103406077,1,1,-1.119030748957306,0.9965650776023147,-0.759300343541224,0.9208241552975497,0.31766252830657027,-1.5673764602624634,1.1974697872768982,1.3673888345888632,-1.0565321173656959,0,0,0,-0.5330900514298013,0,-1.3434922291421774,-0.2877923017907215,0,1,1.1774303382485962,-0.309947243470014,-0.24726386
0,-0.9736795920896915,0,1.4739392892638377,0,-1.5064115936886118,-0.309947243470014,1.073213558400097,-0.8380878855693124,0.49209955930786226,1.2051706026113216,0,1.7587864763680359,0.8583307292181732,0,0,-1.029745841007932,-1.173408504792682,0.543474052011348,1.518438534073677,0.09634846339706264,1.3768805173518612,-0.13228266591664967,1.1278404365976753,0.7183235160997749,0,0,0,-0.5330900514298013,0,1.3256976300806915,1.4505504607035697,1,2,0.24910155644943985,-0.309947243470014,-0.24725622
0,-0.9736795920896915,0,1.4739392892638377,2,-0.38867514179817686,1.2808854860595726,-0.05701877205568601,-1.0582510779255239,1.4005910534146848,1.510367336032292,1,1.5843036910140647,0.5858988373814191,0,1,-1.4592603603098437,-1.5758897927664979,0.9343063706771197,0.3232097765214223,0.022577108427226763,1.6788555919789716,-0.13228266591664967,-0.7086972813347612,1.563492865369047,1,0,0,-0.8805686292221758,0,1.3256976300806915,0.8711028732054726,1,2,-0.4139904305499575,1.2808854860595726,1.2399454
0,-0.9736795920896915,0,-1.488752749457443,2,1.6173968889562227,-1.5826134270936834,0.37768597042730745,1.4736256341709089,1.4005910534146848,1.585231160349867,1,1.5843036910140647,-1.3211244054758593,0,1,0.7201030746362332,1.1036079733400317,0.5174185641002963,-0.8720189810308324,0.2254483345942754,-0.20848862444046737,-0.9633779491626171,0.2095715776314573,1.3944589955151925,0,1,0,-1.2280472070145505,1,1.3256976300806915,0.8711028732054726,1,0,0.8458843447488974,-1.5826134270936834,-1.5725037
0,-0.9736795920896915,2,-0.30367593396893083,1,0.711187454660371,0.0082193024359033,1.5948592493796891,-1.0582510779255239,-1.3248834289057827,0.8844382184297114,1,1.5843036910140647,0.04103505370791102,1,1,-0.6888398288375968,-0.9584663701513462,0.9516766959511537,0.9208241552975497,0.4283195607613241,0.7729303680976409,0.3663745040309308,1.6867866985771125,-0.6339474427310601,1,1,0,0.16186710415494782,0,-0.4537622760678877,-0.2877923017907215,0,0,0.5806475499491385,0.0082193024359033,0.028539365
0,1.0270318985055653,0,-0.896214341713187,3,0.9543688754872431,0.9627189401536553,0.7254497644137022,1.0332992494584858,-1.3248834289057827,0.05913491606558909,1,0.5374069788902334,0.17725099962628807,0,0,1.5040516224644456,1.6353970793650086,0.7258624673887081,-0.27440460225470503,0.8709476905803393,-0.35947616175402247,1.5299079005752851,-0.5889230823391675,1.0563912558074835,1,1,0,-0.18561147363742675,0,-0.4537622760678877,-0.8672398892888186,1,0,1.3763579343484154,0.9627189401536553,0.9334791
0,-0.9736795920896915,2,0.2888624737753253,1,-0.6298251823452446,-0.9462803352818486,-0.05701877205568601,1.1433808456365917,-0.41639193479896025,-0.7347593532389792,1,1.409820905660092,-0.23139683812884304,0,1,-1.6412121802975823,-1.0346809119166007,1.186176087150617,-1.4696333598069597,-1.6188355396516214,-1.5673764602624634,1.3636888439260917,-1.5071919413053858,0.7183235160997749,0,1,0,-0.8805686292221758,0,-0.4537622760678877,0.8711028732054726,0,2,0.44802915254925907,-0.9462803352818486,-0.94321513
0,1.0270318985055653,0,-0.30367593396893083,2,-1.6508686965937922,-1.264446881187766,-0.05701877205568601,0.5929728647460627,-0.41639193479896025,0.7719736161842117,0,-0.5094897332335964,0.5858988373814191,0,1,0.8391496185687309,-0.6561772325880336,0.0049939685162847915,-0.8720189810308324,-0.06963708528506808,-0.6614512363811327,1.6961269572244786,-0.7885467473318236,-0.21136276809642418,2,1,0,1.551781415324446,1,0.4359676770064019,-0.2877923017907215,0,0,0.05017396034962066,-1.264446881187766,-1.2451671
0,1.0270318985055653,0,-0.896214341713187,0,-0.5477146531405238,0.0082193024359033,1.4209773523864917,-0.06751671232257193,-1.3248834289057827,-0.4512900154470191,0,0.5374069788902334,0.17725099962628807,0,0,1.6751810293674119,0.8886658386986956,0.03973461906435341,-0.27440460225470503,-0.5122652151040833,-1.4918826916056858,0.8650316739785112,1.5670124995815193,-0.8029813125849142,3,0,0,0.16186710415494782,0,1.3256976300806915,-0.8672398892888186,0,0,1.0448119408487166,0.0082193024359033,0.017137025
0,1.0270318985055653,2,1.4739392892638377,0,-0.11949816280418521,-1.5826134270936834,-0.9264282570216729,0.15264648003363962,-0.41639193479896025,-0.5795154228120082,1,1.409820905660092,-1.1168004865982937,0,0,-0.8471176202023953,1.4744045641754828,-0.524800952341761,-0.8720189810308324,0.7787334968680445,-0.057501087126912244,-0.7971588925134236,0.1297221116343948,0.6338065811728476,2,1,0,0.5093456819473223,1,-0.4537622760678877,-0.2877923017907215,1,2,-0.9444640201494753,-1.5826134270936834,-1.5912521
0,-0.9736795920896915,1,1.4739392892638377,3,0.9051537243098042,-0.9462803352818486,0.2907450219307088,-0.507843097034995,0.49209955930786226,-1.2713021903781698,1,1.7587864763680359,-1.4573403513942365,0,0,-1.0622130802622503,-0.3787220468358719,1.003787671773257,0.3232097765214223,-0.12496560151244498,-0.5104636990675776,-0.9633779491626171,-1.3874177423097922,0.2112219065382117,1,1,0,0.8568242597396969,0,1.3256976300806915,0.2916552857073756,0,0,-0.281372033150078,-0.9462803352818486,-0.977161
0,1.0270318985055653,1,0.8814008815195814,2,0.7640224338552056,-1.5826134270936834,1.2470954553932942,0.5929728647460627,0.49209955930786226,-0.08800345744278737,0,-0.3350069478796252,-0.8443685947615397,0,0,-0.11254633207345663,1.6799269239918997,1.2556573882467543,0.9208241552975497,-0.05119424654260911,-0.1329948557836898,-1.4620351191101975,0.528969441619707,0.5492896462459207,1,1,0,1.2043028375320715,1,-1.3434922291421774,1.4505504607035697,0,1,0.9785027421487769,-1.5826134270936834,-1.5965153
0,1.0270318985055653,0,-0.896214341713187,0,-1.595563222960925,-0.6281137893759313,-1.6219558449944624,-0.7280062893912066,-0.41639193479896025,1.098334859337068,1,-1.7308692307113986,-1.3892323784350478,0,0,1.0285418475522508,-0.5208750123755597,-0.45531965124562424,0.3232097765214223,-0.5675937313314602,-0.35947616175402247,-1.295816062461004,-0.3493746843479801,0.6338065811728476,3,1,0,1.551781415324446,0,1.3256976300806915,-1.4466874767869158,0,0,-1.806483603248692,-0.6281137893759313,-0.62388283
0,1.0270318985055653,2,1.4739392892638377,3,0.49353574915449805,-0.9462803352818486,1.5079183008830903,-1.0582510779255239,1.4005910534146848,1.3580504122703692,0,0.18844140818228963,-1.7297722432309903,0,0,-0.5339440415617889,-1.4320241408950058,1.2209167376986856,1.518438534073677,1.645546917763616,1.3768805173518612,0.8650316739785112,1.1278404365976753,1.4789759304421193,2,1,0,0.16186710415494782,0,1.3256976300806915,0.2916552857073756,0,2,0.3154107551493796,-0.9462803352818486,-0.88532823
0,-0.9736795920896915,2,0.2888624737753253,2,0.2881754216950348,-0.9462803352818486,1.5948592493796891,-1.1683326741036297,-0.41639193479896025,0.30883110003007186,0,1.235338120306121,0.10914302666709955,0,1,1.1834376348280586,0.8038878652744244,1.4554161288981482,-0.27440460225470503,0.5758622707009958,0.6974365994408633,-0.2985017225658432,-1.2277188103156673,-0.29587970302335104,1,0,0,1.2043028375320715,0,0.4359676770064019,0.8711028732054726,1,2,0.3154107551493796,-0.9462803352818486,-0.9263584
0,-0.9736795920896915,1,1.4739392892638377,0,-0.8400081287772507,1.59905203196549,-0.2309006690488834,-0.9481694817474181,0.49209955930786226,-0.39646492906708075,0,-1.7308692307113986,0.5858988373814191,1,0,0.6768134222971429,-0.8265895226024796,0.8040289311218622,-1.4696333598069597,-1.0471075386353934,1.3768805173518612,0.03393639073254381,-1.2676435433141984,-1.2255659872195501,1,1,0,0.8568242597396969,0,-0.4537622760678877,-1.4466874767869158,1,2,-0.4139904305499575,1.59905203196549,1.5693663
0,-0.9736795920896915,1,-0.896214341713187,0,1.3978474466100062,-1.264446881187766,0.20380407343411006,0.48289126856795694,1.4005910534146848,1.3667188550860883,1,1.0608553349521483,0.5177908644222307,0,1,1.5081100273712356,-0.48233956990998134,-1.5062243303246987,-1.4696333598069597,1.3873471753691904,-1.7183639975760185,1.6961269572244786,-1.1478693443186048,-0.3803966379502783,2,0,0,-1.2280472070145505,0,-1.3434922291421774,-0.2877923017907215,0,1,0.18279235774950012,-1.264446881187766,-1.2258857
0,1.0270318985055653,1,1.4739392892638377,0,1.0744188679628952,0.3263858483418206,-1.2741920510080678,1.1433808456365917,-0.41639193479896025,1.435953820432417,0,0.36292419353626226,-0.09518089221046601,0,1,-1.154203591482817,-1.2761696847008905,1.1601205992395653,-0.8720189810308324,0.5758622707009958,1.6788555919789716,-0.2985017225658432,-0.7885467473318236,0.9718743208805566,2,0,0,-0.8805686292221758,0,1.3256976300806915,0.8711028732054726,1,1,-0.21506283445013827,0.3263858483418206,0.34589416
0,-0.9736795920896915,2,0.2888624737753253,2,-0.2705763435386525,0.3263858483418206,0.5515678674205048,-1.498577462637947,1.4005910534146848,-1.2601570496151022,1,1.409820905660092,0.9945466751365503,1,0,-0.5934673135280377,1.1558449064600373,1.1774909245135994,-0.27440460225470503,0.1885626571093575,-0.057501087126912244,0.5325935606801243,0.2894210436285195,-0.8029813125849142,2,0,0,0.8568242597396969,1,-0.4537622760678877,-0.2877923017907215,0,1,-0.4139904305499575,0.3263858483418206,0.29691875
0,1.0270318985055653,0,-0.30367593396893083,2,0.2738679369047591,-0.6281137893759313,1.334036403889893,1.0332992494584858,1.4005910534146848,-1.1066017768795051,1,0.18844140818228963,0.3134669455446651,1,1,1.7204998841598973,1.25089899787513,0.36108563663398796,0.3232097765214223,-1.5450641846817856,-0.1329948557836898,-0.46472077921503663,1.4871630335844563,-0.8029813125849142,0,1,0,-1.2280472070145505,1,-1.3434922291421774,1.4505504607035697,1,2,1.5089763317482947,-0.6281137893759313,-0.5724122
0,-0.9736795920896915,1,0.8814008815195814,1,-0.05770907316547646,-0.6281137893759313,-0.6656054115318768,-0.39776150085688927,0.49209955930786226,0.28946782516898484,0,-1.3819036600034549,-0.7081526488431626,0,1,0.9683421747682033,0.5084494730383256,0.4479372630041591,-0.27440460225470503,-0.5122652151040833,1.1503992113815287,-0.13228266591664967,-1.6668908732995107,-0.5494305078041328,0,0,0,1.551781415324446,0,-1.3434922291421774,0.8711028732054726,0,1,-0.8781548214495356,-0.6281137893759313,-0.5801212
0,1.0270318985055653,1,-0.30367593396893083,0,0.2532295714680256,0.3263858483418206,1.6818001978762878,0.3728096723898512,1.4005910534146848,-0.758963446815338,0,-0.5094897332335964,-0.5719367029247856,0,0,1.2328148945273336,-0.5773936613250751,0.8648250695809825,-0.8720189810308324,0.2807768508216523,0.017992681529865315,-0.2985017225658432,-0.14975101935532392,-1.3945998570734046,3,0,0,0.5093456819473223,0,-1.3434922291421774,-1.4466874767869158,1,2,1.5752855304482345,0.3263858483418206,0.29929453
0,-0.9736795920896915,2,-0.30367593396893083,2,-0.7498560829009738,0.3263858483418206,-0.31784161754548207,-0.9481694817474181,-0.41639193479896025,-1.5497055550960084,0,0.8863725495981771,-0.29950481108803156,0,1,0.15260278850347148,-1.22650178107859,0.5695295399223993,0.9208241552975497,1.4795613690814853,0.24447398750019797,0.3663745040309308,0.44911997562264455,0.2112219065382117,1,1,0,-0.8805686292221758,0,1.3256976300806915,1.4505504607035697,1,2,-0.7455364240496561,0.3263858483418206,0.29566702
0,1.0270318985055653,2,-0.30367593396893083,2,1.7156439088798399,-1.5826134270936834,-1.5350148964978638,-0.9481694817474181,0.49209955930786226,-1.575598306363741,0,0.5374069788902334,-1.6616642702718019,1,1,-0.8349424054820263,0.9246322516665687,1.099324460780445,0.3232097765214223,-0.5491508925890013,1.603361823322194,0.03393639073254381,0.6886683736138318,1.4789759304421193,2,0,0,-0.5330900514298013,1,0.4359676770064019,-1.4466874767869158,1,0,-2.0717203980484507,-1.5826134270936834,-1.4738141
0,1.0270318985055653,0,0.2888624737753253,1,1.701714444104039,-0.309947243470014,-1.0133692055182717,0.8131360571022743,-1.3248834289057827,0.17047374651683952,0,1.235338120306121,1.1307626210549273,1,1,0.9771353853995816,-1.2753133415349884,1.1514354366025485,0.9208241552975497,-0.08807992402752705,-0.8124387736946878,-0.13228266591664967,-0.5489983493406362,0.8028404510267021,3,0,0,-0.5330900514298013,0,1.3256976300806915,-1.4466874767869158,0,0,-0.34768123185001776,-0.309947243470014,-0.27902323
0,1.0270318985055653,2,-0.30367593396893083,0,1.5875294894287242,0.9627189401536553,1.7687411463728864,-0.39776150085688927,1.4005910534146848,-0.5144458131044017,0,0.8863725495981771,0.17725099962628807,1,0,0.5706184939028115,1.2663131748613605,1.186176087150617,0.3232097765214223,0.20700549585181646,-0.6614512363811327,-1.1295970058118106,-0.7885467473318236,1.3944589955151925,3,0,0,0.5093456819473223,0,-1.3434922291421774,-0.8672398892888186,0,1,1.3100487356484756,0.9627189401536553,0.9584293
0,-0.9736795920896915,2,-1.488752749457443,1,1.2300638359429377,-0.9462803352818486,-0.2309006690488834,-0.39776150085688927,0.49209955930786226,-0.7504075811790437,1,1.0608553349521483,1.4031945128916814,0,1,-1.3253329983857833,1.214932584907257,-1.3412062402213731,-1.4696333598069597,-1.7294925721063752,-1.4163889229489082,0.2001554473817373,0.2894210436285195,-0.718464377657987,1,0,0,-0.18561147363742675,0,0.4359676770064019,-0.2877923017907215,1,1,-0.6129180266497767,-0.9462803352818486,-0.91511214
0,-0.9736795920896915,1,-0.896214341713187,0,-0.9850570812000433,0.9627189401536553,0.7254497644137022,0.04256488385553385,1.4005910534146848,-0.9870448123302352,0,-1.3819036600034549,-1.2530164325166708,1,0,0.2459461013596346,-1.497106221503538,1.2035464124246509,1.518438534073677,0.5943051094434548,0.6974365994408633,-0.2985017225658432,1.167765169596207,1.1409081907344112,0,1,0,-0.18561147363742675,1,1.3256976300806915,1.4505504607035697,0,1,0.7795751460489577,0.9627189401536553,0.9430333
0,1.0270318985055653,0,-0.896214341713187,0,-0.38540278672337935,1.59905203196549,0.8993316614068996,-0.28767990467878346,-0.41639193479896025,-0.2758947699029865,0,-0.16052416252565335,-1.4573403513942365,1,1,-1.3686226507248738,-0.10811760641092394,-0.33372737432738403,0.9208241552975497,-0.3462796664219526,-0.1329948557836898,-1.6282541757593911,1.2875393685918002,-0.3803966379502783,0,0,0,1.2043028375320715,1,1.3256976300806915,0.8711028732054726,1,2,0.8458843447488974,1.59905203196549,1.5561494
0,-0.9736795920896915,1,-1.488752749457443,3,-0.6727399999481026,1.59905203196549,-0.7525463600284755,-1.498577462637947,1.4005910534146848,-1.7037111365493052,0,-0.8584553039415401,-1.3211244054758593,0,0,1.2280800888027452,1.4213112878895748,0.4218817750931078,1.518438534073677,0.7418478193831265,-1.7183639975760185,-1.295816062461004,-0.5489983493406362,1.0563912558074835,0,1,0,-0.8805686292221758,1,1.3256976300806915,-0.8672398892888186,1,0,-1.1433916162492945,1.59905203196549,1.5437276
0,1.0270318985055653,0,0.8814008815195814,0,-1.4319874714448797,-0.309947243470014,0.029922176440912683,-1.3884958664598412,0.49209955930786226,0.08029942579747491,0,0.5374069788902334,0.24535897258547656,0,0,1.308571786120741,1.2457609388797193,-1.1935584753920816,1.518438534073677,-1.0471075386353934,-0.4349699304108,0.2001554473817373,1.4472383005859253,-1.3945998570734046,2,1,0,-0.5330900514298013,0,-1.3434922291421774,-1.4466874767869158,1,1,-0.8781548214495356,-0.309947243470014,-0.31565613
0,-0.9736795920896915,1,0.8814008815195814,3,0.4517053526032649,-1.5826134270936834,-0.2309006690488834,0.04256488385553385,1.4005910534146848,-1.2637595193567,1,-0.8584553039415401,0.17725099962628807,0,0,0.31967379049964795,-0.8180260909434616,-1.0806513611108586,1.518438534073677,-1.6003927009091625,1.1503992113815287,0.8650316739785112,-0.9881704123244798,-1.648150661854186,0,1,0,-0.8805686292221758,0,-1.3434922291421774,-0.8672398892888186,1,1,-0.4802996292498972,-1.5826134270936834,-1.6196467
0,-0.9736795920896915,1,-0.896214341713187,2,0.3572652615122883,0.0082193024359033,1.7687411463728864,1.1433808456365917,-0.41639193479896025,-0.9332329205651213,0,-1.3819036600034549,1.2669785669733042,1,0,0.45089554915251523,1.018829999915759,-1.0980216863848928,-0.8720189810308324,-0.12496560151244498,-0.5104636990675776,-0.9633779491626171,1.6468619655785814,0.5492896462459207,1,1,0,-1.5755257848069248,0,0.4359676770064019,1.4505504607035697,0,0,2.0394499213478126,0.0082193024359033,0.048979696
0,1.0270318985055653,1,0.8814008815195814,2,0.46501242078957683,1.2808854860595726,0.6385088159171035,1.4736256341709089,0.49209955930786226,-0.484162551839097,1,0.36292419353626226,-0.6400446758839742,1,0,-1.1799068225591516,1.2312031050593897,1.3425090146169254,0.9208241552975497,-0.733579280013591,-0.8879325423514653,0.5325935606801243,1.167765169596207,1.4789759304421193,0,0,0,1.2043028375320715,0,1.3256976300806915,-0.8672398892888186,0,0,1.6415947291481743,1.2808854860595726,1.1857723
0,-0.9736795920896915,2,0.8814008815195814,0,1.6134983189079515,0.3263858483418206,-1.708896793491061,-0.507843097034995,0.49209955930786226,0.9917242704216644,1,1.409820905660092,-0.16328886516965452,1,0,-0.5447664546465613,1.6422478246922223,1.681230357460594,-0.8720189810308324,1.2766901429144366,-0.8124387736946878,-1.1295970058118106,-1.5870414073024484,-1.648150661854186,1,0,0,-1.5755257848069248,1,1.3256976300806915,-0.2877923017907215,1,1,-1.541246808448933,0.3263858483418206,0.3184256
0,1.0270318985055653,2,1.4739392892638377,1,-0.01962832968711517,1.2808854860595726,1.5948592493796891,-1.3884958664598412,-1.3248834289057827,1.4011674719901153,0,-1.032938089295512,0.9945466751365503,1,0,-1.386209071987629,-1.253048419221543,-1.0024848973777043,-1.4696333598069597,-1.0471075386353934,0.6219428307840857,0.5325935606801243,1.1278404365976753,-1.3100829221464774,3,1,0,-1.2280472070145505,1,-1.3434922291421774,-0.8672398892888186,1,2,0.6469567486490783,1.2808854860595726,1.2395524
0,-0.9736795920896915,0,-0.30367593396893083,1,0.3326481399636073,0.0082193024359033,-1.1003101540148703,-1.2784142702817354,0.49209955930786226,-0.24381027376688302,1,0.5374069788902334,0.3815749185038536,1,1,-1.263780523966139,0.4125390384573308,-0.342412536964401,1.518438534073677,1.3689043366267315,-0.7369450050379103,-1.6282541757593911,1.8464856305712376,1.3944589955151925,0,1,0,-0.18561147363742675,1,-1.3434922291421774,0.2916552857073756,0,0,-1.6075560071488726,0.0082193024359033,0.020815546
0,1.0270318985055653,1,1.4739392892638377,3,-0.7052649947288788,1.2808854860595726,0.9862726099034983,1.3635440379928032,1.4005910534146848,-0.9576621685003299,1,-1.032938089295512,1.1307626210549273,1,0,0.3602578395675447,-1.1194588853408731,-1.1501326622069958,0.9208241552975497,-0.75202211875605,0.6219428307840857,-0.9633779491626171,0.16964684463292587,-0.5494305078041328,3,0,0,0.5093456819473223,0,1.3256976300806915,0.2916552857073756,1,2,1.8405223252479934,1.2808854860595726,1.1947913
0,-0.9736795920896915,0,-1.488752749457443,2,-1.7056930538446005,0.9627189401536553,-1.0133692055182717,-0.39776150085688927,1.4005910534146848,-1.4952182002543448,1,-0.3350069478796252,0.7221147832997962,1,1,0.2398584939994498,1.1464251316351184,0.9516766959511537,0.3232097765214223,0.15167697962443955,0.8484241367544184,-0.7971588925134236,1.6867866985771125,-0.8029813125849142,0,1,0,0.5093456819473223,1,-1.3434922291421774,-0.8672398892888186,1,2,-0.8118456227495958,0.9627189401536553,0.9678343
0,-0.9736795920896915,0,-0.30367593396893083,3,1.3049117988089598,0.3263858483418206,1.073213558400097,0.3728096723898512,-0.41639193479896025,0.9486072107019183,1,0.8863725495981771,-1.1849084595574824,1,0,0.663285405941177,-1.52279651648059,-1.2977804270362872,0.3232097765214223,1.2951329816568955,1.6788555919789716,1.6961269572244786,0.528969441619707,-0.6339474427310601,2,1,0,-0.8805686292221758,1,-1.3434922291421774,0.8711028732054726,1,1,1.1111211395486564,0.3263858483418206,0.33279487
0,-0.9736795920896915,0,-1.488752749457443,3,0.3669066810733895,1.59905203196549,0.5515678674205048,0.15264648003363962,-1.3248834289057827,0.6487016047139192,0,0.18844140818228963,-0.5038287299655971,1,1,-1.6581222007425396,-0.040466496304686336,-1.3064655896733044,0.3232097765214223,-0.27250831145211674,-1.0389200796650204,-0.2985017225658432,0.9681415046035505,-0.5494305078041328,2,1,0,0.16186710415494782,0,-1.3434922291421774,0.2916552857073756,1,2,0.8458843447488974,1.59905203196549,1.5495824
0,-0.9736795920896915,1,1.4739392892638377,0,0.9957257924243865,-0.9462803352818486,-1.708896793491061,0.2627280762117454,0.49209955930786226,-0.5785022281971839,0,-0.6839725185875682,-0.09518089221046601,1,1,0.9561669600478346,-0.9970018126169246,0.7953437684848453,0.3232097765214223,1.5164470465664033,1.5278680546654164,-0.13228266591664967,1.207689902594738,0.3802557763920662,2,1,0,1.551781415324446,1,1.3256976300806915,0.2916552857073756,0,0,-1.3423192123491137,-0.9462803352818486,-0.92561334
0,-0.9736795920896915,2,-0.896214341713187,3,0.4586280827673348,-0.309947243470014,-0.2309006690488834,1.2534624418146973,-1.3248834289057827,0.8689025676690717,0,-1.2074208746494839,1.0626546480957388,1,1,1.3937982891633254,1.2740202633544764,-0.6463932292600012,0.9208241552975497,-0.5675937313314602,1.5278680546654164,-0.9633779491626171,-1.547116674303917,0.46477271131899345,2,0,0,-0.18561147363742675,1,-1.3434922291421774,0.8711028732054726,1,0,0.5143383512491988,-0.309947243470014,-0.34723872
0,-0.9736795920896915,1,0.8814008815195814,3,0.38286752612899466,0.0082193024359033,-0.4047825660420808,0.04256488385553385,-1.3248834289057827,1.2336526290058274,0,1.0608553349521483,-1.5935562973126134,0,0,0.5232704366569314,-0.5260130713709703,-0.20344993477212692,-1.4696333598069597,0.6496336256708317,-0.6614512363811327,-1.295816062461004,-0.6288478153376987,-1.648150661854186,0,1,0,-0.18561147363742675,1,-0.4537622760678877,0.8711028732054726,1,2,-0.281372033150078,0.0082193024359033,-0.07392312
0,-0.9736795920896915,1,1.4739392892638377,0,0.09354093484829763,-0.9462803352818486,-1.708896793491061,-0.8380878855693124,0.49209955930786226,-1.2543030362850063,0,0.013958622828318525,0.7902227562589847,1,0,-1.0155414238341682,-1.368654746618278,1.099324460780445,-1.4696333598069597,-0.49382237636162435,-1.0389200796650204,-0.6309398358642301,1.2875393685918002,1.1409081907344112,0,0,0,-0.5330900514298013,0,1.3256976300806915,-0.8672398892888186,1,1,-2.005411199348511,-0.9462803352818486,-0.85892725
0,-0.9736795920896915,2,0.2888624737753253,3,-0.1724553302865268,-1.264446881187766,0.4646269189239061,-1.0582510779255239,0.49209955930786226,-1.2051068088763142,1,0.013958622828318525,-0.09518089221046601,0,0,-1.6019809328652819,-0.5088862080529353,-1.7580940467981963,0.3232097765214223,-1.0286646998929345,1.603361823322194,-1.1295970058118106,0.2494963106299884,0.2112219065382117,1,1,0,1.551781415324446,1,-0.4537622760678877,1.4505504607035697,0,2,-0.5466088279498369,-1.264446881187766,-1.2472821
0,-0.9736795920896915,1,0.2888624737753253,2,-1.0165282020010715,-0.309947243470014,-0.8394873085250742,1.5837072303490147,1.4005910534146848,0.3078179054152475,1,-0.8584553039415401,-1.5935562973126134,1,1,-0.8931128758126787,1.00941022509084,1.568323243179371,0.9208241552975497,-1.5450641846817856,-0.28398239309724493,1.3636888439260917,0.009947912638801154,-0.6339474427310601,0,0,0,-0.18561147363742675,0,1.3256976300806915,1.4505504607035697,1,0,0.24910155644943985,-0.309947243470014,-0.27781567
0,1.0270318985055653,1,-1.488752749457443,2,1.1940526565842267,-1.5826134270936834,-0.9264282570216729,0.15264648003363962,1.4005910534146848,-0.6546044014884329,1,-1.5563864453574268,1.5394104588100583,1,1,-0.901229685626258,1.5189344088023726,1.6899155200976117,-1.4696333598069597,-0.3093939889370347,0.47095529347053067,-1.295816062461004,-1.4273424753083235,1.225425125661338,0,0,0,-1.2280472070145505,1,0.4359676770064019,-1.4466874767869158,0,1,-0.9444640201494753,-1.5826134270936834,-1.5919092
0,1.0270318985055653,0,-0.896214341713187,3,-0.4176681313932032,0.9627189401536553,-0.9264282570216729,0.48289126856795694,-1.3248834289057827,1.2022435959462734,0,0.18844140818228963,0.04103505370791102,1,1,-0.6590781928544713,-0.7752089326483749,0.26554884762679903,0.3232097765214223,0.8525048518378804,0.24447398750019797,1.3636888439260917,-0.4691488833435737,-1.141049052292623,3,0,0,-0.5330900514298013,1,-1.3434922291421774,-1.4466874767869158,0,1,-0.21506283445013827,0.9627189401536553,1.0092721
0,1.0270318985055653,0,-0.896214341713187,2,-0.2737417838618814,0.6445523942477379,0.5515678674205048,-1.6086590588160528,-1.3248834289057827,-1.5483546289429093,0,1.0608553349521483,0.7902227562589847,1,0,-1.2806905444110963,0.42452784277995514,-1.1414474995699786,-0.8720189810308324,-0.5491508925890013,-0.28398239309724493,1.3636888439260917,0.6886683736138318,-0.04232889824256967,1,1,0,-1.5755257848069248,1,-0.4537622760678877,0.2916552857073756,1,1,-0.4139904305499575,0.6445523942477379,0.6261605
0,1.0270318985055653,0,-1.488752749457443,3,0.4452637388212539,1.2808854860595726,-0.4047825660420808,1.5837072303490147,-0.41639193479896025,-1.0777820189467244,0,-0.8584553039415401,0.9945466751365503,0,0,-0.9431665363297516,-0.4883339720712941,-1.280410101762253,0.3232097765214223,0.5943051094434548,-0.8124387736946878,-1.6282541757593911,-1.1079446113200735,-0.21136276809642418,1,1,0,0.8568242597396969,0,-1.3434922291421774,-0.2877923017907215,1,0,0.9121935434488372,1.2808854860595726,1.2124598
0,1.0270318985055653,1,-0.30367593396893083,3,1.7067776212676113,0.9627189401536553,-0.05701877205568601,0.48289126856795694,-0.41639193479896025,-0.17344953662630513,0,1.235338120306121,-0.7081526488431626,0,1,1.276104546866424,-0.07643290927255936,1.1427502739655306,0.9208241552975497,-0.8811219899532627,-0.7369450050379103,0.03393639073254381,-1.5071919413053858,0.887357385953629,3,0,0,-0.5330900514298013,1,1.3256976300806915,1.4505504607035697,1,0,0.44802915254925907,0.9627189401536553,0.94201046
0,-0.9736795920896915,2,-0.896214341713187,2,0.6877273034590222,-1.5826134270936834,-1.0133692055182717,-0.7280062893912066,0.49209955930786226,0.2926199861928827,0,0.711889764244206,0.5858988373814191,1,1,1.268664137870643,1.4324437490462982,-1.1935584753920816,1.518438534073677,0.3361053670490292,1.3013867486950839,1.0312507306277048,-1.4273424753083235,0.6338065811728476,1,1,0,1.2043028375320715,1,1.3256976300806915,-0.8672398892888186,1,0,-1.541246808448933,-1.5826134270936834,-1.5777876
0,1.0270318985055653,1,0.2888624737753253,3,-1.6624078529952369,0.3263858483418206,-1.6219558449944624,-1.1683326741036297,-1.3248834289057827,1.4018429350666648,1,-0.3350069478796252,1.6075184317692468,0,1,1.2625765305104582,-1.7051976108176596,-0.13396863367598968,-1.4696333598069597,-0.8626791512108037,-1.0389200796650204,-0.13228266591664967,0.16964684463292587,-1.3100829221464774,1,1,0,1.2043028375320715,1,-0.4537622760678877,0.2916552857073756,1,2,-1.8727928019486315,0.3263858483418206,0.35407493
0,1.0270318985055653,1,0.8814008815195814,1,-1.68408481887578,0.3263858483418206,0.5515678674205048,1.0332992494584858,1.4005910534146848,-1.0348901135858282,0,-1.5563864453574268,1.2669785669733042,0,0,1.3910926858921318,-0.9875820377920055,0.43925210036714213,-0.27440460225470503,0.09634846339706264,0.5464490621273083,0.5325935606801243,0.44911997562264455,-0.718464377657987,1,0,0,-0.8805686292221758,1,1.3256976300806915,-0.8672398892888186,1,2,1.1111211395486564,0.3263858483418206,0.33613685
0,1.0270318985055653,1,0.8814008815195814,1,-1.690732625392959,1.59905203196549,0.029922176440912683,1.0332992494584858,1.4005910534146848,-1.3281536659877569,1,-1.3819036600034549,0.9264387021773618,0,1,1.4742899864813213,0.6985576558685106,-0.41189383806053825,0.3232097765214223,-0.4569366988767064,-0.1329948557836898,0.03393639073254381,0.16964684463292587,0.9718743208805566,2,1,0,-0.18561147363742675,0,1.3256976300806915,0.8711028732054726,0,0,0.9785027421487769,1.59905203196549,1.5870612
0,-0.9736795920896915,1,0.8814008815195814,3,1.036319032564611,0.3263858483418206,-0.5786644630352782,-1.0582510779255239,-1.3248834289057827,0.3544248576971663,0,0.18844140818228963,-1.0486925136391052,1,1,-1.149468785758229,-0.8479981017500231,0.7519179552997594,0.3232097765214223,0.2254483345942754,0.017992681529865315,1.0312507306277048,-0.7086972813347612,1.1409081907344112,3,0,0,1.551781415324446,0,-1.3434922291421774,-0.2877923017907215,1,2,-1.010773218849415,0.3263858483418206,0.31449342
0,-0.9736795920896915,1,-1.488752749457443,1,-0.662819838356126,-0.309947243470014,1.7687411463728864,-0.507843097034995,-1.3248834289057827,1.0651245914067153,0,-0.5094897332335964,-0.09518089221046601,1,1,1.4905236061084797,1.6079940980561536,-0.03843184466880079,1.518438534073677,0.483648076988701,-0.20848862444046737,-0.2985017225658432,-0.02997682035973029,0.5492896462459207,2,0,0,0.16186710415494782,1,0.4359676770064019,0.8711028732054726,0,2,0.9785027421487769,-0.309947243470014,-0.30720866
0,1.0270318985055653,0,-1.488752749457443,0,0.458757907822811,0.3263858483418206,1.4209773523864917,1.0332992494584858,-0.41639193479896025,1.398690774042767,0,-0.16052416252565335,0.5858988373814191,0,1,1.4966112134686644,-1.5108077121579655,0.1005307575234733,-1.4696333598069597,-0.16185127899736293,-0.5104636990675776,-1.4620351191101975,-1.1079446113200735,0.6338065811728476,1,1,0,1.551781415324446,0,-1.3434922291421774,0.8711028732054726,0,2,1.7742131265480536,0.3263858483418206,0.24753952
0,-0.9736795920896915,1,-1.488752749457443,0,-0.4163049683107029,1.2808854860595726,0.5515678674205048,0.8131360571022743,1.4005910534146848,1.337561365615033,1,1.235338120306121,-0.5038287299655971,1,0,0.33117260440221896,-0.13637693088568106,0.6129553531074853,-0.8720189810308324,-1.5266213459393265,-0.6614512363811327,-1.4620351191101975,-0.06990155335826138,1.225425125661338,3,0,0,0.8568242597396969,0,-0.4537622760678877,1.4505504607035697,0,1,1.1774303382485962,1.2808854860595726,1.2465336
0,1.0270318985055653,2,0.8814008815195814,3,-0.7897772874599097,-1.5826134270936834,1.4209773523864917,1.5837072303490147,-1.3248834289057827,-1.6736530296428505,0,1.7587864763680359,0.17725099962628807,0,0,-0.5008004014896732,-0.009638142332223926,-0.09054282049090372,-1.4696333598069597,1.5533327240513213,1.1503992113815287,1.5299079005752851,0.04987264563733224,-1.3945998570734046,0,0,0,1.551781415324446,1,-0.4537622760678877,1.4505504607035697,1,1,1.707903927848114,-1.5826134270936834,-1.531929
0,1.0270318985055653,0,1.4739392892638377,2,-1.3516868562488566,-0.309947243470014,0.4646269189239061,0.2627280762117454,0.49209955930786226,-0.13370979228930674,1,-0.6839725185875682,-0.4357207570064086,1,0,-1.4707591742124146,-1.1254532875021848,-1.1761881501180473,-0.8720189810308324,-1.5450641846817856,0.09348645018664287,-1.295816062461004,0.9681415046035505,-1.2255659872195501,2,1,0,0.5093456819473223,1,-0.4537622760678877,0.8711028732054726,1,2,0.44802915254925907,-0.309947243470014,-0.2925614
0,-0.9736795920896915,2,-0.896214341713187,2,0.8467439044974616,1.59905203196549,1.2470954553932942,-1.1683326741036297,1.4005910534146848,-1.0133878723156675,0,0.36292419353626226,-0.9124765677207282,1,0,-0.9654877633170953,1.4358691217099044,-0.4900603017936924,1.518438534073677,-0.36472250516441157,1.1503992113815287,0.6988126173293178,-1.2277188103156673,-1.141049052292623,1,1,0,0.8568242597396969,0,1.3256976300806915,-0.2877923017907215,1,2,0.5806475499491385,1.59905203196549,1.5707783
0,-0.9736795920896915,1,1.4739392892638377,0,-0.4552983055613823,0.6445523942477379,-1.2741920510080678,-1.2784142702817354,-1.3248834289057827,0.4367187758567862,1,1.235338120306121,-0.4357207570064086,0,0,1.3694478597225872,0.4476491082593029,1.6117490563644568,1.518438534073677,-1.5819498621667034,-1.5673764602624634,1.0312507306277048,0.32934577662705095,-0.04232889824256967,0,1,0,0.16186710415494782,1,0.4359676770064019,-0.8672398892888186,0,1,-1.6075560071488726,0.6445523942477379,0.6357668
0,1.0270318985055653,0,0.2888624737753253,0,-0.2797786489415254,-1.5826134270936834,0.5515678674205048,0.48289126856795694,-1.3248834289057827,1.4427084511979125,1,-0.6839725185875682,1.335086539932493,0,1,0.953461356776641,-1.6880707474996248,-1.5843907940578532,0.3232097765214223,1.0000475617775522,0.923917905411196,0.3663745040309308,-0.5889230823391675,-1.7326675967811132,0,1,0,1.551781415324446,1,-1.3434922291421774,0.2916552857073756,0,2,0.38171995384931934,-1.5826134270936834,-1.5583761
0,1.0270318985055653,2,-1.488752749457443,0,1.3995046252593202,-1.5826134270936834,-1.5350148964978638,0.7030544609241685,0.49209955930786226,-0.9730852420815446,0,0.711889764244206,-1.525448324353425,1,1,1.4039443014303001,-0.14494036254469791,-0.342412536964401,-1.4696333598069597,1.073818916747388,-1.7183639975760185,-1.6282541757593911,-1.5870414073024484,-0.6339474427310601,0,1,0,-1.2280472070145505,0,-1.3434922291421774,0.8711028732054726,0,2,-1.0770824175493547,-1.5826134270936834,-1.5408988
0,1.0270318985055653,2,1.4739392892638377,0,-0.7063875996203497,-0.9462803352818486,-1.5350148964978638,0.7030544609241685,-1.3248834289057827,1.3124566546032748,1,0.36292419353626226,-1.0486925136391052,0,1,1.0041914181115124,-1.5844532244255147,-1.2630397764882186,-0.27440460225470503,-1.5819498621667034,-1.7183639975760185,0.2001554473817373,-0.06990155335826138,-0.8874982475118415,0,0,0,-1.2280472070145505,0,0.4359676770064019,-1.4466874767869158,0,0,-0.9444640201494753,-0.9462803352818486,-0.9198492
0,-0.9736795920896915,2,0.8814008815195814,1,-0.177209218347347,-0.6281137893759313,-0.31784161754548207,-0.7280062893912066,-0.41639193479896025,-1.1742606617138849,1,-0.8584553039415401,-0.027072919251277493,1,1,0.7897723588694557,0.5247199931904583,-1.158817824844013,-1.4696333598069597,1.645546917763616,-0.7369450050379103,0.2001554473817373,-0.8284714803303549,0.29573884146513896,1,1,0,1.2043028375320715,1,1.3256976300806915,0.8711028732054726,1,1,-0.8118456227495958,-0.6281137893759313,-0.65259933
0,1.0270318985055653,1,0.8814008815195814,1,-0.2146599284682502,0.0082193024359033,-0.49172351453867946,-1.498577462637947,1.4005910534146848,-1.1609765545417436,1,-1.032938089295512,-0.3676127840472201,0,1,0.9690185755860019,-0.06786947761354249,1.3425090146169254,-1.4696333598069597,0.7234049806406676,-0.5104636990675776,1.0312507306277048,0.2095715776314573,-0.4649135728772055,3,1,0,0.8568242597396969,1,0.4359676770064019,0.2916552857073756,1,0,-1.2760100136491739,0.0082193024359033,0.02292983
0,1.0270318985055653,1,-0.896214341713187,2,-1.405033498897627,-1.5826134270936834,0.8123907129103008,-0.6179246932131008,-0.41639193479896025,-1.299446485234401,1,-0.5094897332335964,-0.23139683812884304,0,1,-1.491051198746363,1.465841132516466,-0.20344993477212692,1.518438534073677,1.645546917763616,0.31996775615697554,0.6988126173293178,1.087915703599144,-1.4791167920003316,1,1,0,1.551781415324446,0,-1.3434922291421774,0.2916552857073756,0,0,-0.0824444370502588,-1.5826134270936834,-1.5828027
0,1.0270318985055653,2,0.2888624737753253,1,-1.454783223832909,0.6445523942477379,-0.8394873085250742,0.5929728647460627,0.49209955930786226,-1.5391233002300655,1,1.409820905660092,0.44968289146304213,0,1,0.017322624943814337,1.1823915446029913,0.4218817750931078,0.9208241552975497,-0.4569366988767064,-0.1329948557836898,0.5325935606801243,-0.7086972813347612,-0.6339474427310601,1,1,0,-1.5755257848069248,0,1.3256976300806915,1.4505504607035697,0,1,-0.14875363575019854,0.6445523942477379,0.6263943
0,1.0270318985055653,0,1.4739392892638377,0,-0.20357897814495685,1.59905203196549,-1.708896793491061,-0.28767990467878346,1.4005910534146848,0.39484006511071423,1,-0.8584553039415401,0.9945466751365503,0,0,0.5252996391103263,0.3440315851851923,1.2990832014318399,0.3232097765214223,0.059462785912144704,0.47095529347053067,-1.6282541757593911,-0.5090736163421051,1.1409081907344112,0,1,0,-0.8805686292221758,0,-0.4537622760678877,0.2916552857073756,0,1,-1.1433916162492945,1.59905203196549,1.5809803
0,-0.9736795920896915,2,1.4739392892638377,1,0.4446566157677034,-1.5826134270936834,0.029922176440912683,-0.1775983085006777,-0.41639193479896025,1.4798589204081376,0,1.409820905660092,-0.6400446758839742,1,1,-0.7368642869012746,1.1635519949531534,0.9256212080401021,-1.4696333598069597,0.20700549585181646,0.47095529347053067,-0.46472077921503663,-0.9881704123244798,-0.04232889824256967,3,0,0,-1.5755257848069248,0,-1.3434922291421774,0.2916552857073756,0,1,-0.4139904305499575,-1.5826134270936834,-1.6023731
0,1.0270318985055653,0,-1.488752749457443,2,1.716472498204497,0.0082193024359033,-0.31784161754548207,-1.2784142702817354,-1.3248834289057827,0.7751257772081096,1,-0.6839725185875682,-0.16328886516965452,1,1,1.341039025375059,0.6651602723983429,-1.454113354502596,-1.4696333598069597,1.627104079021157,-1.5673764602624634,0.3663745040309308,1.5270877665829876,-1.141049052292623,1,0,0,1.2043028375320715,0,-0.4537622760678877,0.8711028732054726,0,2,-1.010773218849415,0.0082193024359033,0.007076318
0,1.0270318985055653,2,-0.896214341713187,0,-0.17416596631162515,0.6445523942477379,0.9862726099034983,-0.06751671232257193,-0.41639193479896025,-0.1554371879183172,0,1.0608553349521483,-0.23139683812884304,0,0,1.6670642195538332,1.060790815044945,-1.16750298748103,0.9208241552975497,0.4283195607613241,-0.7369450050379103,-1.295816062461004,-1.7068156062980422,1.1409081907344112,0,1,0,-1.2280472070145505,1,0.4359676770064019,1.4505504607035697,0,1,0.8458843447488974,0.6445523942477379,0.62862825
0,-0.9736795920896915,1,-1.488752749457443,2,0.2279556878739944,1.2808854860595726,0.8993316614068996,1.4736256341709089,-1.3248834289057827,1.1842312472382857,0,0.711889764244206,-0.23139683812884304,1,1,-0.8613220373761594,0.10511184189860887,-1.7667792094352133,1.518438534073677,-0.75202211875605,0.9994116740679736,0.03393639073254381,0.6886683736138318,0.29573884146513896,3,0,0,0.8568242597396969,0,0.4359676770064019,-0.2877923017907215,0,0,1.8405223252479934,1.2808854860595726,1.1963125
0,-0.9736795920896915,1,0.8814008815195814,1,-1.1265091159093479,0.6445523942477379,0.9862726099034983,-0.507843097034995,-0.41639193479896025,0.6627737521420348,0,-0.8584553039415401,-0.5719367029247856,1,0,-0.5116228145744456,-1.170839475294977,1.1427502739655306,-0.27440460225470503,0.6127479481859137,0.31996775615697554,1.1974697872768982,-0.22960048535238645,-0.3803966379502783,1,0,0,-1.5755257848069248,0,0.4359676770064019,-0.2877923017907215,0,2,0.5806475499491385,0.6445523942477379,0.6367667
0,-0.9736795920896915,1,0.8814008815195814,2,-1.0994100447706805,-1.5826134270936834,-0.05701877205568601,-0.8380878855693124,-0.41639193479896025,0.46936615789001435,1,0.5374069788902334,-0.9124765677207282,1,1,-1.043273857363898,-0.9833003219624971,1.2556573882467543,-0.27440460225470503,0.4098767220188651,-0.5104636990675776,1.3636888439260917,-1.7068156062980422,0.04218803668435758,0,1,0,-0.8805686292221758,0,0.4359676770064019,-0.2877923017907215,1,0,-0.8781548214495356,-1.5826134270936834,-1.5583189
0,-0.9736795920896915,0,1.4739392892638377,2,-0.06759105091760712,-0.6281137893759313,-0.7525463600284755,-0.28767990467878346,-1.3248834289057827,-1.175273856328709,0,-0.3350069478796252,0.9945466751365503,1,0,0.6335237699580526,0.9563169488049333,0.4305669377301248,0.9208241552975497,0.8709476905803393,-1.4163889229489082,-0.9633779491626171,1.4871630335844563,-1.0565321173656959,1,1,0,-1.2280472070145505,0,-0.4537622760678877,1.4505504607035697,0,0,-0.8781548214495356,-0.6281137893759313,-0.6001874
0,1.0270318985055653,2,0.8814008815195814,1,-0.7502570132193562,1.2808854860595726,1.1601545068966956,-0.6179246932131008,0.49209955930786226,-0.5781644966589091,0,-0.8584553039415401,-0.027072919251277493,1,1,-0.9377553297873654,-1.1194588853408731,0.6476960036555535,0.3232097765214223,0.07790562465460367,-1.2654013856353532,1.3636888439260917,0.369270509625582,0.04218803668435758,2,0,0,-1.5755257848069248,1,-0.4537622760678877,-0.2877923017907215,1,0,0.7795751460489577,1.2808854860595726,1.262223
0,-0.9736795920896915,1,-0.30367593396893083,2,-0.9318135349188571,0.6445523942477379,1.1601545068966956,1.2534624418146973,-0.41639193479896025,1.4366292835089665,0,0.36292419353626226,-0.16328886516965452,0,1,-1.6209201557636341,-1.0175540485985657,-1.16750298748103,-0.27440460225470503,-1.28686444228736,-1.4918826916056858,1.0312507306277048,-1.187794077317136,0.3802557763920662,3,1,0,0.16186710415494782,1,0.4359676770064019,0.2916552857073756,1,2,1.7742131265480536,0.6445523942477379,0.55175084
0,1.0270318985055653,0,0.8814008815195814,0,1.6365499030229487,0.6445523942477379,0.37768597042730745,-0.8380878855693124,-0.41639193479896025,-0.5580131815418475,1,0.013958622828318525,-0.09518089221046601,1,0,0.607820538881717,1.3014232446633327,-0.8287816446373613,-0.27440460225470503,1.5348898853088622,-1.3408951542921308,-0.46472077921503663,1.167765169596207,0.12670497161128483,1,1,0,-0.18561147363742675,0,0.4359676770064019,-0.2877923017907215,1,0,-0.0824444370502588,0.6445523942477379,0.6818281
0,-0.9736795920896915,0,-0.30367593396893083,0,-0.456478186212622,0.6445523942477379,1.7687411463728864,1.2534624418146973,0.49209955930786226,-0.2987479373262462,0,1.409820905660092,0.5177908644222307,1,0,1.560869291159502,0.8150203264311465,0.5087334014632794,1.518438534073677,-0.9733361836655575,-1.0389200796650204,-1.295816062461004,-0.7486220143332923,-1.5636337269272589,3,0,0,0.8568242597396969,1,-0.4537622760678877,0.8711028732054726,1,2,2.2383775174476317,0.6445523942477379,0.6284906
0,-0.9736795920896915,1,0.8814008815195814,1,-1.327650129065834,-0.6281137893759313,-1.2741920510080678,1.1433808456365917,0.49209955930786226,-0.5406762959104092,0,0.18844140818228963,1.6756264047284355,0,0,1.039364260637024,-1.5467741251258387,-0.4466344886086069,-0.27440460225470503,-0.5675937313314602,-1.3408951542921308,-0.2985017225658432,1.3673888345888632,-1.3100829221464774,1,1,0,-1.2280472070145505,1,-0.4537622760678877,-0.8672398892888186,1,2,-0.4139904305499575,-0.6281137893759313,-0.6647096
0,1.0270318985055653,2,-0.30367593396893083,0,0.7249756392287419,-0.309947243470014,-1.448073948001265,0.5929728647460627,0.49209955930786226,-1.2528395329524822,1,-1.5563864453574268,-0.29950481108803156,1,0,-0.22279966537457785,0.0014943188244982396,-0.3163570490533497,-0.8720189810308324,0.7418478193831265,-1.0389200796650204,1.0312507306277048,-0.10982628635679283,-1.4791167920003316,3,1,0,-0.18561147363742675,0,0.4359676770064019,-1.4466874767869158,0,1,-0.8118456227495958,-0.309947243470014,-0.3322387
0,1.0270318985055653,0,0.8814008815195814,2,-0.6401386374876344,0.3263858483418206,-1.2741920510080678,0.48289126856795694,-1.3248834289057827,0.2999375028555028,0,-0.3350069478796252,0.04103505370791102,1,0,1.1989948536374193,0.42452784277995514,-1.054595873199807,1.518438534073677,1.5533327240513213,-1.114413848321798,1.1974697872768982,0.888292038606488,0.04218803668435758,2,1,0,0.5093456819473223,1,1.3256976300806915,0.8711028732054726,0,2,-0.6129180266497767,0.3263858483418206,0.3465322
0,-0.9736795920896915,1,-1.488752749457443,3,0.11808168871728669,0.0082193024359033,1.5948592493796891,-0.6179246932131008,-1.3248834289057827,-1.0372542343537516,1,-0.3350069478796252,-0.29950481108803156,1,1,0.14448597868989174,-0.6202108196201619,-1.7580940467981963,1.518438534073677,-0.8626791512108037,-0.9634263110082429,1.3636888439260917,-0.9881704123244798,-1.5636337269272589,1,1,0,-0.5330900514298013,1,-1.3434922291421774,-0.8672398892888186,1,1,0.8458843447488974,0.0082193024359033,0.0030843546
0,-0.9736795920896915,0,0.8814008815195814,1,1.43599692100009,-0.309947243470014,-1.6219558449944624,1.3635440379928032,-0.41639193479896025,0.8059719243705389,0,-1.2074208746494839,0.04103505370791102,0,0,-1.0710062908936275,1.3699306979354713,-0.33372737432738403,-1.4696333598069597,-1.28686444228736,-1.4163889229489082,-1.1295970058118106,-0.5489983493406362,-1.3945998570734046,1,0,0,-1.2280472070145505,0,0.4359676770064019,0.8711028732054726,0,0,-0.4802996292498972,-0.309947243470014,-0.3702669
0,-0.9736795920896915,1,-1.488752749457443,3,0.37636481820323014,1.2808854860595726,0.7254497644137022,-1.2784142702817354,-0.41639193479896025,1.2934311112804624,0,-1.032938089295512,0.5177908644222307,0,0,-0.9614293584103055,-1.6306957553842083,-1.2109288006661159,-0.27440460225470503,1.4242328528541084,0.6974365994408633,-0.2985017225658432,-1.7467403392965732,-0.04232889824256967,2,1,0,0.8568242597396969,1,1.3256976300806915,-0.8672398892888186,1,2,0.05017396034962066,1.2808854860595726,1.2899404
0,-0.9736795920896915,1,0.2888624737753253,2,0.024504552406828452,1.2808854860595726,0.37768597042730745,-0.28767990467878346,-0.41639193479896025,-0.3220514134672056,1,1.0608553349521483,1.6756264047284355,1,1,-0.6455501764985064,0.9015109861872223,1.66386003218656,1.518438534073677,0.5943051094434548,0.923917905411196,-1.6282541757593911,1.2476146355932691,-0.5494305078041328,0,0,0,-0.18561147363742675,0,-1.3434922291421774,0.8711028732054726,1,0,0.38171995384931934,1.2808854860595726,1.2845476
0,-0.9736795920896915,1,-0.30367593396893083,1,1.0277009399113812,0.6445523942477379,0.37768597042730745,-0.28767990467878346,-0.41639193479896025,1.5219627855130593,0,-1.2074208746494839,1.6075184317692468,1,0,-1.3402138163773456,-1.4414439157199255,0.43925210036714213,1.518438534073677,-0.8995648286957216,-1.1899076169785756,0.2001554473817373,-0.3892994173465112,-0.8029813125849142,0,1,0,-0.18561147363742675,1,0.4359676770064019,-1.4466874767869158,1,0,0.24910155644943985,0.6445523942477379,0.7019536
0,-0.9736795920896915,2,-1.488752749457443,1,0.9801887879910713,0.0082193024359033,-0.05701877205568601,-0.8380878855693124,-1.3248834289057827,-1.4417440400275057,0,1.0608553349521483,0.10914302666709955,1,0,-1.033804245914722,1.0924755121833083,0.3697707992710049,-0.8720189810308324,-1.268421603544901,-1.5673764602624634,0.3663745040309308,1.1278404365976753,1.6480098002959738,1,0,0,-0.5330900514298013,0,-0.4537622760678877,0.2916552857073756,0,0,-0.5466088279498369,0.0082193024359033,0.027542474
0,1.0270318985055653,0,0.8814008815195814,2,0.9444945345030816,0.9627189401536553,1.7687411463728864,1.5837072303490147,-0.41639193479896025,0.6408212021541745,0,-0.8584553039415401,1.1988705940141158,0,1,1.23010929125614,-0.05416798695911381,-1.1935584753920816,-1.4696333598069597,0.8525048518378804,0.47095529347053067,-0.6309398358642301,0.1297221116343948,-0.5494305078041328,1,0,0,-1.2280472070145505,1,1.3256976300806915,0.8711028732054726,1,0,2.503614312247391,0.9627189401536553,0.95042676
0,-0.9736795920896915,1,1.4739392892638377,2,0.37463127187422424,-0.6281137893759313,0.11686312493751137,-0.6179246932131008,-1.3248834289057827,-0.057044733100933095,1,0.36292419353626226,-0.09518089221046601,0,0,0.7343074918099968,0.23185063045206478,0.1960675465306618,1.518438534073677,-0.3093939889370347,0.6974365994408633,-0.46472077921503663,-0.189675752353855,0.8028404510267021,3,1,0,-1.5755257848069248,0,1.3256976300806915,-0.2877923017907215,1,2,-0.4139904305499575,-0.6281137893759313,-0.63852686
0,-0.9736795920896915,0,0.8814008815195814,2,-0.7879100976914429,-0.9462803352818486,-0.2309006690488834,0.48289126856795694,1.4005910534146848,1.425371565566474,1,-0.5094897332335964,-1.1849084595574824,0,1,0.7870667555982631,-1.6187069510615846,1.5422677552683195,-0.27440460225470503,1.147590271717224,-0.6614512363811327,0.6988126173293178,1.7666361645741755,0.887357385953629,1,0,0,0.5093456819473223,0,-0.4537622760678877,-0.8672398892888186,0,0,-0.0824444370502588,-0.9462803352818486,-0.8991598
0,-0.9736795920896915,0,0.8814008815195814,1,0.12082710680221016,1.59905203196549,0.8993316614068996,0.48289126856795694,1.4005910534146848,-0.9742110138757938,0,-1.032938089295512,-1.1168004865982937,1,1,-1.3442722212841354,-0.4549365886011264,-1.0632810358368243,1.518438534073677,1.1660331104596828,-0.4349699304108,0.6988126173293178,-0.06990155335826138,0.9718743208805566,1,1,0,1.551781415324446,0,-1.3434922291421774,-0.8672398892888186,1,2,1.3100487356484756,1.59905203196549,1.5827076
0,-0.9736795920896915,0,-0.30367593396893083,1,1.3503276579217272,-0.309947243470014,-0.31784161754548207,-1.2784142702817354,0.49209955930786226,-0.1480070940762722,0,0.8863725495981771,-1.4573403513942365,1,0,1.5054044241000428,-1.5202274869828847,-1.5062243303246987,-0.8720189810308324,0.8156191743529624,0.6219428307840857,0.5325935606801243,-1.0680198783215422,-0.5494305078041328,1,1,0,0.16186710415494782,1,1.3256976300806915,1.4505504607035697,1,1,-1.0770824175493547,-0.309947243470014,-0.3073734
0,-0.9736795920896915,1,0.8814008815195814,3,0.055051624283584726,-0.6281137893759313,0.20380407343411006,1.3635440379928032,0.49209955930786226,-0.3685457885696995,0,-0.3350069478796252,1.6075184317692468,1,1,0.47659878022884977,-0.09013439992698682,1.5075271047202508,-0.8720189810308324,-0.6966936025286731,-1.2654013856353532,1.6961269572244786,1.6867866985771125,1.3944589955151925,1,0,0,-0.8805686292221758,1,-0.4537622760678877,0.2916552857073756,1,2,0.8458843447488974,-0.6281137893759313,-0.6338871
0,1.0270318985055653,0,1.4739392892638377,0,-1.1096165851615016,0.3263858483418206,0.029922176440912683,-0.507843097034995,1.4005910534146848,0.8773458561259411,1,0.8863725495981771,-0.09518089221046601,1,0,-1.2779849411399031,-0.8702630240634674,1.2643425508837713,0.9208241552975497,-1.6557212171365394,-0.6614512363811327,-0.9633779491626171,-1.347493009311261,-0.8029813125849142,0,0,0,-1.2280472070145505,0,1.3256976300806915,1.4505504607035697,0,1,-0.21506283445013827,0.3263858483418206,0.35227123
0,1.0270318985055653,0,-0.30367593396893083,2,0.8453807414149613,1.2808854860595726,0.20380407343411006,1.2534624418146973,0.49209955930786226,1.126929462910999,0,1.409820905660092,-0.09518089221046601,0,0,1.6670642195538332,-0.6159291037906522,-1.0372255479257728,-0.27440460225470503,0.6680764644132907,-0.8124387736946878,-0.6309398358642301,-0.22960048535238645,-0.718464377657987,3,0,0,1.551781415324446,0,-0.4537622760678877,1.4505504607035697,1,1,1.1774303382485962,1.2808854860595726,1.3017073
0,1.0270318985055653,1,1.4739392892638377,2,0.22256031130376233,1.2808854860595726,0.37768597042730745,-0.6179246932131008,-0.41639193479896025,1.4618465717001496,1,0.013958622828318525,-0.027072919251277493,1,1,-0.8971712807194682,-1.6332647848819137,-1.575705631420836,0.3232097765214223,0.8156191743529624,0.6974365994408633,-0.13228266591664967,-0.6687725483362299,-1.0565321173656959,1,1,0,1.551781415324446,1,1.3256976300806915,1.4505504607035697,1,1,0.18279235774950012,1.2808854860595726,1.3094063
0,1.0270318985055653,0,0.2888624737753253,3,1.120942058431195,-0.9462803352818486,0.8123907129103008,0.8131360571022743,-0.41639193479896025,-0.27747085041493547,1,1.5843036910140647,1.4713024858508699,0,1,1.6149813565833646,-0.1483657352083054,-0.92431843364455,-0.8720189810308324,-0.3278368276794936,0.6219428307840857,-0.46472077921503663,1.3673888345888632,0.46477271131899345,3,1,0,-1.2280472070145505,0,-0.4537622760678877,0.2916552857073756,0,2,0.9121935434488372,-0.9462803352818486,-0.9525804
0,1.0270318985055653,0,-0.30367593396893083,3,-0.8023206788493027,0.0082193024359033,-0.8394873085250742,0.2627280762117454,1.4005910534146848,-1.2261587414287751,0,0.711889764244206,1.6756264047284355,1,1,1.2037296593620068,-1.7103356698130696,-0.5942822534378983,1.518438534073677,0.6311907869283727,-1.4918826916056858,-1.1295970058118106,-1.2676435433141984,-1.3100829221464774,1,0,0,-0.8805686292221758,0,-0.4537622760678877,-1.4466874767869158,0,1,-0.4802996292498972,0.0082193024359033,0.002621171
0,1.0270318985055653,2,0.2888624737753253,3,-1.493998027354695,-1.264446881187766,1.4209773523864917,-1.0582510779255239,-1.3248834289057827,-1.3857931818533182,1,0.36292419353626226,1.5394104588100583,0,1,-1.1744956160167654,-0.4814832267440804,-0.7332448556301728,1.518438534073677,0.3545482057914882,-1.4918826916056858,-1.6282541757593911,0.9681415046035505,1.6480098002959738,3,0,0,-0.5330900514298013,1,-0.4537622760678877,-0.2877923017907215,1,0,0.18279235774950012,-1.264446881187766,-1.2815359
0,-0.9736795920896915,1,1.4739392892638377,1,-1.1664303204682838,-1.264446881187766,0.5515678674205048,1.4736256341709089,0.49209955930786226,1.1731986836546429,0,-0.16052416252565335,1.6756264047284355,0,0,0.6761370214793443,-0.6373376829381956,0.3784559619080223,-1.4696333598069597,1.3689043366267315,-1.4163889229489082,1.3636888439260917,-0.22960048535238645,-0.3803966379502783,1,0,0,-0.8805686292221758,0,0.4359676770064019,-0.8672398892888186,0,0,1.0448119408487166,-1.264446881187766,-1.179428
0,-0.9736795920896915,0,0.8814008815195814,1,0.04205002681604034,-0.6281137893759313,-1.2741920510080678,-0.1775983085006777,-0.41639193479896025,0.6437482088192226,0,0.8863725495981771,1.335086539932493,1,1,-1.5965697263228957,-1.1323040328293985,-1.6712424204280245,1.518438534073677,1.719318272733452,-1.1899076169785756,-0.13228266591664967,-0.22960048535238645,-0.29587970302335104,0,0,0,1.551781415324446,0,-1.3434922291421774,-0.2877923017907215,1,1,-1.2097008149492343,-0.6281137893759313,-0.6062229
0,-0.9736795920896915,0,1.4739392892638377,3,0.8630484041116803,0.0082193024359033,-0.05701877205568601,-0.8380878855693124,-0.41639193479896025,-0.7533345878440918,0,1.5843036910140647,-1.6616642702718019,1,0,1.1665276143831014,1.016260970418055,-0.4640048138826412,-0.27440460225470503,0.6865193031557496,-0.20848862444046737,0.3663745040309308,0.7285931066123632,0.5492896462459207,0,0,0,0.8568242597396969,1,1.3256976300806915,-0.2877923017907215,1,0,-0.5466088279498369,0.0082193024359033,0.0072747744
0,-0.9736795920896915,0,-0.30367593396893083,0,-0.8604517566307699,-0.9462803352818486,0.8123907129103008,-0.7280062893912066,1.4005910534146848,0.7890853474568001,0,1.235338120306121,-0.29950481108803156,1,0,0.7119862648226535,1.15241953379643,0.8127140937588796,-1.4696333598069597,0.2807768508216523,0.5464490621273083,1.3636888439260917,1.6867866985771125,0.5492896462459207,3,0,0,0.8568242597396969,0,0.4359676770064019,-0.8672398892888186,0,0,-0.01613523835031907,-0.9462803352818486,-0.9421634
0,-0.9736795920896915,1,1.4739392892638377,2,-0.4471384189863038,-0.9462803352818486,-0.5786644630352782,-1.3884958664598412,0.49209955930786226,-0.7800153793677989,1,-0.16052416252565335,0.10914302666709955,1,1,0.041673054384552585,-0.02077060348894731,0.1960675465306618,-1.4696333598069597,1.3135758203993546,1.5278680546654164,0.03393639073254381,0.009947912638801154,0.46477271131899345,0,1,0,-0.5330900514298013,0,0.4359676770064019,0.2916552857073756,1,2,-1.4749376097489932,-0.9462803352818486,-0.9382471
0,-0.9736795920896915,1,0.2888624737753253,2,-0.6824768791088187,1.59905203196549,0.4646269189239061,-0.6179246932131008,1.4005910534146848,1.020769182713295,0,0.18844140818228963,0.24535897258547656,1,1,0.17898242039760465,-1.0072779306077457,-1.2109288006661159,-1.4696333598069597,1.03693323926247,-1.4163889229489082,1.5299079005752851,-1.547116674303917,1.3944589955151925,3,0,0,-0.5330900514298013,1,-1.3434922291421774,-0.2877923017907215,0,0,0.3154107551493796,1.59905203196549,1.6073263
0,-0.9736795920896915,2,0.8814008815195814,0,-0.11616471358563417,-0.9462803352818486,1.2470954553932942,-0.7280062893912066,1.4005910534146848,-1.443995583616004,0,1.7587864763680359,0.3815749185038536,1,1,0.11607714434236363,0.09397938074188548,0.5695295399223993,0.3232097765214223,-1.268421603544901,0.8484241367544184,0.5325935606801243,-0.14975101935532392,1.0563912558074835,0,1,0,1.2043028375320715,1,1.3256976300806915,-0.2877923017907215,0,1,0.3154107551493796,-0.9462803352818486,-0.91297793
0,1.0270318985055653,0,1.4739392892638377,2,-1.483959495859196,-1.5826134270936834,-0.9264282570216729,1.4736256341709089,-1.3248834289057827,-0.1536359530475184,0,-0.5094897332335964,-0.4357207570064086,0,0,-0.5941437143458363,1.018829999915759,0.317659823448902,-1.4696333598069597,-1.2315359260599832,0.6219428307840857,-1.1295970058118106,0.44911997562264455,0.6338065811728476,2,1,0,-1.5755257848069248,1,-1.3434922291421774,-0.8672398892888186,1,1,-0.14875363575019854,-1.5826134270936834,-1.5030113
0,1.0270318985055653,1,-0.30367593396893083,1,0.776684195148121,0.9627189401536553,1.073213558400097,0.8131360571022743,0.49209955930786226,-0.7248525614495859,1,-1.032938089295512,1.4713024858508699,0,0,1.2449901092477023,1.1858169172665978,-0.47268997651965816,0.3232097765214223,-1.3237501197722779,-0.20848862444046737,0.03393639073254381,0.9681415046035505,-1.4791167920003316,2,0,0,-0.18561147363742675,0,0.4359676770064019,-1.4466874767869158,1,0,1.5089763317482947,0.9627189401536553,0.97709125
0,-0.9736795920896915,0,-0.30367593396893083,2,-0.38891951837319094,-1.264446881187766,-0.5786644630352782,-1.1683326741036297,-0.41639193479896025,-1.2586935462825783,1,0.36292419353626226,1.2669785669733042,1,1,-1.1988460454575036,-0.9439085363310166,-0.012376356757749517,-0.8720189810308324,-1.7110497333639163,-0.057501087126912244,-0.2985017225658432,-1.2676435433141984,1.4789759304421193,0,0,0,1.2043028375320715,0,-0.4537622760678877,-0.2877923017907215,0,0,-1.4086284110490535,-1.264446881187766,-1.2231925
0,-0.9736795920896915,0,-0.30367593396893083,1,-0.8667100879815204,0.6445523942477379,-1.5350148964978638,0.2627280762117454,0.49209955930786226,-0.08980469231358616,0,0.5374069788902334,-0.9805845406799167,1,1,0.9189649150689291,-0.13552058771977887,-0.13396863367598968,0.3232097765214223,1.2029187879446008,-0.8879325423514653,0.5325935606801243,-0.7885467473318236,-0.21136276809642418,0,1,0,1.2043028375320715,0,-0.4537622760678877,-1.4466874767869158,0,0,-0.8781548214495356,0.6445523942477379,0.64249235
0,1.0270318985055653,2,0.2888624737753253,2,1.5705835013050935,-1.5826134270936834,-1.0133692055182717,1.0332992494584858,0.49209955930786226,0.19400237701664877,0,0.711889764244206,1.6075184317692468,1,1,-1.0466558614528894,1.333107941801696,0.34371531135995365,0.3232097765214223,-0.6966936025286731,-0.6614512363811327,1.6961269572244786,-0.22960048535238645,1.0563912558074835,3,1,0,1.2043028375320715,0,-0.4537622760678877,0.8711028732054726,1,1,-0.4802996292498972,-1.5826134270936834,-1.5109339
0,1.0270318985055653,0,-0.30367593396893083,1,1.1148555543597514,0.0082193024359033,-0.05701877205568601,-0.28767990467878346,-0.41639193479896025,1.1620535428915755,0,-0.8584553039415401,-0.027072919251277493,0,1,-0.44127712952342346,1.2020874374187305,0.07447526961242203,0.9208241552975497,0.5574194319585368,-1.114413848321798,0.2001554473817373,0.1297221116343948,0.29573884146513896,1,1,0,1.551781415324446,1,0.4359676770064019,-1.4466874767869158,0,0,-0.21506283445013827,0.0082193024359033,0.03312547
0,-0.9736795920896915,1,0.2888624737753253,2,0.4781132962407207,1.2808854860595726,1.4209773523864917,1.3635440379928032,-0.41639193479896025,-1.0199173487223132,1,1.5843036910140647,-1.5935562973126134,1,1,1.6751810293674119,0.4339476176048742,1.5162122673572684,-0.27440460225470503,-0.75202211875605,0.6219428307840857,1.6961269572244786,0.6487436406153008,0.7183235160997749,1,1,0,-1.2280472070145505,1,0.4359676770064019,-0.8672398892888186,0,2,2.172068318747692,1.2808854860595726,1.3018385
0,-0.9736795920896915,1,-0.30367593396893083,2,0.718033817144749,1.59905203196549,-1.6219558449944624,-0.28767990467878346,-1.3248834289057827,1.4883022088650069,1,0.8863725495981771,0.3134669455446651,1,1,1.0819775121583157,1.1909549762620082,-0.7071893677191211,0.3232097765214223,0.6311907869283727,-0.057501087126912244,0.5325935606801243,-0.5889230823391675,1.1409081907344112,3,0,0,0.8568242597396969,1,0.4359676770064019,0.8711028732054726,1,1,-1.0770824175493547,1.59905203196549,1.5255461
0,1.0270318985055653,0,-1.488752749457443,2,-0.0568384816169889,-1.264446881187766,-0.5786644630352782,1.5837072303490147,-1.3248834289057827,-1.0406315497364993,1,-0.16052416252565335,0.5858988373814191,1,1,-1.5505744707126123,1.6516675995171413,-1.6451869325169732,0.3232097765214223,-1.7110497333639163,-1.7183639975760185,1.6961269572244786,-1.3874177423097922,0.6338065811728476,1,0,0,0.8568242597396969,0,1.3256976300806915,-0.8672398892888186,0,1,0.24910155644943985,-1.264446881187766,-1.270294
0,-0.9736795920896915,0,-0.896214341713187,3,1.4006997794464981,0.3263858483418206,-0.31784161754548207,1.4736256341709089,-0.41639193479896025,1.5502196575487155,1,0.711889764244206,-0.027072919251277493,0,1,1.2916617656757838,1.684208639821408,-1.0198552226517386,1.518438534073677,-0.2540654727096578,-1.114413848321798,0.03393639073254381,1.6468619655785814,-0.9720151824387687,1,0,0,-1.5755257848069248,0,1.3256976300806915,-0.2877923017907215,0,2,0.7132659473490179,0.3263858483418206,0.31944585
0,1.0270318985055653,2,-0.896214341713187,3,-0.1702788514153079,0.9627189401536553,0.8993316614068996,1.6937888265271204,1.4005910534146848,1.4655616186211722,1,-1.3819036600034549,1.1988705940141158,1,0,0.3670218477455272,1.2115072122436494,-0.524800952341761,0.3232097765214223,0.2254483345942754,1.6788555919789716,-1.295816062461004,0.8483673056079569,0.7183235160997749,3,0,0,-0.5330900514298013,1,-1.3434922291421774,0.8711028732054726,0,0,1.9068315239479332,0.9627189401536553,0.8950993
0,1.0270318985055653,0,-1.488752749457443,3,1.3537069277480933,-0.309947243470014,-1.448073948001265,-0.8380878855693124,0.49209955930786226,-0.6647363476366761,0,0.18844140818228963,-1.525448324353425,1,1,-0.10984072880226403,-1.4431566020517286,-0.80272615672631,-0.27440460225470503,1.018490400520011,1.6788555919789716,-1.4620351191101975,-1.3075682763127296,0.29573884146513896,3,0,0,1.2043028375320715,1,-1.3434922291421774,-0.2877923017907215,0,1,-1.6738652058488124,-0.309947243470014,-0.2759886
0,-0.9736795920896915,2,-0.896214341713187,2,1.4878276652069762,-1.264446881187766,-0.5786644630352782,-1.6086590588160528,1.4005910534146848,0.6927192818690647,1,-1.2074208746494839,-0.7081526488431626,0,1,-0.9323441232449792,-0.13894596038338636,0.9256212080401021,0.9208241552975497,0.7787334968680445,1.4523742860086388,-0.13228266591664967,0.16964684463292587,-1.7326675967811132,0,1,0,-0.8805686292221758,0,-1.3434922291421774,0.2916552857073756,0,1,-1.6738652058488124,-1.264446881187766,-1.2253015
0,1.0270318985055653,2,0.2888624737753253,3,1.337333697222152,0.9627189401536553,0.8993316614068996,1.5837072303490147,-0.41639193479896025,0.3135593415659187,1,-1.3819036600034549,-0.09518089221046601,0,0,0.4752459785932535,0.03403535912876378,-0.4032086754235213,-0.27440460225470503,0.8340620130954214,1.074905442724751,1.5299079005752851,-1.4672672083068545,1.1409081907344112,2,0,0,-1.5755257848069248,1,-1.3434922291421774,-0.2877923017907215,0,1,1.8405223252479934,0.9627189401536553,0.8771145
0,-0.9736795920896915,0,0.8814008815195814,0,1.3361347246509891,0.0082193024359033,-1.187251102511469,1.6937888265271204,-1.3248834289057827,-0.8879768944363016,0,1.5843036910140647,-1.1849084595574824,0,1,1.2882797615867927,-0.6613152915834443,1.0645838102323766,1.518438534073677,-1.6741640558789983,-1.2654013856353532,0.5325935606801243,1.4871630335844563,-0.5494305078041328,3,0,0,1.551781415324446,0,-0.4537622760678877,-1.4466874767869158,1,2,0.1164831590495604,0.0082193024359033,0.045505546
0,1.0270318985055653,0,1.4739392892638377,2,1.3199447765563084,0.0082193024359033,-0.31784161754548207,-1.6086590588160528,1.4005910534146848,-0.5067905649035068,1,-0.6839725185875682,0.8583307292181732,0,1,-0.316142978230741,0.07685251742385053,-1.6538720951539905,1.518438534073677,0.9631618842926342,1.6788555919789716,0.8650316739785112,0.6487436406153008,1.3944589955151925,0,1,0,-1.5755257848069248,1,0.4359676770064019,0.8711028732054726,0,0,-1.2097008149492343,0.0082193024359033,0.013138145
0,1.0270318985055653,0,-0.896214341713187,1,1.1603363260002568,-0.309947243470014,-1.2741920510080678,0.04256488385553385,-1.3248834289057827,1.1921116497980302,0,0.013958622828318525,-0.3676127840472201,0,0,1.2537833198790798,0.8047442084403253,-1.5843907940578532,0.9208241552975497,0.059462785912144704,-0.35947616175402247,-0.13228266591664967,-0.02997682035973029,-1.5636337269272589,2,0,0,1.551781415324446,0,-0.4537622760678877,-1.4466874767869158,1,2,-1.010773218849415,-0.309947243470014,-0.29659843
0,-0.9736795920896915,0,-0.896214341713187,3,1.5832796280538703,0.0082193024359033,1.1601545068966956,0.04256488385553385,0.49209955930786226,0.3527362000057924,0,1.5843036910140647,0.24535897258547656,0,0,0.5814409069875839,0.09483572390778765,-1.04591071056279,0.3232097765214223,-1.3606357972571959,-1.3408951542921308,1.1974697872768982,-0.7086972813347612,1.225425125661338,0,0,0,0.16186710415494782,1,-1.3434922291421774,0.2916552857073756,1,1,0.9121935434488372,0.0082193024359033,0.009361388
0,-0.9736795920896915,0,0.2888624737753253,0,-0.7432502786076253,1.59905203196549,-0.05701877205568601,-1.6086590588160528,-0.41639193479896025,1.3374487884356079,1,-0.16052416252565335,-1.4573403513942365,1,1,0.058583074829509724,1.6610873743420604,1.2382870629727196,-1.4696333598069597,0.465205238246242,0.017992681529865315,0.6988126173293178,-0.5489983493406362,-0.718464377657987,3,1,0,1.2043028375320715,0,1.3256976300806915,1.4505504607035697,0,0,-0.6792272253497164,1.59905203196549,1.5505188
0,1.0270318985055653,2,0.8814008815195814,1,0.03280190080535238,0.3263858483418206,0.7254497644137022,-0.06751671232257193,0.49209955930786226,0.7940387433514969,0,-0.5094897332335964,0.9945466751365503,0,0,0.7478355081659627,0.2661043570881347,-0.22082026004616123,0.9208241552975497,-1.6372783783940805,0.8484241367544184,-0.7971588925134236,0.2494963106299884,-1.3945998570734046,1,1,0,0.8568242597396969,0,-0.4537622760678877,1.4505504607035697,0,0,0.5806475499491385,0.3263858483418206,0.30329433
0,1.0270318985055653,1,0.2888624737753253,2,1.020724752371527,-1.264446881187766,-1.708896793491061,0.2627280762117454,-1.3248834289057827,-0.03407898849824848,0,-0.3350069478796252,1.4713024858508699,1,0,-1.2664861272373322,1.6251209613741886,0.9082508827660681,-1.4696333598069597,0.8525048518378804,-0.8124387736946878,-0.7971588925134236,-0.02997682035973029,1.0563912558074835,1,0,0,-1.5755257848069248,0,0.4359676770064019,-0.8672398892888186,1,2,-1.4086284110490535,-1.264446881187766,-1.268736
0,1.0270318985055653,1,0.8814008815195814,2,0.7431549653793965,-1.5826134270936834,0.8993316614068996,-0.6179246932131008,1.4005910534146848,0.23284150391824776,1,0.8863725495981771,0.5177908644222307,0,0,0.03693824865996408,1.1215911798239675,-1.2022436380290988,0.9208241552975497,-1.213093087317524,-1.1899076169785756,0.2001554473817373,-0.9881704123244798,0.9718743208805566,2,1,0,-1.2280472070145505,0,-1.3434922291421774,0.2916552857073756,0,2,-0.01613523835031907,-1.5826134270936834,-1.5724834
0,-0.9736795920896915,1,0.8814008815195814,0,-0.4133037184988116,1.59905203196549,-0.9264282570216729,0.9232176532803801,1.4005910534146848,1.5365978188382996,1,0.711889764244206,-0.9805845406799167,0,1,-0.4338367205276423,1.386201218087604,-0.6116525787119326,0.9208241552975497,-0.06963708528506808,1.603361823322194,1.5299079005752851,-1.6269661403009796,0.04218803668435758,2,0,0,0.5093456819473223,1,1.3256976300806915,-0.2877923017907215,1,2,0.18279235774950012,1.59905203196549,1.5498208
0,1.0270318985055653,1,0.8814008815195814,0,0.7270299298124537,1.59905203196549,-1.0133692055182717,0.2627280762117454,0.49209955930786226,0.35633866974739004,1,0.18844140818228963,-0.09518089221046601,1,0,-1.0872399105207866,0.6506024385780133,1.3511941772539424,-0.8720189810308324,-1.6372783783940805,-0.1329948557836898,0.2001554473817373,-0.9881704123244798,1.1409081907344112,2,1,0,-1.2280472070145505,1,1.3256976300806915,-1.4466874767869158,1,2,-0.281372033150078,1.59905203196549,1.5281184
0,1.0270318985055653,2,-0.30367593396893083,2,-0.5366069741293383,-0.6281137893759313,0.8123907129103008,-1.3884958664598412,-0.41639193479896025,-1.443995583616004,0,-0.5094897332335964,1.6756264047284355,0,1,1.5419300682611499,0.33546815352617537,-0.854837132548413,-0.27440460225470503,1.4242328528541084,1.4523742860086388,-0.7971588925134236,-0.4691488833435737,0.29573884146513896,1,1,0,-0.18561147363742675,0,-0.4537622760678877,0.8711028732054726,0,1,-0.34768123185001776,-0.6281137893759313,-0.6266321
0,1.0270318985055653,0,-0.896214341713187,3,-0.18149726356204665,0.9627189401536553,1.5079183008830903,-0.06751671232257193,0.49209955930786226,0.6428475913838232,0,0.18844140818228963,-0.5719367029247856,1,1,-0.3621382338410239,-0.7418115491782071,0.8821953948550164,0.9208241552975497,-1.213093087317524,0.5464490621273083,-0.7971588925134236,-1.2277188103156673,1.3099420605882648,0,1,0,-0.18561147363742675,0,-1.3434922291421774,0.8711028732054726,1,0,1.3100487356484756,0.9627189401536553,0.96780497
0,-0.9736795920896915,2,-0.896214341713187,0,-1.1503587422771253,0.3263858483418206,-0.31784161754548207,-0.39776150085688927,-0.41639193479896025,1.4161402368536302,1,-1.2074208746494839,-0.6400446758839742,1,0,-0.2214468637389806,-0.0027873970050101924,-0.0731724952168694,-0.27440460225470503,-0.9180076674381806,1.3768805173518612,-1.4620351191101975,0.48904470862117566,0.46477271131899345,0,1,0,-0.5330900514298013,0,-1.3434922291421774,-0.8672398892888186,1,2,-0.4139904305499575,0.3263858483418206,0.32658398
0,-0.9736795920896915,1,0.2888624737753253,2,0.3962242333071063,-1.5826134270936834,-1.448073948001265,-1.498577462637947,-1.3248834289057827,-1.2468729424429612,0,0.8863725495981771,1.6075184317692468,1,1,-1.48428719056838,1.2466172820456216,0.4479372630041591,0.3232097765214223,-1.1946502485750652,-0.8124387736946878,0.6988126173293178,-1.5071919413053858,-1.5636337269272589,2,1,0,1.2043028375320715,1,0.4359676770064019,-1.4466874767869158,0,1,-2.33695719284821,-1.5826134270936834,-1.5773834
0,1.0270318985055653,2,1.4739392892638377,3,-0.6837865848155346,-1.5826134270936834,0.8993316614068996,1.4736256341709089,-1.3248834289057827,-0.5993290063907949,1,-1.5563864453574268,-0.23139683812884304,0,0,-1.377415861356251,-1.06379657955726,1.3338238519799086,-1.4696333598069597,-0.21717979522473982,0.9994116740679736,1.1974697872768982,0.08979737863586333,-1.648150661854186,2,1,0,-1.5755257848069248,0,1.3256976300806915,-0.8672398892888186,1,1,1.2437395369485358,-1.5826134270936834,-1.5535269
0,-0.9736795920896915,1,1.4739392892638377,1,0.35637939642786237,0.9627189401536553,-1.187251102511469,1.1433808456365917,1.4005910534146848,0.831076635382297,0,1.0608553349521483,0.5858988373814191,0,0,-0.5982021192526262,-1.425173395567792,1.2382870629727196,0.9208241552975497,1.6086612402786982,0.6974365994408633,1.0312507306277048,0.528969441619707,0.29573884146513896,0,1,0,-0.5330900514298013,1,-1.3434922291421774,-1.4466874767869158,0,2,-0.01613523835031907,0.9627189401536553,0.9905082
0,1.0270318985055653,0,-0.30367593396893083,1,0.7633236695860248,0.0082193024359033,1.1601545068966956,-0.8380878855693124,-1.3248834289057827,-0.1449675102317992,0,-1.7308692307113986,1.0626546480957388,1,0,-1.4619659635810367,-1.199955142935636,-1.6104462819689047,-0.27440460225470503,-1.28686444228736,0.8484241367544184,-1.1295970058118106,0.2095715776314573,0.12670497161128483,2,0,0,-1.2280472070145505,1,0.4359676770064019,-1.4466874767869158,0,2,0.38171995384931934,0.0082193024359033,-0.001226222
0,-0.9736795920896915,2,0.2888624737753253,0,-1.705471587573494,0.9627189401536553,-1.5350148964978638,0.8131360571022743,1.4005910534146848,1.1034008324111897,1,0.18844140818228963,-1.4573403513942365,0,1,-1.348330626190925,-0.09184708625879118,-0.4466344886086069,-0.27440460225470503,0.20700549585181646,-0.4349699304108,0.03393639073254381,-1.1079446113200735,-0.5494305078041328,3,0,0,-1.2280472070145505,1,-0.4537622760678877,-0.8672398892888186,1,2,-0.4802996292498972,0.9627189401536553,0.94565827
0,1.0270318985055653,2,-0.30367593396893083,1,-0.7606239257375305,0.0082193024359033,-0.4047825660420808,-1.498577462637947,1.4005910534146848,1.450701430937082,1,1.235338120306121,-0.16328886516965452,1,0,-1.12917676122428,-0.040466496304686336,-1.3759468907694417,-0.27440460225470503,0.44676239950378305,-1.2654013856353532,1.5299079005752851,0.7285931066123632,0.12670497161128483,3,0,0,-0.5330900514298013,1,-1.3434922291421774,1.4505504607035697,1,0,-1.2097008149492343,0.0082193024359033,0.036671933
0,1.0270318985055653,1,-1.488752749457443,2,0.8388283944973971,0.6445523942477379,0.5515678674205048,-1.2784142702817354,-1.3248834289057827,-0.5353851684774378,1,-1.7308692307113986,0.5177908644222307,1,1,0.4414259377033392,1.0941881985151125,-0.9416887589185843,0.9208241552975497,0.5758622707009958,0.017992681529865315,0.03393639073254381,-0.14975101935532392,0.29573884146513896,2,1,0,0.8568242597396969,1,1.3256976300806915,0.2916552857073756,0,0,-0.21506283445013827,0.6445523942477379,0.6483647
0,-0.9736795920896915,1,1.4739392892638377,0,0.5561839751897405,-1.264446881187766,-0.9264282570216729,-1.2784142702817354,-1.3248834289057827,0.8995235604726513,1,-0.16052416252565335,-0.7762606218023512,0,0,0.5327400481061074,-0.9695988313080696,-1.2890952643992701,-0.8720189810308324,-0.014308569057691175,-0.057501087126912244,-0.13228266591664967,1.5670124995815193,0.29573884146513896,0,0,0,-0.18561147363742675,1,1.3256976300806915,0.2916552857073756,1,1,-1.7401744045487522,-1.264446881187766,-1.2750181
0,-0.9736795920896915,2,-0.896214341713187,2,0.16468888363324757,0.0082193024359033,0.11686312493751137,-0.8380878855693124,1.4005910534146848,1.5347965839675008,1,0.18844140818228963,0.9264387021773618,1,1,0.1113423386177761,-1.5527685272871508,-0.811411319363327,-0.8720189810308324,-1.6188355396516214,-0.057501087126912244,-0.46472077921503663,-1.0680198783215422,0.8028404510267021,1,1,0,0.16186710415494782,1,1.3256976300806915,1.4505504607035697,1,0,-0.4139904305499575,0.0082193024359033,-0.0044645844
0,1.0270318985055653,2,-1.488752749457443,3,1.1503588886485114,1.59905203196549,-1.1003101540148703,0.9232176532803801,0.49209955930786226,1.2973713125603348,1,-1.032938089295512,1.1988705940141158,1,1,-1.485639992203977,0.5615427493242335,-0.9590590841926186,-1.4696333598069597,-0.032751407800150144,-1.7183639975760185,1.5299079005752851,-0.42922415034504263,0.8028404510267021,3,0,0,0.8568242597396969,1,-1.3434922291421774,0.8711028732054726,0,0,0.05017396034962066,1.59905203196549,1.5778248
0,-0.9736795920896915,1,-0.30367593396893083,3,-0.09680932516772449,0.6445523942477379,0.5515678674205048,0.2627280762117454,-1.3248834289057827,-1.4272215838816904,0,1.235338120306121,-0.8443685947615397,1,0,0.0010890053166548648,0.6497460954121123,0.47399275091521076,0.9208241552975497,-1.6741640558789983,0.923917905411196,1.5299079005752851,-0.5889230823391675,0.3802557763920662,1,1,0,-0.5330900514298013,0,1.3256976300806915,-0.2877923017907215,0,1,0.7132659473490179,0.6445523942477379,0.6229856
0,1.0270318985055653,0,0.8814008815195814,1,-0.45666528702786713,0.0082193024359033,-1.5350148964978638,0.48289126856795694,-1.3248834289057827,1.007485075541154,0,0.013958622828318525,-0.6400446758839742,0,0,0.7924779621406494,0.2181491397976373,1.5596380805423542,0.9208241552975497,1.073818916747388,0.8484241367544184,-1.1295970058118106,-0.189675752353855,-0.04232889824256967,3,1,0,1.551781415324446,0,-0.4537622760678877,1.4505504607035697,0,0,-0.8781548214495356,0.0082193024359033,-0.006093205
0,1.0270318985055653,2,-0.896214341713187,0,-0.7387560406577576,1.59905203196549,0.9862726099034983,-0.7280062893912066,0.49209955930786226,0.9408393853215986,1,0.36292419353626226,-0.16328886516965452,1,1,0.2919413569699175,0.6951322832049044,1.3511941772539424,-1.4696333598069597,-0.43849386013424746,1.2258929800383063,-0.2985017225658432,1.4472383005859253,-0.12684583316949694,3,1,0,0.5093456819473223,0,1.3256976300806915,-0.2877923017907215,1,2,0.6469567486490783,1.59905203196549,1.5553294
0,-0.9736795920896915,0,0.8814008815195814,1,-1.1194374687698787,-1.264446881187766,0.37768597042730745,-1.498577462637947,1.4005910534146848,1.444734840427561,0,0.711889764244206,0.9264387021773618,0,1,0.1336635656051194,-1.6863580611678215,-1.16750298748103,-0.8720189810308324,0.2807768508216523,-1.2654013856353532,0.2001554473817373,-1.5870414073024484,-0.3803966379502783,2,1,0,-0.8805686292221758,1,0.4359676770064019,1.4505504607035697,0,0,-0.8781548214495356,-1.264446881187766,-1.2651272
0,-0.9736795920896915,2,0.2888624737753253,0,-0.06276461356107962,-1.264446881187766,-1.448073948001265,0.7030544609241685,-1.3248834289057827,0.26841589261652393,0,-0.16052416252565335,1.6756264047284355,0,1,0.3318490052200166,0.7405184709976952,1.4380458036241144,0.9208241552975497,-1.6003927009091625,-0.1329948557836898,-0.13228266591664967,-1.1478693443186048,-0.4649135728772055,1,0,0,1.2043028375320715,1,0.4359676770064019,0.8711028732054726,1,2,-0.9444640201494753,-1.264446881187766,-1.1927289
0,1.0270318985055653,2,-0.30367593396893083,3,0.49092779289301997,0.9627189401536553,0.20380407343411006,-0.9481694817474181,-0.41639193479896025,-0.9104923303212865,0,0.5374069788902334,-1.1849084595574824,0,1,-1.2319896855296197,1.5643205965951648,1.2556573882467543,0.3232097765214223,-1.6372783783940805,0.6219428307840857,1.5299079005752851,0.4091952426241135,1.1409081907344112,3,1,0,0.16186710415494782,1,-1.3434922291421774,0.8711028732054726,0,1,-0.21506283445013827,0.9627189401536553,0.9849728
0,-0.9736795920896915,1,-0.896214341713187,0,1.7088357302353079,-0.9462803352818486,0.2907450219307088,0.15264648003363962,-0.41639193479896025,0.4522544266174258,0,-1.5563864453574268,0.9945466751365503,0,0,0.3142625839572618,0.1350838527051691,1.6030638937274397,0.3232097765214223,-0.6413650863012961,-1.642870228919241,1.3636888439260917,0.32934577662705095,0.2112219065382117,1,1,0,-0.5330900514298013,0,-1.3434922291421774,1.4505504607035697,0,0,0.1164831590495604,-0.9462803352818486,-0.9552327
0,1.0270318985055653,0,0.2888624737753253,1,-1.0988601974768988,0.3263858483418206,-0.31784161754548207,0.48289126856795694,-1.3248834289057827,-1.6110601178825923,1,1.0608553349521483,-1.0486925136391052,0,1,0.31967379049964795,0.9400464286528005,-0.28161639850528114,-0.27440460225470503,-0.10652276276998601,0.16898021884342043,1.3636888439260917,0.4091952426241135,1.225425125661338,1,0,0,-0.18561147363742675,1,1.3256976300806915,-1.4466874767869158,1,0,0.1164831590495604,0.3263858483418206,0.30944282
0,1.0270318985055653,2,0.2888624737753253,0,-1.1299532982634521,-1.5826134270936834,0.029922176440912683,-1.498577462637947,-1.3248834289057827,0.07264417759658004,1,0.013958622828318525,-0.9124765677207282,0,0,0.41572270662700467,0.24298309160878814,-0.4466344886086069,-0.8720189810308324,-0.5860365700739192,1.3013867486950839,0.8650316739785112,-0.3493746843479801,0.7183235160997749,1,1,0,-0.8805686292221758,0,1.3256976300806915,0.8711028732054726,1,0,-1.2097008149492343,-1.5826134270936834,-1.5297757
0,-0.9736795920896915,2,0.2888624737753253,1,-1.2175393901020815,-0.309947243470014,1.073213558400097,-1.0582510779255239,-0.41639193479896025,-0.3541359096033091,0,0.5374069788902334,-0.23139683812884304,0,1,0.8459136267467143,0.24897749377009973,-0.22082026004616123,0.3232097765214223,0.5205337544736189,-1.5673764602624634,0.2001554473817373,0.44911997562264455,0.5492896462459207,0,1,0,0.8568242597396969,0,-0.4537622760678877,-0.2877923017907215,0,0,0.1164831590495604,-0.309947243470014,-0.25709295
0,1.0270318985055653,2,1.4739392892638377,0,0.16885092217645561,-0.9462803352818486,1.073213558400097,0.15264648003363962,-1.3248834289057827,-0.8958572969960463,1,0.18844140818228963,1.2669785669733042,1,0,0.210773258834124,-1.200811486101537,0.9777321838622054,0.3232097765214223,1.055376078004929,-0.7369450050379103,-1.1295970058118106,1.3673888345888632,0.04218803668435758,0,1,0,-0.5330900514298013,0,0.4359676770064019,-0.8672398892888186,0,1,0.7132659473490179,-0.9462803352818486,-0.9187675
0,1.0270318985055653,0,-0.896214341713187,2,1.0328404847546453,-0.6281137893759313,0.7254497644137022,-0.6179246932131008,1.4005910534146848,1.4398940217122893,1,0.711889764244206,0.7221147832997962,1,1,0.8127699866745977,-1.6709438841815905,-0.6898190424450868,-1.4696333598069597,0.24389117333673438,-0.1329948557836898,0.5325935606801243,-1.2277188103156673,-0.8874982475118415,0,0,0,-1.5755257848069248,1,-1.3434922291421774,1.4505504607035697,0,0,0.05017396034962066,-0.6281137893759313,-0.61396646
0,1.0270318985055653,0,-1.488752749457443,0,0.2547683802138172,-1.264446881187766,1.2470954553932942,-1.498577462637947,-0.41639193479896025,-0.21341443532215337,1,-0.16052416252565335,-1.525448324353425,0,1,1.0941527268786844,-0.9636044291467568,-1.1848733127550644,-0.8720189810308324,-1.6372783783940805,-1.0389200796650204,0.3663745040309308,-0.9083209463274173,-1.3945998570734046,3,0,0,0.16186710415494782,1,-1.3434922291421774,1.4505504607035697,0,1,-0.21506283445013827,-1.264446881187766,-1.2943585
0,-0.9736795920896915,2,0.2888624737753253,1,1.5167404687383261,-1.264446881187766,-0.5786644630352782,-1.6086590588160528,1.4005910534146848,-1.100860340728834,0,-0.16052416252565335,0.10914302666709955,0,1,0.7586579212507351,-1.1511435824792366,-0.9416887589185843,-1.4696333598069597,0.20700549585181646,0.09348645018664287,-0.6309398358642301,-1.5071919413053858,0.6338065811728476,2,0,0,-0.18561147363742675,0,-1.3434922291421774,-0.8672398892888186,1,1,-1.6738652058488124,-1.264446881187766,-1.2456447
0,-0.9736795920896915,1,1.4739392892638377,3,-1.231877421964234,1.59905203196549,-0.5786644630352782,-0.6179246932131008,1.4005910534146848,-0.1390009197222782,1,0.5374069788902334,0.7902227562589847,1,1,0.512448023572159,1.044520294892812,-0.9330035962815671,0.3232097765214223,1.2029187879446008,1.2258929800383063,0.3663745040309308,0.4091952426241135,-1.0565321173656959,1,1,0,1.551781415324446,1,0.4359676770064019,0.8711028732054726,0,2,-0.4802996292498972,1.59905203196549,1.5920428
0,1.0270318985055653,0,-0.896214341713187,2,-0.2247022783477338,0.6445523942477379,1.073213558400097,0.2627280762117454,-0.41639193479896025,-0.41200057982772037,0,1.5843036910140647,0.24535897258547656,0,0,-1.6121269451322562,1.448714269198431,0.7953437684848453,-0.27440460225470503,-0.3093939889370347,-0.4349699304108,-1.6282541757593911,0.16964684463292587,-0.5494305078041328,2,1,0,-1.2280472070145505,1,0.4359676770064019,0.2916552857073756,1,2,1.1111211395486564,0.6445523942477379,0.5978388
0,1.0270318985055653,0,1.4739392892638377,2,0.3182986529495011,-0.309947243470014,-1.2741920510080678,1.6937888265271204,-1.3248834289057827,1.1653182810948983,1,-0.5094897332335964,-1.3211244054758593,1,0,-0.07128588218776125,-0.4164011461355481,-1.3672617281324244,-1.4696333598069597,1.719318272733452,0.31996775615697554,-1.6282541757593911,1.7666361645741755,0.04218803668435758,2,1,0,-1.5755257848069248,0,1.3256976300806915,0.8711028732054726,0,1,-0.01613523835031907,-0.309947243470014,-0.31119448
0,-0.9736795920896915,2,0.2888624737753253,0,-1.3957013684392778,1.2808854860595726,-0.9264282570216729,0.7030544609241685,-0.41639193479896025,-1.471351838216261,1,-0.3350069478796252,-1.7297722432309903,0,1,-1.5559856772549985,-0.39756159648571,-1.5409649808727675,-0.27440460225470503,-1.0102218611504754,-0.6614512363811327,1.3636888439260917,-0.189675752353855,0.887357385953629,3,1,0,-0.18561147363742675,0,0.4359676770064019,-0.8672398892888186,1,1,-0.01613523835031907,1.2808854860595726,1.2976472
0,-0.9736795920896915,0,1.4739392892638377,3,-0.5984877049836773,-0.309947243470014,0.11686312493751137,0.2627280762117454,1.4005910534146848,-1.5184090992158794,1,-0.5094897332335964,1.4713024858508699,0,0,1.579808514057854,1.361367266276453,1.472786454172183,0.3232097765214223,-0.7889077962409679,-0.6614512363811327,-0.13228266591664967,1.2476146355932691,0.29573884146513896,3,0,0,0.16186710415494782,0,-0.4537622760678877,0.2916552857073756,1,0,0.18279235774950012,-0.309947243470014,-0.32780054
