Student ID,Name,Course,Year,Semester,Gender,Age,Caste,Family Income,Internal Marks,Theory Marks,Practical Marks,Backlogs,Fees Paid,Fees Payment Date,Scholarship Received,Teacher Rating,Teacher Feedback,Library Usage,Medical History Reported,Disciplinary Action,Academic Year,Attendance %,Assignment Submission Rate,Class Participation,Late Submissions,LMS Login Count,Video Lectures Watched,Forum Participation,Study Hours/Week,Assignment Completion Time (Avg),Parental Education,Internet Availability at Home,Stress Level,Mental Health Score,Counselling Opted,Clubs Joined,Events Participation,Volunteer Activities,Enrollment Status
25IT01,Jerry Davenport,BSc-IT,FY,1,Female,23,General,272017,25,52,34,2,39481,2025-05-12,Yes,3.9,Station see number thank rest board.,21,No,No,2022-2025,57.04,75.15,4.42,4,49,50,16,1.6,4.7,None,Yes,Low,4,No,1,5,Yes,Active
25IT02,John Browning,BSc-IT,FY,1,Male,21,ST,714537,24,56,34,0,41922,2025-01-31,Yes,4.0,Service stock black fire month respond certainly.,33,No,Yes,2023-2025,96.12,64.42,2.27,4,155,32,14,2.1,2.7,School,Yes,High,10,Yes,3,1,Yes,Dropped Out
25IT03,Tracy Arnold,BSc-IT,FY,2,Other,23,General,516331,22,58,20,0,44945,2025-02-19,No,3.4,By detail recognize star feeling.,27,Yes,Yes,2022-2026,95.73,63.83,2.47,3,133,19,9,4.9,4.9,School,Yes,Medium,6,No,3,3,Yes,Active
25IT04,Melinda Welch,BSc-IT,FY,1,Other,18,ST,367203,23,64,50,2,32744,2025-01-25,Yes,3.2,American life call only.,17,Yes,Yes,2022-2026,99.4,63.77,4.95,3,102,30,14,4.6,5.0,UG,No,Medium,5,No,0,4,No,Dropped Out
25IT05,Kelly Romero,BSc-IT,FY,2,Other,21,OBC,391825,21,61,23,3,25300,2025-07-17,Yes,3.9,Report ok beautiful get.,16,Yes,No,2022-2025,55.71,74.72,1.08,2,80,12,7,8.3,2.2,UG,No,Low,6,No,1,2,Yes,Dropped Out
25IT06,Heather Gray,BSc-IT,FY,1,Male,20,ST,596247,28,52,32,3,29152,2025-03-14,No,3.1,Improve method heavy order fear hot wide.,3,No,No,2022-2025,51.61,74.75,1.13,0,69,18,17,2.8,4.0,None,Yes,Low,7,No,1,5,Yes,Graduated
25IT07,Jacob Ferguson,BSc-IT,FY,1,Male,19,ST,652454,24,37,38,2,43415,2025-05-13,No,4.1,Raise value easy prevent size.,11,Yes,No,2023-2025,87.38,86.72,4.85,1,51,44,4,5.3,1.0,None,Yes,Low,5,Yes,0,1,Yes,Graduated
25IT08,Jared Smith,BSc-IT,FY,1,Other,18,SC,367982,23,46,26,2,38675,2025-05-04,No,3.4,Lot grow sister treatment eat.,20,Yes,No,2024-2026,65.27,96.2,3.92,1,73,32,5,1.6,2.5,School,Yes,Medium,4,Yes,1,0,Yes,Dropped Out
25IT09,Amy Martinez,BSc-IT,FY,1,Male,23,General,328450,26,37,22,1,45086,2025-02-14,Yes,3.5,Recent kitchen name positive crime.,26,Yes,No,2024-2026,61.59,68.71,1.99,1,53,23,14,7.8,3.7,None,Yes,Medium,1,Yes,1,4,No,Dropped Out
25IT10,Jeffrey Sanders,BSc-IT,FY,2,Female,18,ST,983332,29,57,33,0,30085,2025-05-15,No,3.2,Anyone able before memory fire.,46,Yes,Yes,2022-2026,58.45,74.28,4.01,3,13,9,1,5.8,4.5,None,Yes,Medium,4,No,0,1,No,Active
25IT11,Michael Harrison,BSc-IT,FY,2,Female,18,SC,533613,21,43,49,0,26165,2025-01-05,Yes,3.9,May population spring report visit black.,34,Yes,Yes,2024-2025,51.61,99.6,1.14,3,11,5,20,1.9,3.8,School,No,High,8,No,3,1,No,Dropped Out
25IT12,Joseph Moore,BSc-IT,FY,2,Male,20,SC,821795,21,39,23,2,25423,2025-01-18,No,3.8,High remain opportunity down study hour claim poor.,44,No,No,2024-2026,82.73,72.74,1.72,1,86,14,13,2.8,2.5,PG,Yes,High,3,No,2,3,No,Graduated
25IT13,Christine Horton,BSc-IT,FY,1,Female,20,General,893380,24,35,45,1,28710,2025-06-22,No,3.2,Down present lead choose area.,25,Yes,No,2023-2026,56.22,75.36,1.9,4,14,25,3,8.2,2.3,School,Yes,Medium,2,Yes,0,5,No,Graduated
25IT14,Curtis May,BSc-IT,FY,1,Male,19,OBC,443894,29,67,32,2,40390,2025-05-11,Yes,3.6,Debate evening sister course end.,38,Yes,No,2024-2026,95.87,73.07,4.51,4,114,11,17,4.1,4.1,UG,Yes,Medium,7,Yes,1,1,No,Active
25IT15,Eric Everett,BSc-IT,FY,1,Female,22,OBC,570203,26,51,22,0,22495,2025-07-26,No,3.3,Item run option wall.,13,No,No,2024-2026,65.82,69.57,2.16,0,82,27,15,6.1,4.0,None,No,Medium,7,Yes,1,2,No,Graduated
25IT16,John Clark,BSc-IT,FY,1,Male,23,SC,910164,26,43,35,0,28060,2025-03-06,No,3.4,Record magazine season work policy.,27,Yes,Yes,2022-2026,74.05,76.71,3.86,3,100,15,16,1.3,2.1,None,No,High,7,Yes,2,3,No,Active
25IT17,Angela Frederick,BSc-IT,FY,2,Male,21,OBC,472057,23,43,22,3,47923,2025-04-15,No,3.3,Surface protect blood minute hot available.,42,Yes,No,2023-2026,50.07,98.7,3.47,0,15,16,6,1.3,1.2,None,Yes,Medium,9,Yes,1,1,No,Active
25IT18,Timothy Murphy,BSc-IT,FY,1,Other,18,General,965819,23,51,36,2,34218,2025-04-25,Yes,4.6,Budget reason explain air difference.,11,Yes,No,2022-2025,91.61,61.35,4.48,2,161,40,1,6.3,2.3,UG,Yes,Medium,1,Yes,1,5,Yes,Dropped Out
25IT19,Anthony Marsh,BSc-IT,FY,2,Other,18,ST,956026,20,61,43,2,48861,2025-03-06,Yes,3.7,Pass four truth above media north building.,49,Yes,No,2024-2025,50.34,84.1,3.67,2,60,12,2,4.7,1.1,None,No,High,9,No,1,3,Yes,Graduated
25IT20,Benjamin Barnett,BSc-IT,FY,1,Other,21,General,376670,20,52,25,0,22372,2025-02-19,No,3.5,Single base maybe series.,4,Yes,Yes,2024-2025,59.63,88.85,3.26,0,29,17,7,5.9,3.8,UG,No,Low,8,No,3,5,No,Dropped Out
25IT21,Melissa Marshall,BSc-IT,FY,2,Female,21,OBC,147471,22,39,24,3,24305,2025-01-02,Yes,3.1,Still style walk have.,33,No,Yes,2024-2026,54.23,75.93,2.43,3,157,41,6,4.6,2.7,School,No,High,3,Yes,3,1,Yes,Active
25IT22,James Torres,BSc-IT,FY,2,Other,20,SC,617263,24,40,50,0,33079,2025-03-04,No,3.9,Exactly firm may southern own remain foot blood.,30,Yes,Yes,2022-2026,57.63,93.78,2.95,3,124,47,10,5.9,4.9,None,Yes,Low,7,No,3,5,No,Graduated
25IT23,Russell Martin,BSc-IT,FY,1,Male,23,General,158198,28,39,50,3,44187,2025-01-18,Yes,3.3,Thus board near act trial.,22,No,No,2024-2026,68.53,64.23,3.36,1,128,44,0,5.5,1.9,UG,No,Medium,3,Yes,2,5,No,Dropped Out
25IT24,Jeffrey Rivera,BSc-IT,FY,2,Female,21,OBC,585316,28,34,27,0,49073,2025-06-17,Yes,3.1,Specific film news relationship.,17,No,No,2022-2026,76.57,68.89,2.43,1,185,28,17,6.6,1.0,UG,Yes,Medium,8,No,3,5,Yes,Dropped Out
25IT25,Joshua Johnson,BSc-IT,FY,2,Male,19,ST,927757,21,64,41,3,27221,2025-02-16,Yes,3.2,Everybody teacher door clear its model become.,22,Yes,Yes,2024-2025,71.58,82.94,2.39,4,52,33,2,6.7,3.0,None,No,High,4,No,0,0,Yes,Dropped Out
25IT26,Cesar Walsh,BSc-IT,FY,1,Female,22,ST,657116,26,49,39,2,22998,2025-02-20,No,3.2,Theory trial some research.,32,No,No,2022-2026,78.05,98.55,3.65,5,55,29,14,9.1,4.2,UG,No,High,5,No,1,5,No,Active
25IT27,Gerald Hall,BSc-IT,FY,1,Female,18,SC,555971,29,44,46,3,46212,2025-04-19,Yes,3.8,Religious particularly quickly pick agent.,7,No,No,2023-2026,87.63,70.3,1.76,3,69,39,18,2.2,4.2,UG,No,High,10,Yes,2,1,Yes,Dropped Out
25IT28,Michael Brown,BSc-IT,FY,2,Female,18,General,260748,27,34,37,1,44152,2025-03-26,No,3.9,Quality machine read unit why.,44,No,No,2024-2026,55.43,76.74,1.99,4,23,28,14,4.2,4.8,PG,No,Low,7,Yes,0,5,No,Active
25IT29,Julie Sloan,BSc-IT,FY,1,Female,23,OBC,827442,30,34,46,2,29077,2025-03-04,No,3.2,Long bit go make method product type a.,14,Yes,No,2023-2026,63.04,65.18,4.72,0,159,21,6,8.9,4.6,None,No,High,4,No,3,5,Yes,Graduated
25IT30,Sheryl Miles,BSc-IT,FY,1,Male,20,General,168220,28,57,21,3,37558,2025-03-11,Yes,3.9,Show vote town team maybe office whether.,5,Yes,No,2024-2025,77.66,60.65,2.08,2,177,5,17,8.3,2.0,None,No,High,3,No,0,2,Yes,Dropped Out
25IT31,Rebecca Trevino,BSc-IT,FY,2,Male,21,ST,681389,26,65,27,0,23657,2025-01-30,No,3.8,Mouth Mr hit.,32,No,Yes,2023-2026,50.39,61.09,4.8,2,115,28,18,5.0,3.9,UG,Yes,High,10,Yes,3,2,No,Dropped Out
25IT32,Michelle Mathis,BSc-IT,FY,1,Female,20,OBC,902137,24,46,23,2,34094,2025-06-17,No,4.5,Network meeting toward science we.,4,Yes,No,2023-2026,96.79,62.56,1.3,1,148,36,13,2.7,2.4,School,Yes,High,6,Yes,3,5,Yes,Dropped Out
25IT33,Dwayne Ballard,BSc-IT,FY,2,Male,23,ST,186756,25,42,27,1,46253,2025-05-25,No,4.1,Pm be many already everything writer accept.,39,Yes,No,2022-2025,98.61,97.32,3.33,0,70,28,10,6.1,1.5,None,Yes,High,7,Yes,0,3,No,Graduated
25IT34,Jacob Martin,BSc-IT,FY,2,Male,22,ST,154630,21,65,30,1,29795,2025-01-17,No,4.2,Ok it box design visit.,15,No,Yes,2024-2026,67.63,90.89,2.86,0,50,24,14,5.7,1.7,UG,No,Low,4,Yes,3,2,No,Active
25IT35,Deanna Cook,BSc-IT,FY,2,Other,20,General,634518,28,50,20,0,35987,2025-03-01,No,4.0,Its economic its art fine end structure central.,16,No,No,2024-2025,86.3,82.09,1.61,4,15,45,5,7.7,4.7,School,No,Medium,4,Yes,2,0,No,Dropped Out
25IT36,Kyle Garcia,BSc-IT,FY,1,Female,22,ST,559788,22,49,50,3,32801,2025-03-30,Yes,4.0,Another explain financial pattern history behind.,0,No,No,2023-2025,87.83,74.31,1.41,1,167,40,18,5.8,3.0,School,Yes,Medium,1,No,2,5,No,Graduated
25IT37,Mark Ortiz,BSc-IT,FY,2,Male,21,ST,218919,20,65,36,2,34381,2025-05-16,Yes,4.1,Else in force per.,35,Yes,Yes,2022-2026,94.9,70.5,2.88,1,112,27,5,9.7,2.8,School,No,Medium,5,Yes,0,1,Yes,Graduated
25IT38,Carl Smith,BSc-IT,FY,2,Other,22,SC,772522,29,59,49,0,31461,2025-06-26,No,3.1,Crime high commercial thus explain participant game.,40,Yes,No,2024-2025,96.49,71.04,3.44,3,69,15,0,4.0,3.1,None,Yes,High,10,Yes,3,5,No,Graduated
25IT39,Maria Murphy,BSc-IT,FY,1,Other,23,ST,278461,26,64,33,3,40017,2025-01-13,Yes,3.9,Improve mean her science put or often.,45,Yes,No,2022-2025,84.49,85.21,1.11,1,122,14,4,5.6,2.8,School,Yes,High,6,Yes,1,1,No,Dropped Out
25IT40,Trevor Cervantes,BSc-IT,FY,1,Other,22,SC,919651,21,42,40,0,36233,2025-06-14,Yes,4.3,Data strategy wife expect answer break drop seven.,12,Yes,No,2022-2026,93.55,68.17,3.62,2,22,24,10,6.0,1.6,UG,No,Low,8,No,0,1,No,Dropped Out
25IT41,Brady Stewart,BSc-IT,FY,2,Female,19,General,791346,22,31,20,0,22120,2025-07-21,No,4.2,Item with natural poor again.,30,Yes,No,2022-2025,52.49,91.26,4.87,2,109,47,4,5.7,1.9,PG,Yes,Low,4,No,1,2,Yes,Dropped Out
25IT42,Heather Robinson,BSc-IT,FY,2,Female,22,SC,932306,29,45,41,1,40224,2025-07-21,Yes,4.3,Western president blue table prevent statement threat.,3,No,Yes,2022-2026,85.4,64.12,2.84,1,171,20,5,3.7,4.0,None,No,Medium,1,Yes,1,2,Yes,Dropped Out
25IT43,Kelly Curtis,BSc-IT,FY,2,Male,19,General,238220,23,61,20,1,23671,2025-05-13,Yes,4.9,Itself experience father bill data lay.,29,No,Yes,2022-2025,93.09,89.61,3.33,1,141,25,12,8.5,2.8,PG,Yes,Medium,6,No,2,5,No,Graduated
25IT44,Erin Holmes,BSc-IT,FY,2,Male,21,General,177523,24,34,36,0,48071,2025-05-22,No,4.6,Ready small win later family.,41,No,No,2024-2026,71.8,77.68,2.05,0,12,32,20,4.8,1.4,School,Yes,High,9,No,2,0,No,Active
25IT45,Gina Parker,BSc-IT,FY,2,Female,21,SC,983592,26,57,29,1,35271,2025-04-09,No,4.4,Word parent institution reveal security result painting.,50,Yes,Yes,2022-2026,95.22,81.24,1.91,5,177,40,18,1.2,1.9,UG,No,High,6,No,2,4,No,Active
25IT46,Michael Mitchell,BSc-IT,FY,2,Female,18,ST,177677,21,34,41,2,33129,2025-01-21,No,4.5,Rule first blood car.,20,Yes,Yes,2022-2025,69.44,90.07,2.73,5,66,24,12,2.9,3.0,None,No,Low,2,No,2,0,No,Graduated
25IT47,Jimmy Noble,BSc-IT,FY,1,Other,18,General,826137,26,68,22,2,27008,2025-01-05,No,3.9,Star suddenly scientist entire.,21,No,No,2024-2026,74.88,85.03,1.53,5,79,30,19,3.5,5.0,PG,Yes,High,5,Yes,0,0,No,Graduated
25IT48,Kristen Turner,BSc-IT,FY,1,Other,23,OBC,686772,21,48,44,2,30467,2025-01-19,No,4.1,Trouble relationship to minute admit consumer lead.,36,Yes,No,2023-2025,93.53,97.63,1.82,1,109,50,19,6.4,3.3,PG,No,Medium,1,Yes,0,1,No,Active
25IT49,Carla Short,BSc-IT,FY,1,Other,18,ST,390633,28,49,31,0,44019,2025-02-12,No,4.3,Job born easy report glass though especially every.,46,No,Yes,2022-2026,72.16,67.85,3.16,4,86,21,4,6.6,3.8,None,Yes,Medium,9,Yes,2,5,Yes,Graduated
25IT50,Melanie James,BSc-IT,FY,1,Other,20,SC,758801,30,41,34,0,20622,2025-03-08,No,4.1,Yet final would pull.,25,Yes,No,2023-2025,53.73,63.56,2.49,2,162,10,8,6.0,1.8,None,No,High,1,Yes,0,2,Yes,Graduated
25IT51,Melinda Ellis,BSc-IT,FY,2,Male,23,SC,671682,30,32,43,3,42608,2025-06-20,No,3.6,Take vote direction gun stuff miss cause.,39,Yes,No,2024-2025,97.12,78.1,1.93,0,48,35,18,4.1,1.3,PG,No,Low,6,Yes,3,0,No,Graduated
25IT52,Jessica Rodriguez,BSc-IT,FY,1,Male,18,SC,740527,25,35,21,0,21934,2025-05-01,No,3.5,Notice gas share surface available other.,39,Yes,Yes,2024-2026,58.59,71.96,1.72,0,164,12,4,3.5,3.3,None,No,High,5,No,0,0,Yes,Dropped Out
25IT53,Catherine Wang,BSc-IT,FY,1,Female,22,ST,208529,30,68,34,0,40377,2025-07-09,No,4.6,Why sure top meet camera budget forget.,20,Yes,Yes,2022-2025,76.27,98.54,2.13,4,97,17,10,8.2,4.3,School,Yes,Low,10,No,0,5,Yes,Dropped Out
25IT54,Russell May,BSc-IT,FY,1,Other,18,ST,577162,25,54,25,2,45405,2025-07-05,Yes,3.1,Different far unit listen every.,19,No,Yes,2024-2025,57.86,66.33,4.96,1,72,35,9,2.4,1.9,UG,Yes,Medium,7,No,0,0,No,Active
25IT55,Carl Jones,BSc-IT,FY,1,Male,18,OBC,641024,24,53,50,1,43132,2025-07-08,Yes,3.4,News though field.,35,Yes,Yes,2023-2025,57.99,91.95,2.16,4,121,7,17,8.8,1.8,PG,No,Medium,4,No,0,2,No,Dropped Out
25IT56,Sharon Acosta,BSc-IT,FY,1,Other,20,OBC,175807,26,52,40,1,42910,2025-03-30,Yes,3.8,Bag car culture enjoy.,30,No,Yes,2023-2025,84.97,82.23,1.35,2,36,6,2,6.9,2.9,UG,Yes,Low,3,No,2,1,Yes,Dropped Out
25IT57,Tasha Padilla,BSc-IT,FY,1,Other,20,OBC,734752,25,68,25,0,43265,2025-06-02,Yes,4.9,Sell others window chance positive.,26,Yes,Yes,2024-2026,64.35,69.12,4.13,4,127,38,12,9.6,2.3,School,Yes,Low,6,No,1,2,No,Active
25IT58,Amber Rojas,BSc-IT,FY,1,Female,20,SC,602528,30,51,27,0,48306,2025-02-07,No,4.5,Success discussion teach social in line market.,9,No,No,2023-2026,59.19,77.19,1.76,5,170,40,4,4.2,3.5,None,Yes,Low,7,No,1,4,No,Active
25IT59,Eric Contreras,BSc-IT,FY,1,Male,19,OBC,893348,30,57,25,1,36896,2025-07-24,No,3.7,Social huge second side oil.,17,No,No,2024-2026,91.74,87.84,3.65,5,25,44,14,9.4,1.1,PG,Yes,Medium,6,Yes,2,2,No,Dropped Out
25IT60,Marissa Blair,BSc-IT,FY,1,Other,19,SC,938147,21,43,20,3,41562,2025-02-20,Yes,3.3,Others style nor red.,15,No,Yes,2022-2025,60.75,78.69,4.1,4,146,47,9,5.8,1.0,PG,Yes,Medium,3,No,0,3,No,Dropped Out
25IT61,Michael Rodriguez,BSc-IT,FY,1,Male,21,OBC,562541,24,56,22,3,37676,2025-02-21,Yes,4.9,Couple turn industry your military car mission.,5,No,Yes,2023-2026,95.72,62.71,3.77,4,168,50,17,3.3,3.9,None,Yes,High,8,No,1,3,Yes,Graduated
25IT62,Nicole Daniel,BSc-IT,FY,2,Male,22,General,557848,23,36,35,3,33798,2025-01-04,Yes,4.4,Various color purpose training leave speak believe.,9,No,No,2024-2025,77.13,98.41,2.86,2,58,18,3,8.3,2.2,School,No,Low,9,No,1,2,No,Graduated
25IT63,Kyle Allen,BSc-IT,FY,2,Other,20,SC,945949,24,60,36,2,37056,2025-07-09,No,3.2,Common move almost member young fill half.,21,Yes,Yes,2024-2026,57.78,98.72,3.31,4,131,12,1,8.4,4.7,PG,No,Medium,8,Yes,3,4,No,Active
25IT64,Bridget Adams,BSc-IT,FY,1,Female,22,ST,196565,21,43,50,1,23313,2025-02-22,Yes,3.4,Her either entire during reason world help.,5,Yes,Yes,2022-2025,57.63,98.18,4.29,4,177,15,13,9.4,4.8,UG,No,Low,4,Yes,3,3,Yes,Graduated
25IT65,Kristin Green,BSc-IT,FY,2,Male,23,ST,117305,28,57,49,3,47820,2025-02-04,Yes,3.6,Century if soldier.,50,No,Yes,2023-2025,67.75,97.21,4.23,5,179,41,7,3.8,1.9,School,Yes,Medium,10,No,1,5,No,Dropped Out
25IT66,Shelby Mosley,BSc-IT,FY,2,Male,21,SC,855200,21,31,44,3,30219,2025-03-19,Yes,3.1,Whole memory alone task.,37,No,Yes,2022-2025,70.16,63.0,3.73,1,89,17,14,5.0,1.3,None,Yes,Medium,10,Yes,1,0,Yes,Dropped Out
25IT67,Michael Miranda,BSc-IT,FY,1,Other,19,ST,417166,26,33,24,2,45332,2025-01-13,No,4.3,Letter teach kind.,2,Yes,No,2022-2026,67.76,85.21,1.17,4,125,33,8,4.2,4.2,UG,Yes,Low,6,Yes,3,1,No,Active
25IT68,Laura Baker,BSc-IT,FY,2,Male,22,General,955122,21,48,47,1,27784,2025-05-15,Yes,3.8,Suddenly common force apply.,2,No,No,2024-2026,56.34,66.28,3.43,0,157,22,10,5.8,1.2,School,No,Low,7,No,1,5,Yes,Graduated
25IT69,Nicole Guzman,BSc-IT,FY,2,Male,21,OBC,534995,21,67,40,1,20197,2025-07-13,Yes,4.3,Each bed upon carry various mean her woman.,32,No,No,2022-2025,59.54,64.73,4.65,2,65,46,7,7.0,4.4,None,Yes,Medium,10,No,1,1,Yes,Active
25IT70,Thomas Hill,BSc-IT,FY,2,Female,23,ST,232005,30,47,41,3,32606,2025-03-16,No,3.7,Factor middle nice tough senior region grow.,7,No,Yes,2023-2025,87.68,66.17,1.6,0,36,18,9,9.3,4.3,UG,Yes,High,7,Yes,3,5,No,Active
25IT71,Michael Coleman,BSc-IT,FY,2,Female,21,OBC,596090,29,50,30,1,24832,2025-06-14,No,3.7,Issue candidate will picture miss.,47,Yes,No,2022-2026,55.4,66.6,1.92,4,131,11,10,6.7,1.3,UG,No,Medium,2,Yes,2,1,Yes,Dropped Out
25IT72,Alejandra Miller,BSc-IT,FY,1,Other,22,OBC,597195,28,53,21,1,30949,2025-02-04,No,4.4,Dinner lose event.,37,No,No,2023-2026,94.04,86.85,3.19,2,176,32,1,4.8,1.6,PG,Yes,High,6,No,1,2,No,Dropped Out
25IT73,Ashley Smith,BSc-IT,FY,1,Female,18,OBC,533145,28,33,45,1,27231,2025-04-30,Yes,4.7,Police growth report her.,31,Yes,No,2024-2025,54.09,63.63,4.86,4,97,20,2,1.1,1.1,UG,No,Medium,7,No,0,1,Yes,Dropped Out
25IT74,Kristopher Smith,BSc-IT,FY,1,Female,22,ST,764994,30,64,38,1,41191,2025-03-15,No,4.8,Safe open entire responsibility day whom.,42,Yes,No,2022-2026,98.49,84.79,4.8,3,85,29,7,8.0,2.4,School,Yes,Medium,5,Yes,2,2,Yes,Dropped Out
25IT75,Casey Hall,BSc-IT,FY,2,Male,19,General,605455,23,40,45,2,27210,2025-04-19,No,4.7,Need major some every.,31,No,Yes,2023-2025,99.63,83.01,2.81,2,122,5,18,3.7,1.1,School,No,Medium,2,Yes,3,0,Yes,Dropped Out
25IT76,Angela Novak,BSc-IT,FY,1,Male,23,ST,645584,20,32,38,3,36692,2025-03-20,No,3.8,Consumer truth media development while onto sign.,50,No,Yes,2023-2025,61.49,77.81,2.83,3,69,44,20,7.7,2.8,UG,No,Low,5,No,0,0,No,Graduated
25IT77,Keith Ramos,BSc-IT,FY,2,Female,18,General,428327,20,54,45,1,21155,2025-07-16,Yes,4.4,Particular reflect message PM raise after forward.,0,No,No,2023-2026,53.44,79.83,4.23,1,64,36,10,6.6,4.7,PG,Yes,Medium,6,No,0,0,No,Graduated
25IT78,Cheryl Cunningham,BSc-IT,FY,1,Other,19,General,571412,25,43,22,1,46885,2025-02-23,Yes,4.6,Always church some change relate.,34,No,No,2022-2025,96.7,80.73,3.98,1,112,26,4,7.0,3.4,PG,No,Medium,3,Yes,0,3,Yes,Dropped Out
25IT79,Amy Evans,BSc-IT,FY,1,Female,23,General,153983,24,62,27,2,46114,2025-04-21,No,5.0,Service owner easy various include management.,38,No,No,2023-2026,59.31,66.61,3.66,5,109,46,9,8.2,3.9,PG,No,Low,4,No,3,5,Yes,Graduated
25IT80,Erik Reynolds,BSc-IT,FY,1,Male,18,ST,204539,27,38,28,0,30747,2025-02-10,Yes,3.4,Doctor including measure dinner yet radio strategy.,32,No,No,2024-2026,79.91,73.19,2.65,1,12,16,5,9.8,3.8,PG,Yes,Medium,7,No,1,4,Yes,Graduated
25IT81,Robert Johnson,BSc-IT,FY,2,Other,19,SC,729916,26,67,35,1,48960,2025-01-08,No,4.4,Particularly current hot.,24,No,Yes,2022-2026,74.93,88.08,3.17,0,123,44,11,5.7,4.8,School,Yes,High,4,No,2,4,Yes,Graduated
25IT82,Aaron Henry,BSc-IT,FY,2,Female,22,General,173474,24,50,22,2,36122,2025-03-18,No,4.3,Something east receive tend consumer left.,29,No,No,2024-2025,93.88,94.86,1.66,5,47,22,11,9.0,1.4,UG,Yes,Medium,4,No,0,0,Yes,Dropped Out
25IT83,Kimberly Macdonald,BSc-IT,FY,1,Other,18,SC,233244,25,54,26,1,23489,2025-04-21,No,3.2,Age really quality term anything beautiful.,10,No,No,2023-2026,69.53,63.33,4.26,2,103,44,1,5.3,1.4,UG,No,High,9,No,0,3,Yes,Dropped Out
25IT84,Melissa Wilcox,BSc-IT,FY,1,Male,19,General,996027,22,53,36,1,39426,2025-02-16,No,3.1,Garden serve laugh maintain.,40,No,No,2023-2026,79.18,81.89,4.88,3,69,6,18,6.2,3.3,School,Yes,Low,4,No,0,5,No,Active
25IT85,Jacob Rodriguez,BSc-IT,FY,2,Female,22,OBC,320385,29,39,32,1,43231,2025-04-28,No,4.9,Range ok for off source mother.,24,Yes,No,2022-2026,81.31,77.26,3.3,3,23,47,19,3.3,2.9,UG,Yes,Low,5,No,1,3,No,Dropped Out
25IT86,Matthew Hill,BSc-IT,FY,2,Male,18,General,794612,26,49,22,3,43853,2025-03-14,No,3.6,Instead stand order project discuss kid.,50,Yes,Yes,2023-2025,93.42,64.08,1.71,4,113,48,1,3.4,2.6,None,Yes,Medium,8,No,0,5,Yes,Dropped Out
25IT87,Johnathan Arias,BSc-IT,FY,2,Male,21,OBC,495395,30,44,36,0,33899,2025-03-08,Yes,3.5,Economic need beyond specific.,46,No,No,2022-2025,94.91,87.22,3.18,4,164,12,15,5.5,4.9,UG,Yes,Low,5,Yes,0,0,Yes,Graduated
25IT88,Patrick Shah,BSc-IT,FY,1,Male,21,General,239060,30,49,39,1,36029,2025-01-08,No,3.4,Entire hotel least name interest.,49,No,No,2024-2026,96.01,72.35,4.24,1,76,28,1,5.4,1.3,PG,No,Low,1,Yes,3,0,No,Dropped Out
25IT89,James Stevenson,BSc-IT,FY,1,Female,22,OBC,559511,23,35,33,1,41127,2025-03-26,No,4.5,Trouble include let now wind care.,45,Yes,Yes,2022-2025,50.93,67.09,1.11,5,197,12,9,4.8,2.7,PG,No,Low,10,No,0,2,Yes,Dropped Out
25IT90,Nicole Rodriguez,BSc-IT,FY,1,Male,22,ST,999814,27,37,39,2,37869,2025-03-07,No,3.7,Why several social special newspaper.,26,Yes,Yes,2023-2025,78.64,93.02,3.79,4,25,19,2,6.3,4.8,School,Yes,Low,10,Yes,0,5,No,Active
25IT91,Jeremy Bernard,BSc-IT,FY,2,Male,19,ST,453976,25,54,29,3,28240,2025-01-13,Yes,3.3,Authority case onto ago debate data.,37,Yes,Yes,2022-2025,66.15,98.75,4.68,1,128,31,10,8.0,2.7,PG,No,Medium,6,Yes,2,1,No,Dropped Out
25IT92,Richard Waters,BSc-IT,FY,1,Male,19,SC,448323,24,34,48,3,28578,2025-03-11,No,4.9,Sign with will hear defense him fund.,39,Yes,Yes,2023-2026,55.43,78.85,4.61,3,161,18,11,2.5,2.6,UG,Yes,High,6,No,3,1,Yes,Dropped Out
25IT93,Amanda Taylor,BSc-IT,FY,2,Other,22,ST,249602,21,39,38,2,38368,2025-05-23,No,4.6,While campaign anything sit.,26,Yes,No,2022-2025,74.13,61.24,4.56,3,46,22,2,4.0,2.5,School,No,High,7,Yes,0,3,Yes,Active
25IT94,Alexis Robinson,BSc-IT,FY,2,Other,21,General,487086,22,53,30,3,22051,2025-01-31,Yes,3.2,How step raise everyone plant kitchen.,14,No,No,2023-2025,64.84,84.37,2.89,0,40,48,0,1.4,2.8,None,Yes,Low,7,No,2,0,Yes,Graduated
25IT95,William Joseph,BSc-IT,FY,2,Female,20,OBC,169701,21,32,48,2,20937,2025-05-24,Yes,3.5,Tonight player race teach piece rest.,36,No,No,2023-2025,65.93,74.38,2.8,3,86,34,9,2.3,1.4,UG,Yes,Low,9,No,3,5,Yes,Dropped Out
25IT96,Mark Gilmore,BSc-IT,FY,1,Female,19,General,580246,28,55,45,1,26207,2025-03-21,Yes,3.9,Future attack hair.,27,Yes,No,2023-2026,51.39,65.7,1.89,2,107,38,2,9.5,1.6,School,Yes,High,3,No,2,0,No,Active
25IT97,Kimberly White,BSc-IT,FY,1,Male,23,SC,646611,23,51,29,0,34902,2025-05-31,Yes,4.2,Ago rise clear lawyer conference color occur.,24,No,No,2022-2026,85.39,83.02,3.26,5,87,37,7,4.9,4.0,None,Yes,Low,1,No,3,2,Yes,Graduated
25IT98,Lisa Cole,BSc-IT,FY,2,Male,21,SC,197567,26,60,43,0,26095,2025-02-15,No,3.5,Too play affect suffer.,25,Yes,Yes,2022-2025,83.0,92.7,2.47,4,155,42,15,3.4,4.8,UG,Yes,Medium,10,No,0,4,Yes,Active
25IT99,Alex Gaines,BSc-IT,FY,1,Male,21,ST,959033,23,68,42,2,49115,2025-06-12,No,4.6,Themselves suddenly owner those anything.,50,Yes,Yes,2023-2026,54.87,91.13,3.75,0,155,19,11,8.4,2.6,None,No,High,7,No,2,1,Yes,Dropped Out
25IT100,Brooke Whitney,BSc-IT,FY,2,Other,22,General,206736,23,70,46,2,36932,2025-03-10,Yes,4.5,Raise whose wall describe whole movement soon.,23,No,No,2023-2026,50.34,88.18,1.59,3,163,20,18,4.5,2.3,School,No,Medium,3,Yes,3,5,No,Dropped Out
25IT101,Christine Jackson,BSc-IT,FY,1,Female,19,ST,901202,26,33,33,0,29085,2025-05-18,No,4.2,Laugh share huge serve save.,6,No,No,2023-2025,54.58,86.2,4.1,5,178,5,8,7.7,4.2,UG,Yes,Low,8,No,2,5,No,Graduated
25IT102,Martha Haley,BSc-IT,FY,1,Male,18,General,740732,29,40,27,1,43760,2025-04-15,No,4.4,Explain high lose develop military parent fly.,44,No,No,2023-2025,89.26,85.84,1.28,0,17,33,15,2.8,4.3,PG,Yes,High,10,No,1,4,Yes,Graduated
25IT103,Deanna Clements,BSc-IT,FY,1,Female,22,ST,977928,22,31,49,0,36046,2025-01-06,No,3.5,Box religious continue hard office.,30,Yes,No,2022-2025,79.08,94.63,1.59,3,65,36,9,3.6,3.7,None,No,Medium,1,No,1,1,Yes,Graduated
25IT104,Veronica Martinez,BSc-IT,FY,2,Other,23,ST,388172,23,57,38,2,44502,2025-04-01,Yes,4.4,Song effort protect several among tend believe start.,17,No,No,2022-2025,55.78,67.53,4.15,0,67,11,5,2.2,3.6,None,Yes,Low,1,No,1,2,No,Dropped Out
25IT105,Mark Sanchez,BSc-IT,FY,1,Female,18,SC,880115,26,67,29,3,22729,2025-04-20,No,4.2,Argue all organization successful TV moment court.,49,Yes,Yes,2022-2025,98.23,90.85,3.03,3,180,11,14,9.5,2.7,PG,Yes,Medium,3,Yes,2,5,Yes,Active
25IT106,Kenneth Campbell,BSc-IT,FY,1,Male,23,SC,727233,24,59,22,3,44841,2025-06-26,No,4.6,Right west so financial way him poor fill.,22,Yes,Yes,2022-2025,94.58,66.19,3.44,0,189,21,10,5.0,1.0,School,No,Medium,6,Yes,1,4,No,Graduated
25IT107,Mark Dominguez,BSc-IT,FY,2,Other,22,ST,851173,27,69,21,0,23094,2025-05-24,No,4.2,Keep last war work clear however several.,2,No,Yes,2024-2025,58.39,66.13,1.75,3,64,17,17,4.7,3.6,PG,No,Medium,4,Yes,0,0,No,Dropped Out
25IT108,James Blevins,BSc-IT,FY,2,Female,20,General,923680,26,54,40,2,35648,2025-02-22,Yes,4.5,Physical huge reduce something opportunity board that.,3,Yes,No,2023-2026,99.63,67.23,2.18,2,141,41,20,8.0,4.1,PG,No,Medium,4,Yes,1,5,No,Dropped Out
25IT109,Matthew Gonzalez,BSc-IT,FY,1,Female,18,ST,600510,27,34,32,3,39745,2025-06-09,No,3.5,Back each bag rule hit change me.,23,No,Yes,2023-2026,81.25,68.69,4.82,3,47,9,20,6.3,4.5,PG,No,Low,10,No,0,5,No,Graduated
25IT110,Robert Kidd,BSc-IT,FY,2,Male,23,ST,976251,25,38,29,2,39148,2025-07-12,Yes,3.8,Effort appear born plant hear.,28,No,Yes,2022-2025,71.64,60.97,3.3,2,127,22,1,2.1,1.2,School,Yes,High,1,Yes,2,2,No,Dropped Out
25IT111,Hector Lutz,BSc-IT,FY,2,Other,18,OBC,290116,20,60,48,1,20279,2025-04-26,No,3.8,Six bad chair piece tend argue.,29,Yes,No,2023-2026,88.88,70.97,3.05,0,78,40,8,3.1,2.9,None,Yes,Low,3,No,1,3,No,Graduated
25IT112,Mitchell Brooks,BSc-IT,FY,1,Other,21,SC,964322,30,30,47,3,43417,2025-01-06,No,3.1,Go consider remember page sea return gas none.,10,Yes,No,2024-2025,95.19,82.24,2.29,3,166,28,3,7.8,2.1,School,Yes,Low,3,No,1,5,No,Active
25IT113,Susan Cline,BSc-IT,FY,2,Female,21,ST,378537,22,32,21,1,40600,2025-03-24,No,4.8,Work actually fall door.,29,Yes,No,2023-2026,55.3,80.79,3.37,2,58,43,12,5.8,1.4,PG,Yes,Medium,4,No,0,1,Yes,Active
25IT114,Jamie Brown,BSc-IT,FY,1,Male,23,ST,785550,22,53,30,2,24116,2025-03-27,Yes,5.0,Color pass tree politics part simply.,4,No,No,2024-2026,58.83,75.89,4.19,3,97,21,4,1.9,3.3,School,Yes,Low,8,No,3,3,No,Active
25IT115,Mackenzie Barton,BSc-IT,FY,1,Male,21,SC,483734,24,70,24,0,28976,2025-03-27,Yes,4.7,Charge successful huge throw through west.,47,No,Yes,2023-2026,93.37,67.42,1.32,2,29,12,19,5.1,1.7,UG,Yes,Medium,3,No,3,5,Yes,Dropped Out
25IT116,Cynthia Mejia,BSc-IT,FY,1,Male,23,ST,374165,24,66,44,2,33776,2025-03-15,Yes,4.7,Whatever look rather friend produce important.,1,No,Yes,2024-2025,76.89,78.66,3.44,2,134,35,11,5.5,4.3,School,No,High,2,Yes,2,2,Yes,Graduated
25IT117,Paige Jones,BSc-IT,FY,2,Other,19,General,603418,20,53,40,2,30035,2025-07-14,No,3.1,Improve view appear build half.,9,Yes,Yes,2024-2025,67.41,91.6,4.49,3,150,20,20,6.6,3.0,PG,No,Low,4,Yes,3,4,Yes,Active
25IT118,Mark Anderson,BSc-IT,FY,1,Male,20,General,306494,22,54,23,1,48891,2025-01-31,No,3.6,Senior cost result activity within.,41,Yes,No,2024-2025,66.34,74.98,1.14,4,179,29,18,7.7,2.9,School,Yes,Medium,6,No,2,3,No,Graduated
25IT119,Chelsea Robles,BSc-IT,FY,2,Other,23,SC,887603,23,49,20,3,32777,2025-03-15,No,3.0,Certain red fine real.,44,No,No,2023-2025,52.74,78.25,1.79,3,155,17,1,8.8,4.8,UG,Yes,Medium,9,No,2,0,No,Active
25IT120,Nicole Armstrong,BSc-IT,FY,1,Male,23,ST,696786,22,57,50,0,35413,2025-06-07,No,3.6,Natural born down store direction military.,8,Yes,Yes,2022-2025,67.17,99.37,4.88,4,146,13,18,8.7,4.7,None,No,Medium,10,Yes,0,3,Yes,Active
25IT121,Ricky Anderson,BSc-IT,FY,1,Male,21,SC,940128,24,47,47,2,23044,2025-01-06,Yes,3.5,Nearly important only ability.,30,No,Yes,2023-2026,84.97,75.12,1.73,2,16,35,20,3.5,1.1,School,Yes,High,10,Yes,2,4,Yes,Active
25IT122,Laura Thompson,BSc-IT,FY,2,Male,20,ST,262737,23,62,50,1,29126,2025-05-02,Yes,3.4,Human answer whatever institution newspaper.,45,Yes,Yes,2023-2025,61.88,77.76,4.24,2,103,7,10,5.6,2.0,School,No,High,10,No,2,4,Yes,Active
25IT123,James Cisneros,BSc-IT,FY,2,Other,19,OBC,677291,28,49,31,0,49377,2025-04-04,Yes,4.2,Staff she never every able.,34,Yes,Yes,2023-2026,51.63,99.41,1.8,1,183,13,8,6.4,1.0,UG,No,Low,10,No,1,5,No,Dropped Out
25IT124,Tina Johnson,BSc-IT,FY,1,Other,18,OBC,870641,22,47,31,2,28743,2025-04-02,Yes,4.6,Try heavy more million discover hope.,46,No,Yes,2023-2026,54.94,94.5,1.49,0,10,9,11,6.1,2.2,School,No,Low,5,No,2,2,Yes,Dropped Out
25IT125,Alex Armstrong,BSc-IT,FY,2,Other,22,General,971710,26,50,41,2,29398,2025-03-20,Yes,4.0,Level cup computer page teacher soon exist.,32,Yes,Yes,2023-2026,59.64,95.46,1.21,3,188,28,16,3.6,1.4,UG,No,Low,6,Yes,3,4,No,Dropped Out
25IT126,Michael Hendrix,BSc-IT,FY,1,Male,23,SC,454022,22,51,28,1,47916,2025-04-26,No,4.5,But summer leave kind citizen.,0,No,No,2023-2026,60.57,61.79,4.64,2,184,12,3,3.4,4.5,School,No,Medium,8,No,0,1,Yes,Graduated
25IT127,Heather Taylor,BSc-IT,FY,1,Male,20,OBC,149204,28,57,22,0,46553,2025-07-08,Yes,4.0,Lay idea large.,0,No,Yes,2022-2025,60.02,64.48,4.96,5,145,46,11,8.2,1.1,UG,No,Low,7,No,0,3,Yes,Graduated
25IT128,Marcus Maddox,BSc-IT,FY,1,Female,23,SC,966160,20,46,33,3,36170,2025-01-19,Yes,4.3,Also military treatment road station out cold.,28,Yes,Yes,2024-2025,53.95,91.57,2.52,0,96,33,12,6.6,2.9,UG,No,Medium,1,Yes,2,2,No,Dropped Out
25IT129,Jaime Mendez,BSc-IT,FY,2,Male,22,OBC,107452,26,56,44,3,26216,2025-07-28,No,3.1,Real hand few more position.,44,No,No,2024-2025,95.1,68.78,3.54,2,109,35,13,6.5,2.2,School,No,Medium,3,Yes,3,1,Yes,Graduated
25IT130,Candice Roberts,BSc-IT,FY,2,Other,23,General,592719,22,62,36,0,27451,2025-03-31,Yes,4.1,Recognize before indeed consider.,44,Yes,No,2024-2026,77.65,66.29,4.16,3,161,18,3,8.8,3.1,PG,Yes,Low,4,No,2,1,No,Dropped Out
25IT131,Jerry Smith,BSc-IT,FY,2,Female,22,ST,554825,22,51,28,0,49596,2025-05-09,No,4.5,Leader or often deal interest.,2,No,No,2023-2026,80.72,99.99,1.37,3,177,36,12,5.0,2.0,None,No,High,6,No,0,0,No,Graduated
25IT132,Gary Moses,BSc-IT,FY,2,Male,22,General,173223,26,36,21,0,30677,2025-03-24,Yes,3.9,Discuss with democratic but.,44,No,Yes,2023-2026,62.21,68.85,4.12,3,140,20,3,1.9,3.6,PG,No,Medium,1,No,0,0,Yes,Graduated
25IT133,Tonya Miller,BSc-IT,FY,2,Female,18,General,832132,25,47,41,1,45263,2025-02-26,No,4.2,Do senior apply.,22,No,Yes,2022-2026,79.91,72.57,3.26,4,125,45,14,6.9,4.2,School,No,Low,5,Yes,2,4,Yes,Active
25IT134,Destiny Chapman,BSc-IT,FY,2,Male,19,OBC,357822,26,66,27,3,21021,2025-06-15,Yes,4.4,Use administration good camera quickly.,39,Yes,No,2024-2026,96.76,71.39,2.05,2,38,50,8,1.1,4.9,UG,No,Medium,2,No,0,1,No,Active
25IT135,Larry Hampton,BSc-IT,FY,2,Other,21,OBC,700420,29,45,25,1,38661,2025-05-19,Yes,4.8,Our suggest yeah rise tree energy.,42,No,No,2022-2025,97.85,88.84,2.43,2,22,48,18,2.6,3.5,PG,Yes,Low,6,No,0,1,No,Graduated
25IT136,Carlos Kidd,BSc-IT,FY,1,Female,18,SC,893853,21,44,42,0,25230,2025-02-09,Yes,4.9,Task how hour put science certainly if.,31,No,No,2023-2026,69.71,61.82,2.72,4,113,32,8,5.5,3.6,UG,Yes,Low,8,Yes,3,3,No,Active
25IT137,Olivia Jackson,BSc-IT,FY,1,Female,19,General,826230,30,62,49,0,39233,2025-07-14,Yes,4.6,Next amount simply Congress throw.,11,Yes,No,2023-2025,75.74,81.11,4.31,0,113,49,16,3.9,4.2,UG,Yes,Medium,3,No,3,5,Yes,Active
25IT138,Michael Allison,BSc-IT,FY,2,Female,23,SC,994419,20,30,50,3,37957,2025-03-07,Yes,3.5,Direction such something movement effort consider tell.,16,No,Yes,2023-2025,69.4,66.9,3.86,3,107,15,18,6.4,1.8,School,Yes,High,3,No,1,3,Yes,Active
25IT139,Jason Jones,BSc-IT,FY,2,Other,19,ST,643232,29,56,50,1,45164,2025-01-05,No,3.6,White relationship collection buy cost.,10,Yes,No,2022-2025,85.58,86.45,3.5,3,40,15,16,7.5,2.8,UG,Yes,High,5,Yes,0,3,No,Graduated
25IT140,Elizabeth Arnold,BSc-IT,FY,2,Other,21,ST,353377,27,47,49,2,37420,2025-06-07,Yes,3.3,Add film play thing choose.,48,No,Yes,2024-2025,69.23,79.55,1.34,4,134,9,14,8.4,1.9,School,No,High,5,Yes,2,2,No,Dropped Out
25IT141,Scott Fernandez,BSc-IT,FY,2,Female,19,General,447565,30,60,32,1,32958,2025-06-02,No,3.9,Far trip TV rather.,4,Yes,Yes,2023-2026,54.3,79.05,2.65,4,85,26,0,8.6,2.6,PG,No,High,9,Yes,3,4,Yes,Graduated
25IT142,Daniel Johnson,BSc-IT,FY,1,Other,18,General,155068,24,35,40,2,47988,2025-04-29,No,3.7,Your end for everybody.,26,No,No,2023-2025,72.54,92.42,4.67,3,75,39,20,2.7,4.8,None,Yes,Medium,5,No,2,2,No,Graduated
25IT143,Teresa Barker,BSc-IT,FY,1,Male,21,OBC,168298,28,60,31,0,38247,2025-02-18,Yes,4.4,Risk truth any view not.,15,No,No,2022-2026,50.28,86.57,2.12,0,158,44,2,5.1,2.5,None,No,Medium,3,No,0,0,No,Dropped Out
25IT144,Linda Marquez,BSc-IT,FY,2,Other,20,OBC,434302,27,30,43,3,36404,2025-06-22,No,3.0,Share leader thought if single.,36,No,Yes,2023-2025,80.1,80.32,2.27,3,193,37,16,8.8,2.3,PG,No,High,5,Yes,0,2,Yes,Active
25IT145,Edward Moore,BSc-IT,FY,1,Other,19,General,227252,29,42,20,3,34745,2025-06-04,Yes,4.5,President plant hour program industry.,46,Yes,No,2023-2025,96.08,74.8,1.2,2,92,42,14,8.2,4.6,UG,Yes,High,7,No,1,3,No,Dropped Out
25IT146,Amanda Rodriguez,BSc-IT,FY,2,Male,22,OBC,193717,26,41,40,2,20199,2025-07-10,Yes,3.1,Go affect name news ahead.,6,No,Yes,2024-2026,55.55,68.83,1.27,1,96,30,13,7.1,4.7,School,Yes,Low,9,No,2,2,No,Graduated
25IT147,Karen Brown,BSc-IT,FY,2,Other,21,ST,576593,27,35,27,1,26619,2025-02-01,Yes,4.7,Usually able seek sport create notice though.,17,Yes,Yes,2024-2026,91.84,64.96,4.26,5,33,41,5,7.9,4.9,None,Yes,High,2,No,0,0,No,Active
25IT148,Becky Morris,BSc-IT,FY,2,Male,21,SC,320185,29,39,32,0,35794,2025-05-04,Yes,4.0,Possible cut event interview.,34,No,No,2023-2026,89.44,85.21,2.66,0,109,23,8,2.4,1.6,School,No,Low,3,No,1,1,No,Active
25IT149,Mark Ferguson,BSc-IT,FY,1,Other,18,ST,860664,24,63,24,1,42365,2025-03-25,Yes,3.4,Above per world though difference beat issue.,22,Yes,No,2022-2026,60.22,60.72,4.84,3,176,46,6,2.5,3.7,PG,Yes,Medium,9,Yes,3,2,No,Dropped Out
25IT150,Erin Bowman,BSc-IT,FY,1,Male,19,ST,342091,23,30,32,0,45818,2025-01-06,Yes,4.5,Figure chair point eye.,11,Yes,No,2023-2026,84.76,85.57,2.85,5,114,45,8,6.1,3.1,UG,No,Medium,8,No,3,3,Yes,Active
25IT151,Gary Owens,BSc-IT,FY,2,Male,23,OBC,281650,24,39,44,0,42302,2025-02-02,No,3.4,Represent color peace wide scientist radio.,24,No,No,2023-2025,57.97,82.94,3.36,5,156,15,7,1.3,3.7,PG,No,Low,4,Yes,0,0,Yes,Active
25IT152,Steven Harrison,BSc-IT,FY,1,Female,21,General,908220,26,67,28,3,40736,2025-06-11,Yes,5.0,Tend fast group.,3,Yes,No,2024-2026,60.51,83.61,2.52,1,36,41,8,9.8,1.9,PG,No,High,3,No,2,0,No,Graduated
25IT153,Scott Daniels,BSc-IT,FY,1,Female,19,SC,190735,24,47,45,2,22595,2025-01-31,Yes,3.9,Major step you its.,18,Yes,Yes,2023-2026,53.51,74.51,4.03,4,195,41,12,2.8,4.7,School,Yes,Low,5,Yes,0,5,No,Dropped Out
25IT154,David Payne,BSc-IT,FY,2,Other,20,ST,862236,24,63,32,2,47808,2025-02-28,Yes,4.5,Begin city like quality build.,38,Yes,No,2023-2026,52.41,74.0,3.52,3,79,45,6,3.9,2.5,PG,No,Medium,4,No,3,2,No,Dropped Out
25IT155,Megan Baker,BSc-IT,FY,1,Other,23,General,471078,24,43,38,3,27707,2025-04-17,No,3.5,Dinner task down style military bit.,15,Yes,No,2022-2025,94.03,69.48,3.58,1,14,49,17,5.6,3.2,School,No,High,2,No,1,2,No,Active
25IT156,Kelly Sanchez,BSc-IT,FY,2,Other,19,OBC,532139,21,64,24,2,40368,2025-03-04,Yes,3.5,Owner away hard produce business every station.,36,Yes,No,2023-2026,60.39,84.05,1.2,2,35,10,15,2.8,3.9,UG,No,Low,6,Yes,2,1,No,Dropped Out
25IT157,Daniel Thomas,BSc-IT,FY,1,Female,20,ST,890243,26,62,38,1,43835,2025-04-08,Yes,4.5,Those will leader never the prove they either.,8,Yes,No,2022-2025,84.34,62.53,1.54,3,174,50,20,6.7,2.3,UG,Yes,Low,3,Yes,0,4,Yes,Dropped Out
25IT158,Jeremy Walsh,BSc-IT,FY,1,Male,18,OBC,839354,21,58,22,2,45693,2025-02-06,No,3.6,Until remain camera large art figure.,50,Yes,No,2022-2026,66.27,89.47,2.67,5,167,25,4,1.8,4.3,School,No,High,1,Yes,0,2,Yes,Active
25IT159,David Hanson,BSc-IT,FY,1,Male,23,General,572996,22,30,27,2,24267,2025-05-22,No,4.0,Last window whose test factor mean they.,37,Yes,No,2023-2026,59.52,64.33,4.3,0,77,14,6,8.6,4.4,PG,No,Low,4,No,3,1,Yes,Dropped Out
25IT160,Randy Ball,BSc-IT,FY,1,Male,21,OBC,674471,30,36,22,2,22981,2025-05-21,Yes,3.9,Letter everything position throw talk letter.,43,Yes,No,2022-2026,58.13,70.53,3.04,0,166,21,7,9.4,1.2,None,No,Low,10,No,1,1,No,Active
25IT161,Linda Bowman,BSc-IT,FY,1,Male,21,OBC,709537,28,47,42,2,46270,2025-06-02,No,4.7,Window reveal not only than education line.,36,Yes,Yes,2022-2025,70.54,75.09,4.16,4,139,18,10,3.0,4.4,School,Yes,Medium,9,No,1,1,Yes,Graduated
25IT162,Nicholas Carson,BSc-IT,FY,1,Male,19,ST,798113,20,67,24,1,34294,2025-05-22,Yes,3.4,Specific see kind as.,45,No,Yes,2023-2025,51.51,78.56,5.0,1,22,18,5,6.6,3.0,None,No,High,1,No,1,4,Yes,Active
25IT163,Jose Townsend,BSc-IT,FY,2,Other,19,ST,195274,30,35,23,1,20092,2025-01-20,Yes,4.9,Series through ago commercial purpose production.,34,Yes,No,2023-2026,61.85,90.31,3.48,1,147,30,12,2.8,2.0,UG,No,Low,5,Yes,3,0,Yes,Active
25IT164,Kathleen Rivas,BSc-IT,FY,2,Other,22,General,101332,26,63,45,0,41194,2025-06-10,Yes,3.8,Someone note appear.,20,No,Yes,2024-2026,50.1,62.7,3.83,3,103,50,5,6.7,3.0,None,Yes,Medium,6,No,3,3,Yes,Dropped Out
25IT165,Ann Doyle,BSc-IT,FY,1,Other,19,ST,484154,21,53,32,1,26990,2025-03-03,No,3.4,Item evidence total understand inside debate.,3,Yes,No,2022-2025,98.43,95.21,4.12,0,132,48,0,9.4,4.4,None,No,Medium,9,No,2,1,No,Dropped Out
25IT166,Mark Rodriguez,BSc-IT,FY,1,Other,22,OBC,167970,26,65,30,0,45884,2025-01-20,No,4.7,Today thus receive area finally.,43,Yes,No,2022-2025,71.42,85.02,2.15,2,179,39,17,5.7,1.8,School,Yes,Low,3,No,2,3,Yes,Graduated
25IT167,Robert Wise,BSc-IT,FY,2,Female,23,ST,307989,21,33,48,0,28786,2025-04-19,No,3.2,Will offer late bed perform wind around.,3,No,Yes,2023-2026,78.41,94.95,1.81,0,145,7,5,3.8,1.4,School,Yes,Medium,7,Yes,2,1,No,Dropped Out
25IT168,Marcus Rogers,BSc-IT,FY,1,Female,18,General,733403,22,36,23,2,36711,2025-05-16,No,4.7,Understand many official third own.,34,No,Yes,2024-2026,71.14,99.1,1.7,0,119,42,5,8.2,1.4,PG,No,High,2,No,0,4,No,Graduated
25IT169,Lisa Johnson,BSc-IT,FY,1,Male,22,SC,802695,27,42,45,2,38822,2025-03-27,Yes,4.6,Goal medical someone evening lead.,41,Yes,No,2022-2025,70.11,61.42,4.31,4,168,38,12,2.8,1.8,UG,Yes,Medium,5,Yes,2,3,No,Dropped Out
25IT170,Susan Fox,BSc-IT,FY,1,Female,21,ST,586280,21,64,50,0,25555,2025-07-06,No,3.6,Home design address share leave.,17,Yes,Yes,2022-2025,51.06,79.65,4.96,5,33,19,5,2.8,1.2,PG,No,Low,2,Yes,1,4,No,Active
25IT171,Brian Boyd,BSc-IT,FY,2,Female,18,OBC,253810,24,52,30,2,38116,2025-02-17,No,4.1,Usually space pull rest money standard business.,37,No,No,2022-2025,99.63,71.13,2.02,3,62,38,13,9.8,4.4,PG,No,Medium,10,Yes,0,4,Yes,Graduated
25IT172,Karen Simmons,BSc-IT,FY,1,Other,21,General,577017,28,44,32,3,46671,2025-01-30,Yes,4.2,Throughout scene grow write recognize sign under those.,25,Yes,No,2022-2026,93.73,65.9,1.29,5,193,24,6,9.9,1.2,None,Yes,Medium,7,No,3,4,No,Dropped Out
25IT173,Katie Bennett,BSc-IT,FY,1,Female,22,ST,934484,26,41,41,0,41806,2025-05-02,No,4.1,Need remember decide then lead.,32,No,No,2024-2026,94.73,90.83,4.9,1,28,37,1,4.3,4.6,None,No,High,8,No,1,4,Yes,Dropped Out
25IT174,Jason Smith,BSc-IT,FY,2,Male,21,OBC,500453,24,56,29,2,21064,2025-06-22,No,4.9,College suddenly create here lay protect.,6,No,No,2023-2025,78.39,94.04,1.17,0,151,40,3,6.1,4.3,School,Yes,Medium,5,No,1,3,No,Active
25IT175,Amber Parker,BSc-IT,FY,1,Other,21,SC,623969,22,68,24,1,38152,2025-01-18,No,4.7,Table federal where admit turn surface rise.,27,No,Yes,2024-2026,92.03,89.7,4.71,2,135,37,8,2.3,2.7,School,No,High,9,No,2,4,Yes,Graduated
25IT176,Stephanie Allen,BSc-IT,FY,2,Other,18,SC,198873,28,38,24,1,46323,2025-02-06,No,3.7,Easy he argue note how.,15,No,Yes,2022-2026,74.96,81.22,4.87,0,11,7,1,9.2,1.9,School,Yes,Medium,4,Yes,2,5,No,Dropped Out
25IT177,Kevin Brewer,BSc-IT,FY,2,Male,20,ST,242913,25,35,44,2,26946,2025-03-08,Yes,5.0,Type yeah rich organization.,30,No,Yes,2024-2026,80.65,99.13,2.79,3,188,33,1,3.7,1.5,UG,No,Medium,2,Yes,3,2,No,Active
25IT178,Karen Perez,BSc-IT,FY,1,Female,20,SC,479401,27,46,35,0,43876,2025-03-20,No,4.3,Pretty model thing star per arm.,5,Yes,Yes,2022-2025,99.72,88.16,2.51,5,189,34,16,8.1,4.0,School,Yes,Medium,4,No,2,2,Yes,Dropped Out
25IT179,Kayla Henry,BSc-IT,FY,2,Other,21,ST,157234,21,66,25,0,23099,2025-06-07,Yes,4.2,Conference term message teach everything.,48,No,Yes,2023-2026,57.17,74.69,2.19,5,123,8,0,7.8,5.0,None,No,High,4,Yes,1,2,Yes,Active
25IT180,Laurie Lowe,BSc-IT,FY,2,Female,21,SC,612071,21,30,32,0,45714,2025-07-26,No,4.8,Lot enjoy involve little light country.,16,Yes,Yes,2023-2025,65.08,65.14,3.72,1,106,12,15,1.9,2.3,None,Yes,High,6,Yes,0,3,No,Graduated
25IT181,Michael Larson,BSc-IT,FY,2,Other,20,SC,930075,24,34,32,3,23927,2025-01-03,Yes,3.3,Research subject visit water data foreign seek.,31,No,Yes,2024-2025,58.75,72.73,3.68,2,18,46,13,4.2,4.3,None,No,Low,8,No,1,0,Yes,Graduated
25IT182,Joe Robinson,BSc-IT,FY,1,Female,20,SC,685415,22,33,25,0,40683,2025-01-24,No,4.2,Southern item experience middle.,25,No,No,2023-2026,69.72,98.36,4.13,0,82,13,9,5.3,2.3,None,No,High,6,No,3,5,No,Dropped Out
25IT183,Gary King,BSc-IT,FY,1,Other,21,General,933032,27,59,31,0,49066,2025-07-09,No,3.8,Range rise site newspaper both executive.,29,Yes,No,2024-2025,72.18,96.84,3.48,5,64,32,8,5.8,3.9,PG,Yes,Medium,9,Yes,0,0,No,Graduated
25IT184,Allison House,BSc-IT,FY,2,Other,19,ST,218076,22,66,31,2,45516,2025-05-05,Yes,3.8,To now someone every any this need.,50,No,No,2022-2026,91.64,78.56,4.43,2,180,21,13,4.4,1.1,School,Yes,Medium,10,Yes,3,5,No,Graduated
25IT185,Jenny Crawford,BSc-IT,FY,1,Female,18,SC,972080,20,54,48,3,49490,2025-01-21,Yes,4.9,Back establish arm begin same official education.,6,No,Yes,2022-2026,85.18,93.2,3.63,1,116,25,4,5.9,4.7,PG,Yes,Low,2,Yes,3,4,Yes,Active
25IT186,William Dickerson,BSc-IT,FY,2,Male,18,OBC,347949,30,36,33,2,20372,2025-03-25,No,3.3,Medical draw believe leave wear drive.,5,Yes,Yes,2023-2025,72.13,86.18,3.8,3,14,18,16,2.9,4.8,School,No,Low,9,Yes,3,0,No,Dropped Out
25IT187,Veronica Shepard,BSc-IT,FY,2,Male,20,OBC,887931,25,60,49,1,35377,2025-01-22,No,3.2,Cold war road evidence political.,44,Yes,No,2023-2026,85.49,94.61,4.43,2,173,13,1,1.5,2.1,PG,Yes,Low,3,Yes,3,4,Yes,Graduated
25IT188,Lindsay Richardson,BSc-IT,FY,1,Male,23,SC,587492,25,61,31,1,48510,2025-02-08,Yes,3.5,Cause available within reduce.,0,Yes,Yes,2023-2026,73.09,71.8,2.68,1,139,13,6,4.8,2.1,PG,No,High,1,Yes,3,0,No,Dropped Out
25IT189,John Thomas,BSc-IT,FY,2,Male,19,ST,803295,23,50,30,0,32287,2025-07-07,No,4.5,Audience while six expect.,21,Yes,No,2022-2026,94.3,67.33,4.83,3,62,49,16,7.9,1.7,UG,Yes,Medium,5,Yes,3,5,No,Graduated
25IT190,Christy Hanson,BSc-IT,FY,2,Other,23,OBC,666573,22,48,41,1,26126,2025-03-12,Yes,4.3,Economy record military risk really real born.,27,Yes,Yes,2023-2026,50.52,63.95,2.02,0,177,17,9,7.0,1.3,None,No,High,7,No,1,5,No,Active
25IT191,Nicole Gonzalez,BSc-IT,FY,2,Male,21,OBC,493123,25,62,21,1,33902,2025-06-01,Yes,4.0,City measure team score total half budget.,1,Yes,No,2023-2025,93.08,83.71,3.62,3,192,8,5,9.2,4.4,PG,Yes,High,4,Yes,3,4,Yes,Graduated
25IT192,Kathleen Harper,BSc-IT,FY,1,Male,23,OBC,219971,26,52,43,2,49417,2025-06-15,Yes,3.8,Hit still floor yeah back meet.,17,No,No,2024-2026,83.48,70.69,4.44,2,196,46,8,5.8,3.7,None,Yes,Low,3,Yes,3,2,Yes,Dropped Out
25IT193,Sarah Rodriguez,BSc-IT,FY,1,Male,21,SC,282279,24,40,49,3,38143,2025-06-01,Yes,3.5,Here sort front hundred short everything forward view.,2,Yes,Yes,2022-2025,61.33,92.1,4.84,4,20,24,18,5.4,2.3,PG,No,Low,5,No,3,5,Yes,Active
25IT194,John Ballard,BSc-IT,FY,2,Female,18,ST,351061,25,45,39,0,46912,2025-04-16,Yes,3.9,Along sit girl later ball.,33,Yes,Yes,2023-2025,63.23,99.01,1.52,5,141,11,15,1.0,4.7,UG,No,High,5,No,3,4,Yes,Graduated
25IT195,Christopher Thomas,BSc-IT,FY,1,Other,22,OBC,695938,29,43,28,0,48312,2025-03-09,No,3.3,Occur challenge worry thousand in.,1,No,Yes,2022-2025,65.34,62.06,1.92,3,36,50,15,4.5,3.4,PG,Yes,Medium,1,Yes,1,1,Yes,Dropped Out
25IT196,Amy Brooks,BSc-IT,FY,2,Female,23,ST,501829,26,44,29,1,38383,2025-01-04,Yes,4.3,Energy now picture what scientist.,25,Yes,No,2022-2025,79.95,88.3,1.12,4,12,41,9,6.2,3.5,School,No,High,8,Yes,0,4,No,Dropped Out
25IT197,Shirley Riley DDS,BSc-IT,FY,1,Female,21,OBC,507431,23,33,24,2,31880,2025-03-20,No,4.6,Hospital service resource still short support employee notice.,47,No,Yes,2023-2025,89.13,80.21,1.76,1,23,44,18,2.8,2.6,School,Yes,High,8,Yes,0,0,Yes,Dropped Out
25IT198,Brittany Holland,BSc-IT,FY,2,Other,21,OBC,428167,22,40,32,3,24136,2025-03-14,No,4.2,Without back fast law by several.,45,Yes,No,2024-2026,89.21,96.32,4.1,1,34,21,6,6.1,2.9,UG,No,Medium,6,No,2,1,No,Dropped Out
25IT199,Amanda Holmes,BSc-IT,FY,2,Female,18,ST,903022,24,33,27,2,29504,2025-06-24,No,4.1,Standard near court environment.,3,Yes,Yes,2023-2025,72.91,63.46,2.11,2,159,50,1,2.1,3.4,None,No,High,9,Yes,0,2,No,Dropped Out
25IT200,Jennifer Campbell,BSc-IT,FY,2,Female,21,ST,842063,22,59,42,1,32944,2025-04-17,Yes,4.9,Town event check rate.,47,No,Yes,2023-2026,98.41,78.58,1.97,1,86,36,7,8.8,3.6,None,Yes,Low,2,No,1,3,No,Graduated
24IT01,Janice Bush,BSc-IT,SY,2,Male,20,OBC,654108,21,34,24,2,40900,2025-06-07,No,4.4,Similar administration discuss second season thought subject.,6,Yes,No,2024-2025,56.36,71.77,1.02,3,87,29,4,4.2,3.4,PG,Yes,Low,3,Yes,3,5,No,Active
24IT02,Christina Taylor,BSc-IT,SY,2,Other,22,ST,945607,23,41,37,3,48544,2025-01-17,No,4.3,Member notice relate must visit team.,11,Yes,Yes,2024-2025,98.48,61.34,4.07,1,166,12,1,9.4,1.8,None,Yes,Low,8,Yes,1,3,No,Dropped Out
24IT03,Danielle Hall,BSc-IT,SY,2,Female,18,OBC,144739,20,69,24,1,28046,2025-07-09,No,4.0,Support control prevent ten.,30,No,No,2024-2025,88.37,69.9,2.8,3,137,13,16,1.6,4.6,None,Yes,High,4,No,2,4,No,Dropped Out
24IT04,Hailey Harper,BSc-IT,SY,2,Female,20,OBC,522023,24,64,28,2,33066,2025-01-11,Yes,4.4,Detail truth fly look.,32,Yes,No,2022-2026,82.01,82.25,1.48,2,56,29,18,4.4,4.9,PG,Yes,Medium,4,No,1,5,Yes,Dropped Out
24IT05,Christopher Foster,BSc-IT,SY,2,Male,20,General,676076,24,58,35,0,33355,2025-03-28,Yes,3.9,Be career turn democratic.,1,Yes,No,2022-2026,88.94,84.81,3.03,5,151,11,1,4.0,3.4,PG,Yes,Low,2,Yes,3,1,Yes,Graduated
24IT06,Gary Jones,BSc-IT,SY,1,Female,18,SC,476491,28,45,43,3,40045,2025-01-16,Yes,4.1,Indicate news we effect.,42,No,No,2024-2026,51.06,82.46,4.23,4,119,18,10,9.8,2.9,UG,No,Medium,10,No,0,4,No,Active
24IT07,Miguel Aguilar,BSc-IT,SY,2,Other,23,SC,820807,27,45,27,1,29343,2025-05-22,No,4.9,Forward open record force huge.,47,No,Yes,2022-2025,55.03,85.45,4.98,4,34,9,16,6.9,2.1,UG,No,Medium,3,No,2,0,No,Dropped Out
24IT08,Ronald Lowe,BSc-IT,SY,2,Male,23,OBC,264571,28,46,39,0,28627,2025-05-12,Yes,4.6,Assume class ever.,8,Yes,Yes,2023-2026,98.07,72.18,2.47,3,128,27,12,2.9,2.8,PG,Yes,Low,1,Yes,1,1,No,Dropped Out
24IT09,Michelle Wilson,BSc-IT,SY,1,Male,21,SC,369764,30,55,29,3,44476,2025-04-08,No,4.1,Tax wrong feel go avoid front nothing.,29,Yes,Yes,2022-2026,77.18,68.55,1.64,0,160,9,19,1.5,4.7,None,No,Low,4,Yes,0,2,No,Active
24IT10,Caitlin Mcdowell,BSc-IT,SY,1,Male,20,SC,304465,27,63,46,1,48170,2025-04-22,No,4.2,Choice Mr alone several color Republican statement.,23,No,Yes,2022-2026,50.57,68.43,1.69,2,34,8,16,2.4,3.5,None,Yes,Medium,6,Yes,2,3,Yes,Graduated
24IT11,Brian Leon,BSc-IT,SY,1,Male,21,SC,524001,29,31,49,2,30238,2025-07-05,Yes,3.6,Choose collection prepare wide environmental base.,16,No,No,2022-2026,70.37,97.27,4.37,3,160,36,7,2.0,4.9,None,Yes,Low,8,No,1,5,Yes,Graduated
24IT12,Sandy Robinson,BSc-IT,SY,1,Other,18,OBC,366111,30,34,48,1,23857,2025-04-23,Yes,4.1,Research light part kind Democrat.,36,Yes,No,2023-2026,52.04,75.15,2.07,0,75,9,4,3.2,3.3,None,Yes,Low,5,No,1,0,No,Dropped Out
24IT13,Rachel Wright,BSc-IT,SY,1,Female,23,OBC,669646,21,52,25,2,43095,2025-01-11,Yes,4.2,Argue technology watch provide.,16,Yes,No,2022-2025,68.78,78.6,4.93,4,35,34,13,8.9,1.6,None,No,Low,2,No,3,0,Yes,Graduated
24IT14,Rebecca Haynes,BSc-IT,SY,2,Female,23,SC,926893,20,54,38,2,23149,2025-04-17,No,3.1,Maybe hospital require no.,37,No,Yes,2022-2025,93.89,93.15,2.33,3,170,18,9,4.6,1.4,School,No,Medium,1,Yes,2,3,Yes,Dropped Out
24IT15,Joanne Duncan,BSc-IT,SY,2,Other,22,OBC,200763,21,35,22,1,38104,2025-06-03,Yes,3.4,Night face standard arrive office.,7,No,Yes,2024-2025,52.2,97.93,3.45,3,42,26,18,3.2,2.2,School,No,Medium,6,No,1,4,Yes,Active
24IT16,Kimberly Nelson,BSc-IT,SY,1,Other,21,General,670304,28,34,28,3,32509,2025-04-23,No,4.0,Stay exist gas bad.,34,No,Yes,2023-2026,82.24,97.82,3.3,0,108,9,17,9.1,2.6,School,No,High,4,Yes,1,0,Yes,Dropped Out
24IT17,Michael Pope,BSc-IT,SY,1,Female,19,SC,835295,20,43,22,3,49036,2025-07-21,Yes,3.4,End few create garden close past smile.,32,No,No,2023-2025,95.02,93.8,4.11,4,94,36,20,7.1,2.4,PG,Yes,Medium,7,No,1,1,Yes,Graduated
24IT18,Omar Beck,BSc-IT,SY,2,Other,18,General,383676,21,47,24,1,38917,2025-05-04,No,3.8,Tend community charge education big baby.,23,No,No,2022-2025,76.39,92.38,3.84,3,175,15,14,2.2,4.9,School,Yes,Low,10,Yes,2,4,Yes,Active
24IT19,Allen Davis,BSc-IT,SY,2,Female,19,General,405057,25,66,34,0,31400,2025-04-09,No,4.3,Make happy daughter pressure life.,28,No,No,2022-2026,99.3,90.69,3.08,2,76,8,15,9.3,2.1,None,No,High,6,No,3,1,No,Active
24IT20,Michael Carter,BSc-IT,SY,2,Other,23,SC,911337,29,60,43,3,37949,2025-06-11,No,3.6,Spring economy she itself firm.,38,No,Yes,2024-2025,84.41,88.03,4.35,5,155,42,19,6.4,4.7,None,No,High,9,No,2,4,Yes,Graduated
24IT21,Jessica Johnson,BSc-IT,SY,2,Male,22,SC,743124,20,60,29,3,37477,2025-01-23,Yes,4.5,Sometimes be produce process serve.,33,No,No,2024-2026,75.08,93.41,1.65,4,38,12,11,2.9,4.2,UG,Yes,Medium,2,No,0,3,No,Graduated
24IT22,Lori Mitchell,BSc-IT,SY,1,Female,18,OBC,213093,21,52,29,0,34128,2025-03-13,No,4.5,Major tough sell into week.,22,No,Yes,2023-2026,50.47,64.18,2.18,3,174,8,20,1.7,4.1,School,No,Low,6,Yes,1,0,No,Dropped Out
24IT23,Jennifer Chambers,BSc-IT,SY,2,Other,18,General,436138,28,43,25,2,37800,2025-03-25,No,4.7,Early provide food true six may.,10,No,No,2023-2025,62.93,95.41,2.87,1,73,39,2,9.7,4.4,PG,No,Medium,8,No,1,1,Yes,Dropped Out
24IT24,Donald Hall,BSc-IT,SY,1,Other,19,OBC,373980,30,34,28,3,40574,2025-05-04,No,3.7,Hot identify on security.,2,Yes,Yes,2022-2025,76.06,61.17,3.54,4,94,24,7,5.9,2.9,UG,Yes,Low,2,Yes,3,4,No,Active
24IT25,Veronica Smith,BSc-IT,SY,1,Male,19,ST,110807,30,40,40,3,25509,2025-03-08,No,4.9,Decade affect rule health far.,21,Yes,Yes,2023-2026,58.3,99.58,1.01,3,129,27,8,3.7,1.6,School,Yes,High,10,Yes,0,1,No,Dropped Out
24IT26,Crystal Schmidt,BSc-IT,SY,2,Other,23,OBC,161548,29,43,24,0,43597,2025-02-26,No,3.9,Condition reach wall during bank ten.,42,No,No,2024-2025,69.72,78.66,1.83,1,123,16,8,1.6,5.0,UG,No,High,1,No,3,0,Yes,Active
24IT27,Angela Day,BSc-IT,SY,2,Other,18,ST,752065,22,48,30,2,27108,2025-03-31,Yes,3.8,Society page sea imagine operation.,25,Yes,Yes,2024-2025,55.43,88.91,1.41,3,178,10,18,3.7,1.4,School,No,Low,10,Yes,2,0,Yes,Dropped Out
24IT28,Lauren Daniel,BSc-IT,SY,2,Other,21,SC,712725,21,58,20,2,27254,2025-06-09,Yes,3.6,See learn loss teach yet yourself.,38,Yes,Yes,2024-2025,97.23,78.91,1.26,0,53,47,13,8.9,1.2,School,No,Medium,10,No,2,3,Yes,Graduated
24IT29,Lauren Thompson,BSc-IT,SY,2,Female,21,SC,494633,25,70,26,2,25893,2025-03-21,Yes,4.4,Education recognize material vote officer.,36,No,No,2023-2026,50.05,63.03,3.8,3,42,47,1,6.2,3.3,School,Yes,High,5,Yes,2,0,No,Dropped Out
24IT30,Anna Garcia,BSc-IT,SY,1,Female,22,General,116962,26,35,37,0,37011,2025-03-08,Yes,3.4,Nothing movie Democrat if fall yeah.,14,No,No,2023-2026,67.08,81.88,1.76,5,108,47,14,9.1,3.8,School,Yes,Medium,8,Yes,3,5,No,Dropped Out
24IT31,Jessica Smith,BSc-IT,SY,1,Male,22,SC,455977,25,31,26,3,40455,2025-03-18,Yes,3.3,Business success old arm father.,13,Yes,No,2022-2025,93.0,95.49,4.19,2,12,27,8,8.8,2.9,PG,No,Low,9,Yes,1,5,No,Dropped Out
24IT32,Brandon Leblanc,BSc-IT,SY,2,Female,21,OBC,260717,26,46,39,0,21098,2025-03-17,Yes,4.6,Public feeling stop American see lose charge.,10,No,Yes,2023-2025,79.26,91.29,2.71,2,98,30,18,6.4,4.5,School,No,Medium,5,Yes,3,0,Yes,Active
24IT33,Kristin Gonzalez,BSc-IT,SY,1,Female,20,OBC,515437,28,55,23,0,23444,2025-07-27,Yes,3.5,Evidence modern yes theory.,2,Yes,No,2023-2025,89.87,78.91,2.46,2,140,34,15,3.7,3.3,PG,No,Medium,10,Yes,3,5,No,Dropped Out
24IT34,Margaret Swanson,BSc-IT,SY,2,Other,22,ST,341663,20,66,49,0,20542,2025-06-03,No,5.0,Professor control American.,28,No,No,2024-2025,67.13,80.2,2.93,0,188,43,19,5.5,1.4,PG,No,High,10,Yes,1,5,Yes,Dropped Out
24IT35,Jamie Evans,BSc-IT,SY,1,Other,18,SC,620485,28,32,27,3,27093,2025-06-09,Yes,3.1,Prove old learn north main.,25,No,Yes,2022-2025,56.27,77.37,4.19,2,129,50,12,8.9,1.9,UG,Yes,High,10,No,0,1,No,Dropped Out
24IT36,Allison Daniels,BSc-IT,SY,2,Other,18,SC,830745,22,47,37,1,42094,2025-07-25,No,3.7,Represent small light second effect.,29,Yes,Yes,2024-2025,54.95,76.22,3.2,2,134,21,19,8.2,1.6,PG,Yes,High,3,Yes,2,4,No,Active
24IT37,Justin Wilkins,BSc-IT,SY,2,Male,18,SC,935164,21,41,39,2,34972,2025-05-06,Yes,4.5,Since must agreement little without.,8,No,Yes,2022-2025,70.16,98.11,1.23,3,27,23,9,1.6,4.9,UG,No,High,5,Yes,3,1,Yes,Dropped Out
24IT38,Travis Rios,BSc-IT,SY,1,Female,20,SC,811182,25,48,39,0,49804,2025-01-19,Yes,4.9,Surface protect car than college Mrs.,10,No,No,2024-2025,94.56,77.86,2.43,2,44,10,11,7.9,4.0,School,No,Low,5,Yes,2,0,Yes,Active
24IT39,Olivia Williams,BSc-IT,SY,1,Male,19,General,100542,27,56,43,1,42404,2025-01-17,No,4.8,Onto tax official ability get common help.,46,Yes,Yes,2023-2026,90.21,98.83,2.08,5,51,14,20,4.7,4.4,PG,Yes,High,4,Yes,1,3,Yes,Dropped Out
24IT40,Erika Salinas,BSc-IT,SY,2,Female,18,General,334527,20,69,43,0,47482,2025-04-09,No,4.5,Vote television wait.,50,Yes,No,2023-2025,85.22,92.59,4.43,2,193,33,18,7.4,2.3,None,No,Medium,10,Yes,0,5,Yes,Dropped Out
24IT41,Jon Perkins,BSc-IT,SY,1,Female,21,OBC,331414,25,37,37,0,35387,2025-03-22,No,4.2,Role hair end human drug site collection.,7,Yes,Yes,2023-2025,66.87,84.52,3.29,3,86,9,7,5.8,4.0,UG,No,Medium,10,No,3,3,Yes,Graduated
24IT42,Michael Stevens,BSc-IT,SY,1,Female,22,ST,477536,30,65,46,0,40272,2025-05-05,Yes,4.6,Decision such there have record cell.,1,No,No,2022-2026,91.55,86.93,3.55,4,141,23,4,2.5,1.7,None,Yes,Low,3,Yes,1,0,No,Dropped Out
24IT43,Veronica Barr,BSc-IT,SY,2,Female,23,General,912032,21,70,30,2,32264,2025-07-18,No,3.4,Against affect pick fill evidence amount responsibility.,30,No,No,2024-2025,58.22,71.58,3.96,5,191,15,11,3.9,3.4,PG,No,Medium,6,No,3,0,No,Graduated
24IT44,Billy Hickman,BSc-IT,SY,1,Male,18,General,385088,28,53,46,0,40281,2025-02-15,No,4.7,Trouble reality explain father drive old play someone.,2,Yes,No,2024-2026,78.43,78.7,4.13,0,153,40,5,4.3,1.3,UG,Yes,High,3,No,2,0,Yes,Graduated
24IT45,Linda White,BSc-IT,SY,1,Male,22,ST,648768,25,45,35,0,46367,2025-03-18,No,4.6,Respond computer each federal.,2,No,No,2024-2025,82.27,74.17,2.8,0,139,19,2,3.8,1.1,PG,Yes,Low,5,Yes,1,4,Yes,Graduated
24IT46,Aaron Sanchez,BSc-IT,SY,2,Female,21,SC,370632,20,39,47,1,34290,2025-01-05,No,3.2,Alone school third dinner teacher.,15,Yes,No,2024-2026,93.9,67.95,1.25,5,72,49,16,3.6,3.0,School,Yes,High,3,Yes,1,0,No,Dropped Out
24IT47,Kiara Anderson,BSc-IT,SY,1,Other,22,ST,861797,24,46,48,0,48544,2025-04-18,No,4.0,Probably give audience bag whose interview American involve.,23,Yes,No,2024-2026,95.76,72.89,1.16,0,128,42,14,3.3,4.3,School,No,Medium,9,No,0,2,Yes,Dropped Out
24IT48,Daniel Webb,BSc-IT,SY,2,Male,18,SC,768180,27,56,23,0,30653,2025-03-13,Yes,3.0,Along window entire.,33,Yes,Yes,2023-2026,81.06,93.09,1.95,4,135,28,10,5.0,3.4,UG,Yes,High,8,Yes,3,3,No,Active
24IT49,Peter Fuentes,BSc-IT,SY,1,Male,20,General,618126,29,35,22,0,39161,2025-01-05,Yes,4.9,Race member learn however.,40,Yes,Yes,2024-2025,94.5,66.86,1.2,1,32,28,2,8.8,4.6,UG,Yes,High,6,No,1,3,No,Graduated
24IT50,Bruce Jacobs,BSc-IT,SY,1,Female,21,ST,992133,28,58,45,3,33662,2025-05-11,No,3.8,Responsibility guy card deep.,25,No,No,2022-2026,57.81,79.04,2.02,1,38,22,7,3.1,2.7,PG,Yes,Low,7,No,0,5,No,Dropped Out
24IT51,Tommy Duran,BSc-IT,SY,2,Female,18,SC,678566,21,59,29,2,46492,2025-01-13,No,3.3,Pay dream put enough church.,37,Yes,Yes,2023-2026,97.14,69.17,2.77,5,169,27,17,6.8,2.2,School,No,Low,8,Yes,2,4,No,Graduated
24IT52,April Cox,BSc-IT,SY,1,Other,19,OBC,986647,26,64,33,1,43223,2025-03-22,Yes,4.7,Whatever energy write economic form.,42,No,Yes,2023-2026,89.77,81.19,2.36,0,80,32,11,7.8,5.0,PG,Yes,Medium,7,No,3,0,Yes,Graduated
24IT53,Robert Bright,BSc-IT,SY,1,Male,23,SC,983381,29,49,42,3,41399,2025-04-22,No,4.2,Outside wind they young generation.,40,No,Yes,2023-2025,66.46,67.93,2.04,3,61,33,18,3.2,3.6,School,Yes,Medium,10,No,0,4,No,Active
24IT54,Gregory Kramer,BSc-IT,SY,2,Female,20,General,832834,26,60,29,0,23386,2025-03-29,No,4.0,Population network third attorney bill.,22,Yes,Yes,2024-2026,64.12,80.66,3.53,0,78,35,18,7.3,4.5,School,Yes,Low,9,No,1,0,Yes,Active
24IT55,Richard Casey,BSc-IT,SY,1,Other,20,OBC,610556,27,56,22,1,31614,2025-04-07,No,4.2,What good expect approach management low.,20,Yes,No,2022-2025,55.65,71.04,1.01,1,140,8,15,5.5,1.1,UG,No,Low,10,Yes,3,3,Yes,Active
24IT56,Stephanie Banks,BSc-IT,SY,1,Female,19,General,358068,20,69,47,0,46254,2025-03-25,No,3.7,Director top set seven mission avoid build.,1,Yes,No,2022-2025,78.97,78.5,3.87,2,125,11,5,2.8,1.5,School,No,Medium,5,Yes,0,0,Yes,Dropped Out
24IT57,David Kelley,BSc-IT,SY,2,Female,22,OBC,326907,25,67,42,1,41519,2025-05-13,Yes,4.3,What moment close religious.,5,No,No,2023-2026,79.15,90.79,4.42,0,148,40,15,3.1,4.1,None,No,Medium,9,Yes,2,0,Yes,Graduated
24IT58,Christine Ritter,BSc-IT,SY,2,Female,23,OBC,275841,29,58,46,0,46810,2025-06-02,No,3.7,Interview entire source impact.,23,No,Yes,2022-2025,87.71,98.36,3.26,4,160,26,16,3.2,3.6,None,Yes,Low,10,Yes,0,4,No,Dropped Out
24IT59,Taylor Lopez,BSc-IT,SY,1,Male,21,SC,104982,22,49,41,1,33222,2025-05-13,No,4.0,Democrat wall near economy bag its.,47,No,Yes,2022-2025,78.13,89.96,4.8,1,156,37,1,1.3,4.1,School,No,Low,2,Yes,3,2,Yes,Dropped Out
24IT60,Jennifer Riley,BSc-IT,SY,2,Male,20,ST,206102,27,47,25,3,36649,2025-03-24,Yes,4.7,Smile once eight participant.,6,No,No,2024-2025,52.23,72.35,3.48,5,179,18,12,7.5,3.1,PG,Yes,Low,7,Yes,3,5,No,Dropped Out
24IT61,Kristen Stewart,BSc-IT,SY,2,Other,20,General,738363,24,33,40,2,24280,2025-05-26,Yes,3.1,Wait party service modern employee animal.,21,Yes,No,2023-2026,71.24,80.33,2.67,1,144,14,16,5.1,1.3,None,Yes,High,5,No,2,0,No,Dropped Out
24IT62,David Watson,BSc-IT,SY,1,Other,22,General,576156,29,54,49,1,21878,2025-07-22,Yes,4.7,Street enough close whole four blood.,10,No,No,2023-2025,82.75,64.07,4.02,3,56,27,11,8.1,2.6,PG,No,Medium,3,Yes,1,2,Yes,Graduated
24IT63,Beverly Long,BSc-IT,SY,1,Female,19,OBC,755857,21,40,33,3,49559,2025-06-06,No,4.9,Dog fish us task.,38,Yes,No,2023-2026,70.64,97.56,1.93,3,13,37,2,3.6,1.2,School,Yes,Medium,5,Yes,3,0,No,Dropped Out
24IT64,Timothy Sanders,BSc-IT,SY,2,Male,20,SC,179330,20,63,46,1,25988,2025-04-07,No,4.8,Add natural fact trade.,2,Yes,Yes,2023-2026,80.66,92.63,4.45,0,31,10,8,9.6,3.4,UG,No,High,8,No,1,5,Yes,Active
24IT65,Joann Perry,BSc-IT,SY,2,Male,19,General,118473,28,51,42,1,45378,2025-03-27,No,3.4,Mention dog mind provide me majority.,35,Yes,Yes,2022-2025,58.8,66.67,3.25,0,194,19,14,4.4,4.6,UG,Yes,High,3,No,1,5,No,Dropped Out
24IT66,Ryan Allen,BSc-IT,SY,1,Other,21,General,101851,28,32,42,3,45210,2025-04-03,Yes,4.1,Charge feeling country put yet human somebody community.,4,No,Yes,2022-2025,54.6,79.24,2.52,2,115,22,10,2.6,2.4,None,No,Medium,2,Yes,1,1,Yes,Graduated
24IT67,Sarah Lee,BSc-IT,SY,1,Other,19,SC,606207,30,42,38,0,31045,2025-02-09,No,4.5,Concern special laugh leave exist.,25,No,No,2024-2026,58.68,69.68,3.85,0,136,8,9,4.3,5.0,UG,Yes,Medium,2,Yes,0,3,Yes,Graduated
24IT68,Louis Hernandez,BSc-IT,SY,1,Other,19,SC,918061,28,57,28,2,43169,2025-01-22,No,4.0,Under station billion wait service.,5,Yes,No,2024-2025,95.37,73.61,1.47,4,173,12,20,8.2,3.7,PG,Yes,High,7,Yes,0,5,No,Active
24IT69,Alex Norris,BSc-IT,SY,1,Other,20,ST,139753,24,31,44,1,37459,2025-04-05,Yes,3.5,Since explain suddenly instead either boy.,31,No,Yes,2022-2025,77.92,76.78,2.36,2,149,31,18,9.9,1.5,PG,No,Low,5,Yes,3,5,Yes,Graduated
24IT70,Cathy Sharp,BSc-IT,SY,2,Other,18,SC,791562,22,51,25,2,27750,2025-07-05,Yes,3.6,Structure adult room wrong teach join.,39,Yes,Yes,2023-2025,54.58,71.8,3.26,5,59,27,12,4.9,4.3,UG,Yes,High,2,Yes,0,4,Yes,Dropped Out
24IT71,Patrick Walton,BSc-IT,SY,1,Male,20,OBC,817644,27,54,32,1,48928,2025-05-17,No,3.3,Hospital nothing trouble eat wonder college.,49,Yes,No,2024-2026,54.72,63.48,3.54,5,55,12,11,4.4,2.1,PG,Yes,High,5,Yes,2,0,Yes,Active
24IT72,Amy Sanders,BSc-IT,SY,1,Male,20,SC,416842,21,35,28,0,35933,2025-06-29,No,3.4,Certainly foreign reach.,10,Yes,No,2024-2025,55.61,66.79,2.71,1,190,26,16,4.1,4.3,UG,Yes,High,4,Yes,3,2,No,Graduated
24IT73,Kimberly Strickland,BSc-IT,SY,2,Other,18,General,409216,20,68,39,2,48152,2025-01-15,Yes,4.0,Another hold begin create stop class interview.,32,No,No,2022-2025,57.11,96.94,4.43,0,17,9,12,6.1,4.4,None,Yes,Low,8,Yes,3,0,Yes,Active
24IT74,Erin Cannon,BSc-IT,SY,2,Female,19,OBC,178856,28,44,20,3,26426,2025-01-16,Yes,4.0,Feel attack guess decade.,29,No,No,2024-2025,57.47,87.82,4.58,1,69,45,10,1.3,2.3,PG,No,Medium,1,No,0,0,Yes,Dropped Out
24IT75,Angel Brown,BSc-IT,SY,1,Male,18,OBC,374912,24,70,30,0,44870,2025-02-06,No,3.7,Study son board specific course.,24,Yes,Yes,2022-2026,96.57,99.09,2.99,5,130,25,8,5.3,3.7,UG,No,Low,6,Yes,2,4,No,Graduated
24IT76,Carlos Holmes,BSc-IT,SY,2,Female,23,SC,894180,25,46,20,3,30907,2025-01-18,Yes,3.6,Ten show government public a bill friend.,38,No,Yes,2022-2026,69.86,81.21,1.13,5,156,50,15,7.0,4.7,PG,Yes,Low,1,Yes,2,4,No,Active
24IT77,Lauren Thomas,BSc-IT,SY,1,Female,18,General,476174,20,37,29,1,43596,2025-05-06,Yes,3.7,Prevent mission chair black role scene name.,29,Yes,No,2023-2025,96.09,98.04,3.81,0,53,11,5,3.7,3.0,School,Yes,Medium,9,No,1,0,Yes,Graduated
24IT78,Cynthia Jones,BSc-IT,SY,1,Other,20,SC,280953,26,69,34,1,44638,2025-07-20,Yes,4.9,Their large everything detail window hand camera.,37,Yes,No,2023-2026,71.94,61.03,2.32,1,180,43,15,5.8,1.2,None,Yes,High,3,Yes,3,3,Yes,Dropped Out
24IT79,Kristina Rowe,BSc-IT,SY,1,Other,21,SC,685494,21,67,20,0,43578,2025-03-10,No,4.1,Take he never pull spring significant billion.,7,Yes,Yes,2022-2026,87.22,61.35,1.09,4,53,19,18,1.8,4.5,UG,Yes,High,4,Yes,0,2,Yes,Active
24IT80,Kevin Forbes,BSc-IT,SY,1,Other,21,ST,317594,25,61,36,0,32580,2025-06-12,No,4.4,Food anyone move daughter their.,18,No,No,2023-2025,82.15,79.62,2.46,1,100,42,8,5.4,3.0,School,Yes,High,6,Yes,0,2,Yes,Graduated
24IT81,Johnny Campbell,BSc-IT,SY,1,Other,22,SC,120159,26,47,40,2,32438,2025-06-19,Yes,4.7,Able go hand history.,22,Yes,No,2022-2025,59.71,83.99,1.49,3,131,44,10,3.5,4.4,None,No,Low,4,Yes,2,0,No,Dropped Out
24IT82,Brianna Miles,BSc-IT,SY,1,Male,18,OBC,730434,27,53,50,2,25100,2025-05-29,No,3.7,If health food religious meeting strong animal.,25,Yes,No,2023-2026,74.84,63.13,1.75,3,57,46,13,5.7,3.5,PG,No,Medium,4,No,2,5,No,Graduated
24IT83,David Clarke,BSc-IT,SY,1,Other,23,OBC,309012,25,60,24,2,43763,2025-05-01,Yes,4.9,Fight money anyone interview offer member tax.,47,Yes,No,2024-2025,84.12,65.44,1.2,3,11,48,10,4.2,1.5,PG,No,Low,10,No,3,2,Yes,Graduated
24IT84,Ann Ali,BSc-IT,SY,1,Male,22,OBC,377292,30,55,26,0,30962,2025-03-20,Yes,4.7,Early term back wish general nice.,11,No,No,2024-2025,94.87,70.18,4.32,1,112,32,18,5.6,4.3,School,Yes,Low,6,Yes,2,5,Yes,Graduated
24IT85,Amber Acosta DDS,BSc-IT,SY,1,Female,18,General,923755,21,40,25,1,39516,2025-05-22,Yes,3.6,Majority husband current.,18,Yes,Yes,2023-2025,76.37,86.7,1.83,4,89,49,5,3.9,3.7,PG,No,Low,4,No,3,1,No,Graduated
24IT86,Nicole Scott,BSc-IT,SY,2,Male,19,General,217655,25,50,25,3,49872,2025-06-25,Yes,3.7,Explain either half top policy.,15,Yes,No,2024-2026,61.44,72.37,1.34,4,122,27,2,6.4,4.1,UG,No,Medium,9,No,0,4,No,Active
24IT87,Kristen Kim,BSc-IT,SY,2,Female,20,SC,620222,23,65,44,3,25579,2025-05-18,Yes,4.1,Team resource training.,30,Yes,Yes,2024-2025,99.97,94.92,3.45,3,20,26,7,9.1,2.1,PG,Yes,High,2,Yes,0,5,Yes,Graduated
24IT88,Jenny Jones,BSc-IT,SY,1,Other,20,SC,647353,26,65,44,1,41860,2025-06-02,No,4.5,Question too visit hand thus.,49,No,Yes,2024-2026,88.34,75.61,1.66,2,100,29,19,6.5,4.9,UG,Yes,Medium,1,Yes,3,4,Yes,Active
24IT89,Stacie Taylor,BSc-IT,SY,1,Female,22,OBC,665767,22,61,40,0,36738,2025-02-04,Yes,3.8,Letter medical expert too.,32,Yes,No,2024-2026,99.91,97.29,3.42,1,38,6,14,5.5,4.1,UG,No,Low,3,Yes,1,4,No,Active
24IT90,Kimberly Graham,BSc-IT,SY,1,Male,19,ST,396343,20,59,24,1,23078,2025-02-22,No,4.8,Because significant left a.,4,Yes,No,2024-2026,97.25,62.23,2.54,3,96,33,6,2.9,1.1,None,No,Medium,3,No,1,5,No,Graduated
24IT91,Jeanette Conley,BSc-IT,SY,1,Other,18,OBC,805201,25,49,27,0,22602,2025-06-04,No,4.6,Car movie five professor sort cell.,27,Yes,No,2023-2026,59.25,93.07,3.46,1,35,7,12,8.2,5.0,School,No,Low,4,No,1,3,No,Active
24IT92,Krystal Martin,BSc-IT,SY,2,Male,22,ST,139540,25,62,50,1,49132,2025-01-26,No,3.6,Sing TV entire itself green.,38,No,Yes,2022-2025,56.2,87.95,2.09,2,41,13,5,7.8,2.6,PG,Yes,Low,10,No,2,4,No,Active
24IT93,Jose Wolfe,BSc-IT,SY,2,Other,20,General,964258,28,70,31,3,30839,2025-02-25,No,4.5,Huge from near represent attorney movie.,28,Yes,No,2023-2026,82.97,95.1,4.4,3,115,19,3,3.4,4.7,None,No,Low,7,No,0,1,No,Dropped Out
24IT94,Teresa Miller,BSc-IT,SY,1,Female,21,General,816199,25,53,35,0,43875,2025-04-27,Yes,4.8,Exactly foot second Mrs.,41,Yes,Yes,2024-2026,53.12,86.38,4.82,1,73,10,18,8.5,2.5,None,No,Medium,3,No,2,0,No,Graduated
24IT95,Steven Holmes,BSc-IT,SY,1,Female,22,OBC,255328,21,54,21,3,48242,2025-07-06,No,4.4,Lawyer trade sea people.,39,No,Yes,2023-2025,76.51,60.62,1.69,1,119,11,11,1.4,2.6,UG,Yes,Medium,3,Yes,2,5,No,Active
24IT96,Katie Medina,BSc-IT,SY,1,Female,21,OBC,326118,28,53,32,1,30690,2025-07-07,No,4.5,Performance animal fish blue all need part.,46,No,No,2024-2026,76.87,91.52,4.74,1,69,46,11,3.6,1.9,PG,No,Low,3,Yes,1,5,No,Dropped Out
24IT97,Holly Gonzalez,BSc-IT,SY,2,Female,23,SC,159863,20,39,48,0,34044,2025-02-12,No,3.7,Mean maybe respond likely do.,19,No,No,2023-2025,65.75,92.21,3.4,0,37,36,3,6.5,3.8,UG,Yes,High,1,Yes,0,1,Yes,Dropped Out
24IT98,Justin Rivera,BSc-IT,SY,2,Other,23,SC,242189,30,32,21,2,27820,2025-02-27,No,3.6,Type year nature police sometimes.,49,No,Yes,2022-2025,84.09,60.8,1.19,3,119,13,6,3.4,3.0,PG,Yes,High,4,No,3,4,Yes,Graduated
24IT99,Daniel Key,BSc-IT,SY,2,Male,23,SC,606785,29,54,29,1,48394,2025-02-05,Yes,4.0,Spend place second give light.,25,Yes,Yes,2022-2025,61.27,61.24,1.22,3,148,37,9,3.7,1.8,School,Yes,High,10,Yes,3,5,Yes,Dropped Out
24IT100,Steven Armstrong,BSc-IT,SY,1,Female,22,General,685450,24,53,28,2,48428,2025-04-16,Yes,4.1,Discussion black strategy catch report give.,48,Yes,No,2022-2026,75.14,95.84,4.08,4,82,29,12,1.5,2.8,None,Yes,Medium,6,No,3,0,Yes,Dropped Out
24IT101,Kelly May,BSc-IT,SY,2,Female,22,General,232225,26,68,33,1,36290,2025-07-24,No,4.1,Drive far president box feel attorney instead state.,24,Yes,No,2023-2026,96.39,85.34,2.22,0,86,12,10,5.7,4.3,School,No,Medium,7,Yes,1,1,No,Dropped Out
24IT102,Bianca Wilson,BSc-IT,SY,2,Female,20,OBC,679538,30,33,43,3,31138,2025-04-14,No,4.1,Result exactly model money single with.,39,No,No,2022-2025,66.48,78.25,3.56,2,82,43,19,5.3,4.4,UG,Yes,Medium,6,Yes,3,4,Yes,Graduated
24IT103,Patricia Obrien,BSc-IT,SY,1,Other,22,SC,688958,20,44,48,0,21424,2025-06-11,No,3.5,Stand fill Democrat recently center thousand.,9,Yes,Yes,2023-2025,90.17,95.64,2.11,3,148,37,11,8.2,4.0,School,Yes,Low,9,No,2,2,No,Active
24IT104,Adam Palmer,BSc-IT,SY,2,Other,21,General,781287,24,58,38,0,48059,2025-07-21,Yes,4.9,First lead college reflect.,45,Yes,No,2022-2026,58.91,94.49,1.86,4,164,24,19,7.3,2.1,School,No,Low,2,Yes,3,4,Yes,Graduated
24IT105,Brittany Mclaughlin,BSc-IT,SY,2,Female,22,General,220505,22,63,27,2,38131,2025-06-09,Yes,4.9,Process whether people compare plant son.,14,No,No,2022-2025,96.22,91.51,1.82,0,79,29,4,5.0,4.7,UG,Yes,High,2,No,2,3,Yes,Graduated
24IT106,Crystal Smith,BSc-IT,SY,2,Female,23,ST,582406,27,41,50,0,39760,2025-05-10,No,3.8,Role single before follow show floor.,13,No,No,2023-2025,89.79,86.68,3.34,1,77,18,14,1.8,1.9,UG,Yes,High,2,Yes,0,2,No,Dropped Out
24IT107,Austin Glass,BSc-IT,SY,1,Male,18,ST,579423,25,68,29,0,26195,2025-04-07,Yes,3.8,Few ago treat water coach above quite.,21,Yes,Yes,2022-2026,76.67,73.07,1.01,5,57,15,18,2.9,1.2,School,Yes,Low,4,Yes,0,1,Yes,Dropped Out
24IT108,Tabitha Robles,BSc-IT,SY,1,Male,20,SC,413523,29,62,44,2,48531,2025-05-23,No,4.0,Baby culture treatment woman.,44,Yes,No,2024-2025,94.76,87.48,3.55,4,44,38,2,6.4,1.5,UG,Yes,Low,5,No,0,1,No,Active
24IT109,Courtney Jimenez,BSc-IT,SY,1,Male,18,General,439472,29,56,42,3,47290,2025-01-15,Yes,4.7,Four still executive where measure environment.,18,Yes,No,2024-2025,79.43,78.72,3.74,1,21,19,1,5.2,4.5,None,No,Medium,8,No,1,5,No,Dropped Out
24IT110,Pamela Jones,BSc-IT,SY,2,Other,19,General,417552,25,61,26,0,38608,2025-03-06,Yes,4.9,Across back worry popular whatever.,21,No,Yes,2022-2025,59.39,68.56,3.0,0,13,25,16,8.5,1.3,UG,No,High,4,No,1,0,No,Dropped Out
24IT111,Alyssa Joseph,BSc-IT,SY,1,Other,20,SC,822125,26,36,25,2,48700,2025-05-21,No,3.0,Evidence outside picture appear a.,24,No,Yes,2024-2025,69.03,96.07,4.73,0,190,41,14,2.1,2.1,School,No,High,7,No,2,1,No,Graduated
24IT112,Sophia Davis,BSc-IT,SY,1,Male,23,OBC,591686,27,49,25,2,43774,2025-06-07,Yes,4.2,Grow many under economic whatever friend.,39,Yes,No,2023-2025,60.77,67.21,4.72,4,144,18,0,2.9,2.1,PG,No,High,5,Yes,0,5,Yes,Dropped Out
24IT113,Grace Doyle,BSc-IT,SY,2,Male,19,General,933936,28,31,36,3,21310,2025-02-11,No,3.8,Involve down appear religious partner seat care usually.,29,Yes,No,2024-2026,75.06,90.72,3.92,1,76,26,3,6.1,3.4,School,Yes,Low,2,Yes,1,3,Yes,Dropped Out
24IT114,Jessica Smith,BSc-IT,SY,2,Other,18,OBC,155055,27,46,41,0,42954,2025-03-22,Yes,4.4,Positive evening Mr current catch.,18,Yes,No,2023-2026,64.52,77.67,4.07,4,106,47,10,8.7,4.5,PG,No,Low,1,Yes,2,5,Yes,Graduated
24IT115,Thomas Carroll,BSc-IT,SY,1,Female,23,SC,530797,23,41,32,0,24969,2025-05-16,No,3.8,Happen hear total will including prove.,40,Yes,No,2023-2026,83.9,91.48,3.53,4,151,9,4,9.1,1.8,School,Yes,Low,2,No,1,5,No,Active
24IT116,Gregory Smith,BSc-IT,SY,2,Female,18,SC,285134,21,67,42,3,33026,2025-03-18,Yes,3.1,Lead man alone forward.,31,No,No,2024-2025,98.0,89.04,4.3,1,51,36,1,5.7,2.3,None,No,Medium,4,No,3,2,Yes,Dropped Out
24IT117,Jack Cruz,BSc-IT,SY,1,Male,23,General,383495,20,60,49,2,30092,2025-03-10,Yes,5.0,Child per safe strong tree long.,15,No,No,2023-2026,88.85,75.82,5.0,1,12,17,0,3.0,3.8,School,No,Medium,3,Yes,1,5,No,Active
24IT118,Allison Delacruz,BSc-IT,SY,2,Male,22,SC,321250,26,64,30,2,48523,2025-05-03,Yes,3.4,Some take where fill free.,42,Yes,Yes,2022-2026,54.02,93.77,1.25,4,125,44,5,8.3,2.2,None,No,Medium,3,Yes,2,5,Yes,Dropped Out
24IT119,Anna Edwards,BSc-IT,SY,2,Other,22,SC,893366,20,35,49,0,49868,2025-07-17,Yes,4.9,Table player heavy yard teacher.,15,Yes,Yes,2023-2026,96.32,81.97,1.98,2,16,41,3,6.9,2.8,PG,Yes,Low,5,No,2,1,No,Dropped Out
24IT120,Barbara Clarke,BSc-IT,SY,2,Female,20,SC,769896,29,52,46,2,45419,2025-06-14,No,4.8,Water month want expert recently Republican.,24,No,No,2023-2026,99.18,73.12,1.84,2,140,17,6,4.8,2.2,None,No,Low,10,No,1,5,Yes,Dropped Out
24IT121,Lindsey Pennington,BSc-IT,SY,1,Other,21,General,315285,21,63,39,2,24428,2025-06-14,No,5.0,Budget hotel must everyone improve.,24,Yes,Yes,2023-2026,73.08,85.31,1.92,5,176,40,15,4.6,1.1,None,Yes,Medium,6,No,0,4,No,Graduated
24IT122,Michael Gomez,BSc-IT,SY,1,Male,22,ST,178633,20,44,28,0,21403,2025-01-22,Yes,4.5,Instead property grow cut control the yes.,32,No,Yes,2023-2026,98.93,75.44,4.22,3,48,45,16,2.6,2.7,School,No,Low,10,No,2,1,No,Dropped Out
24IT123,Christopher Wilson,BSc-IT,SY,1,Other,22,OBC,642042,22,42,23,2,40970,2025-01-26,Yes,3.1,Personal dog establish carry federal interview he.,12,No,Yes,2022-2026,50.78,62.06,2.95,5,15,8,11,2.4,1.2,PG,Yes,High,1,Yes,1,0,Yes,Graduated
24IT124,Jeremy Maynard,BSc-IT,SY,1,Male,23,OBC,552159,26,41,50,0,33229,2025-01-11,Yes,4.6,Various enter example able answer hair.,37,No,No,2024-2025,53.5,80.39,2.69,1,166,6,18,5.4,3.5,UG,Yes,Medium,6,Yes,3,1,No,Graduated
24IT125,Charles Espinoza,BSc-IT,SY,2,Other,22,ST,381128,22,52,20,2,49856,2025-04-05,Yes,4.3,Record board art arm yard.,49,Yes,No,2023-2025,61.46,97.0,3.25,5,59,50,7,3.1,3.1,UG,Yes,Low,6,Yes,0,4,Yes,Graduated
24IT126,Tracy Long,BSc-IT,SY,2,Female,19,ST,476182,27,54,38,1,26613,2025-02-21,No,4.4,Off out quite improve key Democrat them.,45,Yes,Yes,2024-2025,99.01,73.67,3.76,4,42,8,18,8.2,1.9,PG,No,Medium,5,Yes,1,1,Yes,Graduated
24IT127,Melissa Madden,BSc-IT,SY,1,Other,23,General,119617,26,33,40,3,42970,2025-07-21,Yes,3.0,Group course choice I exist.,7,No,Yes,2023-2025,95.36,92.5,4.27,4,197,26,13,3.9,1.8,School,Yes,Medium,3,No,2,5,No,Dropped Out
24IT128,Katelyn Leon,BSc-IT,SY,2,Male,21,ST,113129,26,31,24,0,47861,2025-01-30,Yes,3.8,Choose several phone real bed garden but local.,49,No,Yes,2022-2026,93.2,60.4,2.88,0,57,14,9,5.8,1.5,School,Yes,High,9,Yes,1,3,Yes,Graduated
24IT129,Erica Ford,BSc-IT,SY,1,Male,22,OBC,200799,23,35,45,2,30606,2025-01-29,No,4.1,I film section party report fish become through.,50,No,No,2024-2026,89.9,62.25,2.52,2,73,10,8,8.8,1.5,School,Yes,Medium,2,Yes,1,1,Yes,Graduated
24IT130,Gerald Fields,BSc-IT,SY,2,Male,20,SC,652549,24,54,45,2,20311,2025-02-14,Yes,4.9,Father this common another scientist office style.,2,Yes,Yes,2022-2025,64.42,83.77,3.37,1,181,22,12,10.0,1.3,None,No,High,7,Yes,3,5,Yes,Active
24IT131,David Miles DDS,BSc-IT,SY,2,Female,20,General,782466,22,62,25,2,47636,2025-06-06,Yes,4.6,Party exactly campaign single.,6,No,No,2022-2026,67.69,86.84,1.45,4,91,13,2,7.4,2.7,UG,No,Medium,7,No,0,2,No,Active
24IT132,Tamara Donaldson,BSc-IT,SY,2,Female,23,General,306133,25,40,36,1,28540,2025-04-06,No,4.4,Light back there nearly role style.,15,Yes,Yes,2022-2025,87.19,71.95,5.0,2,77,16,15,2.6,2.2,School,Yes,High,2,No,3,0,Yes,Active
24IT133,Nicole Owen,BSc-IT,SY,2,Other,22,General,226582,20,50,35,2,22604,2025-03-27,No,5.0,Number property consumer significant.,9,Yes,Yes,2024-2026,58.22,92.31,1.72,2,122,23,4,4.1,1.6,PG,No,Medium,7,No,2,3,No,Dropped Out
24IT134,Mr. Leonard Bentley,BSc-IT,SY,1,Other,21,OBC,229636,24,62,25,1,32263,2025-07-28,No,4.3,Get side major city.,22,No,Yes,2023-2026,87.04,83.22,2.78,3,132,7,11,6.5,3.7,PG,Yes,High,8,No,1,2,No,Active
24IT135,Randall Ramirez,BSc-IT,SY,1,Other,23,General,284788,23,62,48,0,27376,2025-03-18,Yes,4.2,Seek clear best example data near condition by.,43,Yes,Yes,2023-2025,68.93,71.57,4.31,2,50,41,10,4.2,4.4,None,Yes,Low,8,No,2,3,Yes,Graduated
24IT136,Hannah Lambert,BSc-IT,SY,2,Female,19,ST,248080,22,39,38,2,31903,2025-07-14,No,3.4,Style line student today building.,50,Yes,Yes,2023-2026,81.71,83.43,1.22,5,48,25,10,2.6,4.4,None,No,Medium,3,Yes,0,4,No,Dropped Out
24IT137,Linda Jones,BSc-IT,SY,1,Other,18,OBC,745926,25,54,48,2,31110,2025-03-10,Yes,4.1,Will over west myself vote marriage effort every.,4,No,No,2023-2026,97.34,71.96,3.95,2,70,35,8,7.7,4.8,None,Yes,High,5,Yes,0,3,No,Active
24IT138,James Sparks,BSc-IT,SY,1,Female,18,OBC,604076,30,40,22,0,44630,2025-02-27,Yes,4.0,Arrive step play create door adult.,49,No,Yes,2022-2026,63.7,78.54,3.13,0,134,21,19,9.5,3.0,PG,Yes,High,10,Yes,1,2,Yes,Active
24IT139,William Hart,BSc-IT,SY,1,Female,20,OBC,390800,28,34,40,1,37973,2025-06-11,Yes,3.6,Away them would not clear heavy none.,45,No,Yes,2024-2025,72.83,82.48,3.22,0,133,16,10,6.4,4.3,School,No,Medium,2,No,1,2,Yes,Graduated
24IT140,Michael Schmitt,BSc-IT,SY,2,Male,22,SC,700265,29,61,46,3,39807,2025-07-05,No,4.8,Leg blue involve road forward not stop company.,7,Yes,No,2022-2026,69.77,89.94,4.8,1,30,47,16,4.3,3.2,School,Yes,Low,4,Yes,2,3,No,Graduated
24IT141,Gabrielle Phillips,BSc-IT,SY,1,Male,19,SC,459970,27,48,28,3,47746,2025-02-24,Yes,4.6,Stand open suddenly certainly effect listen also.,23,No,No,2022-2025,57.56,76.67,1.24,2,118,42,20,8.4,2.3,UG,No,High,10,Yes,0,5,No,Graduated
24IT142,Thomas Gutierrez,BSc-IT,SY,2,Male,18,SC,846888,23,40,36,2,29619,2025-05-24,No,4.2,Give subject country guy democratic environmental conference.,47,Yes,Yes,2024-2026,90.83,70.89,4.53,3,15,11,4,9.7,3.9,None,No,Low,4,Yes,3,1,No,Dropped Out
24IT143,Christopher Harper,BSc-IT,SY,1,Other,21,SC,396279,27,52,40,3,29041,2025-01-16,No,3.6,Enter general law during sport arrive quite.,13,No,Yes,2023-2025,85.21,75.96,1.88,0,159,35,20,7.8,4.6,UG,No,Low,10,Yes,3,5,Yes,Active
24IT144,Kevin Taylor,BSc-IT,SY,2,Other,23,ST,195491,20,68,47,1,23073,2025-05-26,No,3.5,Interest finally be I much free level.,25,No,Yes,2024-2026,70.43,64.36,1.96,1,131,38,9,4.5,4.6,UG,Yes,Medium,4,Yes,0,4,Yes,Graduated
24IT145,Riley Wilcox,BSc-IT,SY,1,Male,19,OBC,396407,28,63,33,2,46992,2025-01-20,Yes,3.0,Performance man young whose.,10,No,No,2023-2025,77.2,71.56,3.22,4,107,34,17,4.2,1.2,School,Yes,Low,1,No,3,5,No,Active
24IT146,Theresa Franklin,BSc-IT,SY,2,Male,22,ST,885450,22,36,34,0,41597,2025-06-29,Yes,3.9,Study group role bill not range find.,46,Yes,Yes,2024-2025,70.65,63.19,2.41,5,40,23,5,3.0,3.3,None,Yes,Low,5,Yes,1,1,No,Graduated
24IT147,Edward Hayes,BSc-IT,SY,2,Male,22,ST,954633,26,41,30,1,43850,2025-04-21,Yes,4.3,She board draw factor poor.,23,Yes,No,2024-2026,99.63,77.94,2.55,0,136,7,14,6.9,1.9,PG,Yes,Medium,7,Yes,1,5,No,Graduated
24IT148,John Olson,BSc-IT,SY,2,Other,18,ST,800223,28,35,25,1,35268,2025-06-01,Yes,3.0,Hot detail too magazine key hot well practice.,26,No,No,2024-2026,60.87,70.89,2.84,4,49,22,13,8.1,1.1,None,Yes,Low,2,Yes,0,5,No,Dropped Out
24IT149,Thomas Smith,BSc-IT,SY,1,Other,22,OBC,621716,30,67,30,1,29285,2025-06-12,No,3.9,Want western common eight action.,14,Yes,Yes,2022-2026,84.15,75.36,3.97,2,23,10,15,1.0,1.8,None,No,Medium,7,No,0,2,No,Active
24IT150,Alexis Pace,BSc-IT,SY,2,Female,21,SC,387892,22,31,46,2,37040,2025-06-20,Yes,3.9,Property audience detail account structure.,39,No,Yes,2024-2026,68.64,87.18,3.96,1,106,34,12,7.2,4.0,School,No,Low,9,No,1,4,No,Active
24IT151,Thomas Horne,BSc-IT,SY,2,Female,21,SC,216961,24,38,34,1,39526,2025-02-14,No,3.1,Happy letter decade everybody defense pressure it hold.,3,Yes,No,2024-2026,92.02,64.88,2.77,2,27,28,16,7.8,1.2,UG,No,Low,9,Yes,2,3,No,Active
24IT152,Nancy Smith,BSc-IT,SY,1,Female,21,OBC,669338,21,48,35,0,42780,2025-06-22,Yes,4.6,Thus fact design situation.,20,Yes,Yes,2024-2026,54.68,78.94,1.94,1,117,26,7,8.3,1.5,PG,No,High,6,Yes,1,2,Yes,Dropped Out
24IT153,Matthew Lynch,BSc-IT,SY,1,Male,20,ST,838159,24,36,35,2,27657,2025-01-09,Yes,4.3,Better white manage.,11,Yes,No,2024-2025,86.18,95.95,1.97,1,68,38,18,3.1,4.4,School,No,Low,6,No,2,0,No,Active
24IT154,Matthew Woodward,BSc-IT,SY,1,Other,21,SC,679981,28,56,29,1,48786,2025-07-04,Yes,4.8,Treatment by owner six upon only prove college.,18,Yes,Yes,2023-2026,72.82,60.03,1.92,5,42,17,1,3.9,4.8,UG,Yes,Medium,1,No,1,2,No,Dropped Out
24IT155,Gary Hammond,BSc-IT,SY,2,Other,18,ST,479984,21,34,49,0,33301,2025-04-30,Yes,4.8,Read add operation politics near human.,23,No,Yes,2022-2025,66.38,99.06,1.17,1,153,41,7,8.1,3.7,School,No,Medium,4,Yes,2,3,Yes,Active
24IT156,Beth Diaz,BSc-IT,SY,1,Male,18,ST,655173,30,45,47,0,27542,2025-06-26,Yes,3.3,Result relate state democratic down billion.,32,Yes,No,2024-2026,67.95,85.89,1.65,0,66,36,5,5.1,2.3,UG,No,Low,4,No,1,0,Yes,Dropped Out
24IT157,David Smith,BSc-IT,SY,1,Male,18,SC,671387,26,60,43,2,35735,2025-03-31,Yes,3.7,Owner economic rise behavior quality teacher serious talk.,9,Yes,Yes,2023-2026,90.71,83.04,3.63,4,39,43,11,7.4,3.5,School,Yes,Low,7,No,1,4,No,Graduated
24IT158,James Turner,BSc-IT,SY,1,Female,19,General,452809,30,52,41,3,47781,2025-04-22,Yes,4.3,Seat push enjoy voice.,4,Yes,Yes,2024-2025,60.45,68.6,4.75,1,153,32,9,2.1,1.5,PG,Yes,Medium,4,No,2,2,Yes,Active
24IT159,Ricardo Gonzales,BSc-IT,SY,2,Male,22,OBC,408297,28,67,21,2,46131,2025-07-13,No,4.2,Light factor charge field rock example.,7,No,No,2023-2026,71.9,66.35,1.72,2,127,36,8,3.0,1.9,PG,No,Medium,10,No,2,3,No,Graduated
24IT160,Jeremy Kim,BSc-IT,SY,1,Male,20,ST,711937,28,48,48,3,47813,2025-07-25,Yes,4.5,Travel road sometimes note.,1,Yes,Yes,2023-2026,73.74,60.07,3.61,0,163,36,10,2.6,2.3,School,No,High,10,Yes,0,1,No,Dropped Out
24IT161,Paul Johnson,BSc-IT,SY,1,Male,20,SC,344950,28,44,31,3,30341,2025-01-15,No,4.6,Read compare help up which item.,43,Yes,No,2023-2026,95.04,71.95,4.06,4,67,38,16,2.0,1.6,School,Yes,Medium,3,Yes,0,3,No,Dropped Out
24IT162,Richard Morton,BSc-IT,SY,2,Male,23,OBC,624831,30,62,37,1,27185,2025-03-01,Yes,4.5,Figure sign class word structure military remember.,18,No,Yes,2022-2025,53.22,87.0,2.57,1,180,12,12,6.0,4.9,UG,Yes,High,1,No,3,0,No,Active
24IT163,Lindsay Hopkins,BSc-IT,SY,2,Female,22,OBC,704160,21,31,47,2,21808,2025-06-01,No,5.0,Discussion important as environment find need media cover.,49,Yes,No,2024-2025,61.8,98.77,3.2,5,173,24,0,2.4,4.9,None,No,Medium,7,Yes,2,2,No,Dropped Out
24IT164,Alyssa Turner,BSc-IT,SY,2,Male,19,ST,345157,20,57,38,1,49179,2025-07-02,Yes,3.6,Assume call choice.,49,No,No,2022-2025,69.54,98.56,1.07,0,27,23,4,6.8,1.4,UG,Yes,Medium,4,No,2,3,No,Active
24IT165,Jeanette Harris,BSc-IT,SY,2,Other,18,General,163722,20,64,27,2,49396,2025-01-21,No,3.0,Artist article something visit.,23,No,No,2022-2025,97.32,84.52,3.68,2,38,11,18,4.5,4.0,PG,Yes,Medium,9,Yes,1,5,No,Graduated
24IT166,Amy Glover,BSc-IT,SY,2,Female,21,OBC,442023,20,47,30,3,46756,2025-02-23,Yes,3.3,Why process almost.,28,No,Yes,2022-2025,67.26,72.22,2.47,2,87,25,5,4.2,4.8,UG,Yes,High,6,No,0,4,Yes,Dropped Out
24IT167,Dustin Moody,BSc-IT,SY,1,Other,22,General,294315,26,30,38,3,21983,2025-04-14,Yes,3.7,Inside room difficult by way.,26,Yes,Yes,2023-2026,88.96,97.82,3.45,0,135,31,9,5.9,2.5,UG,Yes,Medium,7,Yes,3,2,No,Graduated
24IT168,Carly Davidson,BSc-IT,SY,1,Female,20,SC,197628,25,59,20,1,22136,2025-02-22,Yes,3.4,Hot owner letter long manager but.,40,No,No,2024-2026,53.95,95.28,3.31,0,160,21,18,6.0,2.5,None,No,High,3,No,1,2,No,Active
24IT169,Danielle Hodge,BSc-IT,SY,1,Male,18,OBC,210136,27,52,50,1,39528,2025-06-24,Yes,3.6,Mouth opportunity build know bad short.,14,Yes,Yes,2022-2026,90.35,75.02,1.64,4,149,27,15,3.7,4.9,School,No,High,7,No,0,1,No,Active
24IT170,Catherine Wood,BSc-IT,SY,1,Other,19,SC,353552,21,67,21,3,50000,2025-07-10,Yes,4.3,Example keep tax spring condition win dog marriage.,35,Yes,No,2024-2025,79.76,87.74,3.25,2,72,18,2,3.6,3.3,School,No,High,4,Yes,3,2,No,Graduated
24IT171,Rachel Thomas,BSc-IT,SY,2,Male,21,ST,266419,27,51,39,0,42773,2025-01-23,Yes,4.2,Resource add she voice.,26,Yes,Yes,2024-2026,72.97,64.48,2.81,4,17,48,18,5.5,2.0,PG,No,High,2,Yes,3,3,No,Graduated
24IT172,Rose Ray,BSc-IT,SY,2,Male,23,ST,363796,29,61,47,3,26902,2025-03-21,Yes,3.4,Change forward instead.,42,Yes,No,2022-2026,79.86,67.24,1.71,4,63,36,4,5.8,2.4,None,No,High,7,No,3,3,Yes,Graduated
24IT173,Donald Morgan,BSc-IT,SY,2,Female,20,ST,670566,30,41,44,2,30063,2025-03-10,No,3.1,She second along.,23,No,No,2022-2026,54.96,95.91,4.81,2,151,17,14,1.2,1.9,School,No,High,2,No,3,5,Yes,Dropped Out
24IT174,Heather Smith,BSc-IT,SY,2,Male,18,OBC,658384,26,32,48,2,49982,2025-05-10,No,4.8,Whatever just stand training Mrs ten determine treat.,5,No,Yes,2022-2026,61.95,86.86,2.72,1,52,24,7,7.6,1.4,None,Yes,Medium,9,Yes,2,5,Yes,Graduated
24IT175,Laura Gonzales MD,BSc-IT,SY,1,Male,21,General,333085,28,48,35,2,49761,2025-03-31,No,4.5,Issue become likely leave necessary.,24,No,No,2022-2025,70.24,79.11,2.02,3,128,25,12,8.0,2.7,School,No,Medium,10,No,3,0,No,Graduated
24IT176,Gregory Baker,BSc-IT,SY,1,Male,19,General,300277,21,62,47,3,40780,2025-06-09,No,3.2,Safe form sign information rather list.,0,No,No,2022-2026,52.06,89.46,2.1,4,184,20,20,4.4,1.1,PG,No,Low,5,Yes,0,2,No,Dropped Out
24IT177,Brian Mcconnell,BSc-IT,SY,2,Male,23,SC,760618,24,38,20,1,32697,2025-03-02,Yes,3.3,Fly light assume myself identify record protect entire.,44,No,Yes,2024-2025,57.86,90.5,2.53,5,125,50,8,1.5,1.8,PG,No,Low,8,No,3,4,Yes,Graduated
24IT178,Thomas Sparks,BSc-IT,SY,2,Male,22,General,547028,21,49,22,3,30303,2025-06-23,Yes,4.0,Goal our court do either.,50,Yes,Yes,2022-2025,73.83,71.2,1.97,2,84,14,18,9.2,4.4,PG,Yes,Medium,9,Yes,2,2,No,Active
24IT179,Alyssa Hoffman,BSc-IT,SY,1,Female,21,OBC,532498,25,50,45,2,35793,2025-06-30,No,5.0,Clear eye lot mother those article form care.,33,No,No,2023-2025,91.16,62.46,4.52,5,75,36,14,7.4,4.3,UG,No,High,4,Yes,2,5,No,Graduated
24IT180,Kyle Fry,BSc-IT,SY,1,Female,21,SC,857170,30,55,27,0,45489,2025-03-25,No,3.8,Go his authority throw.,32,Yes,Yes,2022-2025,82.89,61.54,2.95,4,13,24,12,3.1,2.5,None,Yes,Low,8,Yes,1,3,No,Dropped Out
24IT181,Laura Evans,BSc-IT,SY,2,Other,23,OBC,920755,22,44,29,2,40778,2025-07-27,Yes,4.6,Home gun school face.,29,No,Yes,2024-2025,97.67,97.59,4.37,4,26,17,9,1.8,4.0,School,Yes,Low,4,No,1,5,No,Graduated
24IT182,Ricardo Roberson,BSc-IT,SY,1,Male,22,OBC,533385,23,42,31,2,37980,2025-07-28,No,3.2,Front natural yard.,15,No,Yes,2024-2025,88.85,86.25,3.55,2,76,43,9,1.2,2.4,PG,No,Medium,10,No,0,4,No,Dropped Out
24IT183,David Schultz,BSc-IT,SY,1,Male,23,ST,225881,30,43,29,3,34174,2025-06-28,Yes,4.3,West create quickly tend catch debate or his.,37,Yes,Yes,2023-2026,82.11,92.51,1.96,3,169,44,12,6.4,1.8,School,Yes,High,10,Yes,2,4,No,Graduated
24IT184,Richard Peterson,BSc-IT,SY,2,Male,21,OBC,515179,30,65,38,0,32459,2025-03-12,No,4.6,Call sign section animal direction score political only.,28,No,No,2022-2026,95.1,74.5,2.08,2,106,18,12,4.1,2.9,UG,Yes,Medium,2,No,0,5,No,Dropped Out
24IT185,William Flores,BSc-IT,SY,2,Other,20,OBC,295352,22,44,24,1,22708,2025-04-14,Yes,4.4,Old democratic have last clearly over political.,41,No,No,2024-2025,97.6,88.95,2.75,4,24,9,2,4.3,3.8,UG,No,Low,10,Yes,2,3,No,Dropped Out
24IT186,Jason Edwards,BSc-IT,SY,1,Other,23,General,353609,30,39,31,0,37511,2025-06-10,Yes,3.7,Bad growth might window.,33,No,Yes,2023-2026,50.68,71.95,2.26,4,96,50,3,1.1,1.6,School,No,Medium,5,No,0,3,Yes,Active
24IT187,Daryl Williams,BSc-IT,SY,2,Female,18,SC,470611,23,39,30,2,47819,2025-06-06,No,3.2,Any worry civil decision involve a without.,10,Yes,No,2023-2026,56.96,69.09,4.24,2,26,45,17,5.7,2.9,PG,No,Medium,4,No,0,3,No,Active
24IT188,Derrick Carr,BSc-IT,SY,2,Other,21,SC,926870,22,67,40,2,47423,2025-05-13,Yes,3.4,Hope successful value response no black.,5,No,No,2023-2025,52.92,78.96,3.51,1,177,12,9,3.2,4.5,UG,Yes,Medium,1,No,2,3,No,Active
24IT189,Jacob Williams Jr.,BSc-IT,SY,2,Female,21,General,298698,30,31,45,3,21716,2025-01-31,No,3.9,Crime identify outside sit local you fish military.,40,No,Yes,2023-2026,81.85,65.73,3.7,4,188,18,11,9.2,4.6,PG,Yes,Medium,10,No,2,4,Yes,Dropped Out
24IT190,Makayla Perez,BSc-IT,SY,1,Other,19,General,875941,30,58,31,1,37291,2025-04-26,No,4.4,Too writer off public enter program.,9,Yes,No,2022-2025,51.11,93.26,2.16,4,128,42,20,6.1,3.3,School,No,High,5,No,1,0,Yes,Dropped Out
24IT191,Linda Hansen,BSc-IT,SY,1,Female,20,General,327570,23,55,24,2,26892,2025-05-27,No,4.5,Upon woman gas citizen sport break public.,35,No,Yes,2023-2026,87.99,82.46,3.34,1,58,13,1,2.1,3.4,PG,Yes,High,9,No,3,5,No,Dropped Out
24IT192,Kimberly Perez,BSc-IT,SY,2,Other,18,OBC,790210,23,51,28,3,36856,2025-06-22,No,4.1,Nor security interesting wife.,28,No,Yes,2023-2025,64.91,86.33,3.09,0,108,40,7,2.4,2.7,School,No,Medium,7,Yes,0,4,Yes,Dropped Out
24IT193,Mr. Christopher Baker,BSc-IT,SY,2,Female,22,SC,974398,29,38,22,3,22965,2025-01-28,Yes,3.3,Event would consider picture civil language seven.,30,Yes,No,2024-2025,93.93,80.06,3.39,3,66,16,13,2.8,2.9,UG,Yes,High,4,No,2,4,No,Dropped Out
24IT194,Christine Richardson,BSc-IT,SY,1,Other,20,ST,543547,26,34,27,1,23001,2025-05-24,No,4.9,Walk reason next send wind garden.,9,No,No,2023-2026,54.69,90.49,4.42,1,35,28,13,4.8,4.6,PG,Yes,Medium,7,No,2,3,Yes,Dropped Out
24IT195,Tonya Edwards,BSc-IT,SY,2,Male,19,SC,180533,20,59,29,1,23866,2025-03-29,Yes,3.7,Smile dark win system home explain executive heart.,22,No,Yes,2022-2026,52.49,97.43,2.8,5,193,32,14,8.1,1.3,School,Yes,High,10,No,0,3,No,Active
24IT196,Scott Roberts,BSc-IT,SY,1,Female,21,General,735598,21,50,40,1,44922,2025-03-09,No,3.5,Particular issue account.,43,No,No,2022-2026,65.67,72.54,2.11,0,198,34,0,7.8,4.4,UG,No,High,10,Yes,2,2,No,Active
24IT197,Thomas Cook,BSc-IT,SY,2,Male,20,SC,313084,20,45,35,2,29513,2025-02-11,No,4.5,Card speech difference particularly.,12,Yes,Yes,2022-2025,91.1,67.51,1.7,4,131,14,7,2.2,2.6,School,No,Medium,10,No,0,0,No,Dropped Out
24IT198,Harold Mendez,BSc-IT,SY,1,Male,19,OBC,476208,23,53,21,3,24733,2025-04-28,Yes,4.9,Brother produce teach Republican just though skin.,30,Yes,Yes,2023-2025,53.56,63.36,4.04,1,22,17,4,6.6,1.4,School,No,Low,7,No,0,1,Yes,Dropped Out
24IT199,Raven Smith,BSc-IT,SY,1,Male,21,General,594772,20,67,31,1,31277,2025-07-04,No,3.1,Vote total exactly term wish six yard.,37,No,Yes,2023-2026,92.59,62.31,1.51,5,162,27,10,5.5,3.2,School,No,Medium,2,No,1,1,No,Active
24IT200,Jeremy Anderson,BSc-IT,SY,1,Male,19,OBC,700722,24,35,50,2,40803,2025-07-19,No,3.9,Already too pay soon woman wonder toward.,4,No,No,2023-2025,99.92,96.28,3.8,0,50,23,13,1.9,2.6,School,No,High,4,Yes,3,5,Yes,Dropped Out
23IT01,Richard Clark,BSc-IT,TY,2,Female,20,OBC,796717,26,40,26,2,28529,2025-07-13,Yes,4.1,Adult establish bed current find.,5,Yes,Yes,2022-2026,97.4,98.92,1.85,4,108,38,9,9.2,2.7,UG,Yes,High,5,Yes,0,3,Yes,Active
23IT02,Tara Griffin,BSc-IT,TY,2,Male,18,SC,631070,27,59,33,2,43525,2025-03-25,No,4.2,Dog rock pass become create product stop.,3,No,Yes,2023-2026,86.43,63.75,2.21,2,45,20,13,4.1,4.1,PG,Yes,Medium,7,No,3,0,No,Graduated
23IT03,Cassandra Hoffman,BSc-IT,TY,2,Female,19,ST,609388,21,56,46,3,26653,2025-05-18,Yes,3.6,Event step in draw pressure forget field.,41,Yes,No,2023-2026,55.94,90.77,2.49,2,42,9,8,2.6,4.3,PG,No,Medium,2,No,1,0,Yes,Active
23IT04,Timothy Powell,BSc-IT,TY,1,Other,19,OBC,144517,21,50,31,0,21372,2025-04-03,Yes,4.9,Have true east effect through.,50,Yes,No,2022-2026,55.43,61.01,4.29,4,49,40,20,7.8,3.1,UG,No,Medium,9,Yes,0,1,No,Dropped Out
23IT05,Samantha Lucas,BSc-IT,TY,1,Male,23,General,265424,28,63,28,3,34157,2025-04-23,No,3.8,Responsibility concern four receive he true.,32,No,No,2024-2026,78.94,60.01,4.81,1,131,30,9,6.4,2.5,None,Yes,Medium,8,Yes,1,0,No,Active
23IT06,Kevin Gutierrez,BSc-IT,TY,2,Male,23,General,829015,20,45,30,3,30681,2025-01-03,Yes,3.1,Picture cost begin art character fact.,31,Yes,No,2023-2025,50.23,82.99,3.82,2,127,26,12,2.5,3.7,UG,Yes,Medium,4,Yes,0,2,Yes,Active
23IT07,Marc Austin,BSc-IT,TY,1,Female,21,General,802312,27,40,23,2,40060,2025-02-03,No,4.8,Myself than car know blood poor decade.,3,No,Yes,2022-2025,56.55,89.29,2.7,0,154,28,4,5.7,2.3,PG,No,Medium,4,No,2,5,No,Active
23IT08,Devin Sharp,BSc-IT,TY,2,Other,23,ST,498983,21,39,45,0,49857,2025-04-29,Yes,4.2,Drop sing shoulder stuff.,26,Yes,No,2022-2026,60.18,61.98,4.81,3,131,48,7,2.7,1.5,None,Yes,High,8,No,2,2,No,Dropped Out
23IT09,Mary Chen,BSc-IT,TY,2,Male,21,SC,379114,22,58,37,2,20975,2025-01-14,Yes,3.6,Fund offer project box so ball painting but.,3,No,No,2022-2026,68.36,99.66,4.57,5,34,16,2,5.5,3.7,School,No,Low,5,Yes,3,5,No,Active
23IT10,Edward Parsons,BSc-IT,TY,2,Female,23,General,856301,22,66,25,2,21133,2025-04-22,No,4.7,Light material campaign more age.,32,Yes,No,2023-2026,64.29,67.74,4.06,3,96,7,0,6.2,2.8,School,No,High,6,No,2,2,No,Graduated
23IT11,Sophia Moore,BSc-IT,TY,1,Other,22,SC,427369,23,40,26,0,48391,2025-07-22,Yes,3.5,Keep page after heavy.,43,No,No,2023-2025,73.92,81.34,3.06,2,167,29,11,9.6,2.1,PG,No,Medium,7,No,3,5,Yes,Dropped Out
23IT12,Vincent Hill,BSc-IT,TY,2,Male,21,ST,273229,28,67,28,0,20056,2025-05-12,No,3.7,Rich door who computer drive.,22,Yes,Yes,2022-2025,58.11,76.53,4.18,0,199,49,14,9.0,2.5,UG,No,Medium,3,Yes,3,0,Yes,Active
23IT13,Katrina Ferrell,BSc-IT,TY,1,Other,22,General,475588,23,39,29,1,30633,2025-02-19,No,4.9,I might step cost attorney rate describe.,31,Yes,No,2024-2025,77.68,65.83,3.84,0,138,35,16,2.2,1.5,PG,Yes,High,9,No,2,1,No,Dropped Out
23IT14,Kimberly Lee,BSc-IT,TY,2,Male,20,ST,995488,28,49,39,1,33868,2025-03-25,No,4.7,Where culture thus exactly group might stock send.,15,No,Yes,2024-2025,93.4,79.42,4.35,4,56,18,10,1.6,4.1,None,No,Medium,4,Yes,3,5,Yes,Active
23IT15,Tracy Freeman,BSc-IT,TY,1,Female,20,SC,470072,25,56,30,0,36674,2025-03-12,Yes,4.6,Word behind test leader which.,31,No,Yes,2023-2026,92.83,97.35,3.77,4,180,26,6,2.1,4.3,None,No,Low,3,Yes,2,3,Yes,Active
23IT16,Jordan Nelson,BSc-IT,TY,2,Other,23,ST,369421,20,60,48,0,30085,2025-01-07,Yes,3.1,Eye bring something natural those at interest.,22,No,No,2024-2026,54.17,67.89,4.57,0,92,41,17,5.6,1.1,UG,Yes,Medium,1,No,3,1,Yes,Dropped Out
23IT17,Jason Robinson,BSc-IT,TY,1,Female,19,OBC,369058,25,52,47,2,43545,2025-05-31,Yes,4.0,Perhaps natural movement cause worry stand different.,44,No,Yes,2022-2025,65.23,87.24,1.99,5,91,25,18,2.7,4.1,PG,Yes,Medium,1,No,3,0,Yes,Active
23IT18,Hector Reed,BSc-IT,TY,1,Male,22,General,428877,23,56,21,1,22272,2025-02-06,Yes,4.0,Ok social none wrong.,4,Yes,No,2023-2026,77.53,81.12,2.59,2,129,16,15,7.7,1.4,PG,No,Medium,2,Yes,3,5,No,Dropped Out
23IT19,Jennifer Garcia,BSc-IT,TY,1,Other,21,SC,365094,29,53,30,2,47812,2025-04-10,No,4.7,Anything lead unit for win carry.,3,No,Yes,2022-2026,90.32,94.83,1.07,2,52,19,2,6.9,4.1,PG,Yes,High,2,No,3,4,Yes,Graduated
23IT20,Danielle Clark,BSc-IT,TY,1,Female,21,General,242818,29,34,49,2,27387,2025-02-27,No,4.8,Now whom billion prove even consider.,15,No,No,2023-2025,87.12,72.52,2.91,4,56,33,6,3.5,4.2,PG,Yes,Medium,2,Yes,2,0,Yes,Active
23IT21,Eric Wood,BSc-IT,TY,2,Male,18,ST,633872,21,45,22,3,22711,2025-04-20,Yes,4.0,Drive me answer movie art.,0,No,Yes,2023-2025,75.3,91.29,2.81,4,47,13,20,4.1,2.1,School,Yes,High,1,Yes,3,1,Yes,Dropped Out
23IT22,Amy Sheppard,BSc-IT,TY,1,Female,19,OBC,495141,23,36,36,1,28652,2025-05-11,Yes,3.9,Receive how opportunity.,20,No,Yes,2024-2026,53.48,88.59,3.34,0,74,27,16,6.3,3.6,School,Yes,High,2,No,0,1,No,Graduated
23IT23,Amy Walton,BSc-IT,TY,1,Male,21,General,417077,23,64,32,2,23307,2025-02-03,No,3.3,Serious mouth clear article occur.,13,No,No,2024-2026,93.77,80.07,4.33,4,102,8,20,4.6,1.6,None,No,Low,7,No,1,1,No,Dropped Out
23IT24,Gwendolyn Sims,BSc-IT,TY,2,Female,18,ST,553270,28,70,46,0,24458,2025-01-15,Yes,3.1,Compare interesting fight staff style group doctor.,28,Yes,Yes,2023-2026,61.23,65.25,1.98,5,96,49,5,7.4,3.3,PG,No,Medium,1,No,0,1,Yes,Dropped Out
23IT25,Linda Cline,BSc-IT,TY,2,Other,20,ST,825049,22,55,39,2,37441,2025-04-03,Yes,3.4,Leader sure authority police eight quite.,3,Yes,No,2024-2026,96.82,77.4,1.91,3,73,32,11,7.8,4.2,School,No,High,1,Yes,0,5,No,Graduated
23IT26,Heather Ellis,BSc-IT,TY,2,Male,19,General,921685,28,32,20,0,36901,2025-01-05,No,4.8,Ever reality low write water.,23,No,No,2023-2026,52.48,61.23,4.75,5,109,26,9,4.3,4.4,PG,No,Medium,8,No,3,2,Yes,Dropped Out
23IT27,Mark Herring,BSc-IT,TY,2,Other,21,General,113776,25,47,47,0,35278,2025-01-06,Yes,4.8,Never long race very.,10,Yes,Yes,2022-2025,74.25,90.69,2.06,5,129,40,12,3.7,3.7,School,Yes,Medium,4,No,0,3,Yes,Graduated
23IT28,Kyle Raymond,BSc-IT,TY,1,Female,21,OBC,829540,30,55,32,3,34582,2025-03-07,Yes,4.1,Must national interest safe.,33,No,Yes,2023-2026,98.09,79.99,4.27,5,188,11,20,2.7,1.1,PG,No,High,6,No,1,3,Yes,Active
23IT29,Miranda Davis,BSc-IT,TY,1,Other,20,SC,326572,23,49,23,1,21349,2025-06-09,No,4.8,Its important identify voice feel way everything.,16,No,Yes,2024-2025,99.1,64.63,1.2,1,11,42,18,4.1,3.3,PG,Yes,High,4,Yes,2,4,No,Graduated
23IT30,Mary Clark,BSc-IT,TY,2,Other,21,SC,959820,20,38,44,2,37132,2025-03-20,No,4.4,Sure no dream culture support human.,49,Yes,Yes,2022-2026,59.06,95.88,3.43,3,66,19,20,4.8,4.3,None,Yes,Medium,9,No,1,4,Yes,Dropped Out
23IT31,Thomas Garcia,BSc-IT,TY,1,Female,23,SC,446708,29,49,25,3,48825,2025-07-07,Yes,4.9,Special result finish school amount behavior.,34,No,Yes,2022-2025,52.96,61.91,4.11,3,105,50,9,3.6,4.9,School,No,Low,3,No,3,4,Yes,Graduated
23IT32,Brandon Bailey,BSc-IT,TY,1,Male,22,OBC,860981,26,36,31,1,22635,2025-01-07,No,4.6,Challenge my phone.,44,Yes,Yes,2023-2025,69.24,86.1,2.11,1,93,32,0,2.0,1.0,School,Yes,Medium,5,No,3,2,No,Graduated
23IT33,Lori Harper,BSc-IT,TY,2,Female,19,ST,988522,20,36,45,1,47394,2025-07-23,Yes,3.0,Traditional resource impact ball civil throughout sound research.,9,Yes,No,2024-2026,72.35,65.64,3.49,0,156,41,16,8.4,3.2,School,Yes,Medium,1,Yes,3,0,No,Graduated
23IT34,Christopher Robinson,BSc-IT,TY,1,Female,20,General,428951,27,70,46,2,32755,2025-01-10,No,4.8,Single we dark.,33,Yes,No,2024-2025,97.61,89.83,3.62,5,51,14,2,3.5,1.2,None,No,Low,8,Yes,1,4,Yes,Graduated
23IT35,Danielle Campos,BSc-IT,TY,1,Male,23,OBC,657458,22,58,27,0,21013,2025-05-26,No,3.2,Husband nothing myself theory represent clearly.,9,Yes,Yes,2023-2025,80.8,98.97,1.97,3,164,23,9,2.0,3.5,PG,No,Medium,9,Yes,0,1,No,Graduated
23IT36,Denise Rodriguez,BSc-IT,TY,1,Male,23,OBC,806804,27,45,20,1,49268,2025-04-23,Yes,3.2,Attention person give hard special carry.,47,No,No,2022-2026,68.86,72.71,4.56,1,162,28,10,6.1,3.5,None,No,Low,4,Yes,1,3,Yes,Graduated
23IT37,Michelle Ramirez,BSc-IT,TY,1,Male,21,OBC,676649,21,64,34,3,41317,2025-07-26,No,3.8,Close require tree local professional doctor week.,34,No,No,2023-2026,59.5,91.07,1.82,2,166,16,11,4.0,3.2,UG,No,High,10,Yes,2,2,No,Active
23IT38,Ashley Palmer,BSc-IT,TY,1,Male,23,ST,303009,21,53,37,3,41079,2025-04-23,Yes,4.1,Human lead attack scientist arrive five build.,4,Yes,No,2023-2026,52.81,98.35,3.65,2,197,27,2,2.5,1.6,PG,No,High,2,No,1,4,No,Graduated
23IT39,Heather Irwin,BSc-IT,TY,2,Female,18,SC,380492,20,51,46,1,34939,2025-03-15,Yes,4.5,Age force beat war inside science.,36,Yes,No,2024-2026,56.92,62.83,3.29,3,178,12,1,7.2,3.3,School,Yes,High,9,No,3,0,No,Active
23IT40,Mary Harris,BSc-IT,TY,2,Other,22,ST,644792,28,65,43,3,34087,2025-06-24,No,3.4,Theory return board way maybe reduce around.,15,Yes,Yes,2022-2025,92.6,67.25,2.45,0,56,16,15,9.4,4.0,UG,No,High,3,Yes,0,0,Yes,Graduated
23IT41,Elizabeth Lee,BSc-IT,TY,1,Male,20,OBC,857196,25,68,41,3,33511,2025-05-30,Yes,4.5,Her eight control with.,39,Yes,No,2023-2026,84.86,86.92,3.08,1,67,29,11,2.6,1.0,PG,No,Medium,7,Yes,2,2,No,Active
23IT42,Brett Reid,BSc-IT,TY,2,Female,23,OBC,853143,23,31,45,3,22840,2025-07-04,No,4.7,City health force hair should.,39,No,Yes,2023-2026,71.62,63.54,3.23,2,178,16,6,4.3,3.4,PG,No,High,6,Yes,0,4,No,Graduated
23IT43,Jason Lawrence,BSc-IT,TY,1,Female,20,OBC,938760,20,69,39,3,47063,2025-02-16,Yes,4.4,Pattern PM approach individual lot play.,38,No,Yes,2022-2026,50.21,93.48,1.32,5,133,47,9,7.1,2.3,UG,Yes,Medium,10,No,0,1,No,Graduated
23IT44,Deanna Medina,BSc-IT,TY,1,Female,18,General,890531,29,30,47,1,22493,2025-02-11,Yes,3.3,Go expect accept whether government agree.,23,No,No,2024-2025,73.8,95.76,3.42,4,18,45,2,9.7,1.3,PG,Yes,High,7,Yes,1,1,No,Dropped Out
23IT45,Robert Ford Jr.,BSc-IT,TY,2,Male,19,ST,563833,27,38,23,0,21634,2025-02-16,No,4.1,Think same among information local choose require.,31,Yes,No,2023-2026,53.74,72.3,1.14,3,101,17,3,5.8,4.8,School,No,High,9,Yes,2,5,No,Graduated
23IT46,Audrey Page,BSc-IT,TY,1,Female,20,SC,698605,27,49,41,1,44942,2025-05-23,No,4.7,Tv as talk artist.,27,No,Yes,2024-2026,65.23,87.04,3.22,1,140,6,9,1.1,2.0,UG,No,Low,6,No,3,3,No,Dropped Out
23IT47,James Henson,BSc-IT,TY,1,Female,20,SC,444958,29,69,47,1,27598,2025-05-06,No,3.0,Add such stage develop.,15,Yes,No,2024-2025,94.31,97.62,2.19,2,74,47,5,2.0,4.4,PG,Yes,Medium,6,No,0,5,Yes,Dropped Out
23IT48,Veronica Pacheco,BSc-IT,TY,1,Other,20,ST,941835,29,31,21,0,36811,2025-06-27,Yes,3.9,General major wonder.,20,Yes,Yes,2024-2025,67.15,74.05,3.04,0,66,31,3,6.0,3.2,None,Yes,High,1,No,2,3,No,Active
23IT49,Robin Waters,BSc-IT,TY,2,Male,19,OBC,112630,30,57,27,3,33775,2025-06-24,No,3.0,Seem hotel such hold bring agree memory.,5,Yes,Yes,2022-2025,63.56,82.4,4.5,3,93,26,1,1.5,3.0,School,No,High,7,No,1,1,Yes,Graduated
23IT50,Richard Maldonado,BSc-IT,TY,2,Female,23,SC,365187,25,70,30,2,22694,2025-02-06,No,4.1,Former cover necessary piece everybody live crime.,38,Yes,Yes,2023-2026,82.16,84.73,3.54,2,122,12,11,1.9,4.7,School,No,Medium,6,No,2,4,Yes,Dropped Out
23IT51,Ian Meza,BSc-IT,TY,1,Female,19,General,990635,21,30,50,1,36214,2025-04-09,No,4.1,Up phone on model.,24,Yes,No,2024-2025,52.12,96.73,4.23,0,179,33,2,3.8,3.4,UG,No,Low,1,No,2,0,Yes,Graduated
23IT52,Monica Ross,BSc-IT,TY,2,Male,23,OBC,204303,26,69,29,3,48039,2025-04-10,No,4.4,Financial sell just trial film near past.,9,No,No,2024-2026,70.89,66.89,4.24,5,156,13,5,7.5,2.7,None,Yes,High,10,Yes,2,4,Yes,Active
23IT53,Susan Garcia,BSc-IT,TY,1,Male,21,ST,458734,30,36,42,0,22587,2025-04-27,Yes,3.7,Defense red those.,43,Yes,Yes,2023-2025,83.95,81.54,4.11,2,35,17,19,5.4,4.5,School,No,Low,9,No,0,3,No,Dropped Out
23IT54,Timothy Shields,BSc-IT,TY,2,Female,23,ST,435610,29,61,41,0,45799,2025-01-23,Yes,3.3,Nature owner kid best.,44,No,Yes,2024-2026,52.98,65.07,3.74,3,98,37,7,6.3,3.6,None,No,Medium,10,No,2,2,No,Dropped Out
23IT55,Heather Bennett,BSc-IT,TY,1,Other,19,OBC,456639,20,53,28,2,31570,2025-01-15,No,4.2,Box human land outside main action item.,47,No,No,2022-2025,67.24,76.54,4.48,5,107,31,20,5.2,2.4,UG,Yes,High,8,Yes,1,0,No,Active
23IT56,Todd Bates,BSc-IT,TY,1,Male,22,OBC,854373,27,45,24,3,28290,2025-07-03,No,3.0,Health heavy training able industry.,12,Yes,No,2022-2025,92.77,74.12,1.22,0,58,44,7,3.6,3.3,School,No,Low,5,Yes,1,1,No,Active
23IT57,Dakota Baker,BSc-IT,TY,1,Female,22,SC,334710,28,56,41,3,29872,2025-03-30,No,4.9,Stuff billion result about white poor leave through.,1,No,No,2024-2025,50.76,82.45,4.85,4,11,42,15,7.8,2.0,UG,Yes,High,10,Yes,3,2,No,Dropped Out
23IT58,Michael Osborn,BSc-IT,TY,1,Male,22,OBC,642890,27,67,39,2,39591,2025-02-20,Yes,3.6,Group far her.,0,Yes,No,2024-2025,85.33,63.04,4.33,0,74,46,1,2.5,4.5,PG,Yes,Low,5,Yes,1,3,No,Active
23IT59,Alexandra Harrison,BSc-IT,TY,1,Other,21,SC,619216,30,59,41,3,30451,2025-07-22,Yes,3.3,Start service real turn their whom.,35,No,No,2022-2025,74.87,74.68,4.52,4,156,41,4,1.6,3.3,PG,Yes,Low,8,Yes,1,5,No,Dropped Out
23IT60,Mr. Aaron Bishop,BSc-IT,TY,1,Male,23,General,237510,28,56,21,3,34345,2025-06-18,Yes,4.8,Apply meeting share doctor often cold.,32,Yes,No,2022-2026,75.44,63.17,2.78,0,130,28,11,8.2,3.3,School,No,High,5,No,0,5,No,Graduated
23IT61,Laura Castillo,BSc-IT,TY,2,Male,20,OBC,294880,26,64,42,0,38802,2025-01-26,No,4.6,Floor environment tonight.,7,Yes,Yes,2022-2026,71.19,99.0,3.7,5,105,15,7,6.9,4.5,UG,Yes,Low,3,No,3,0,Yes,Active
23IT62,Amanda Hall,BSc-IT,TY,1,Other,21,SC,477637,26,56,21,3,24215,2025-05-29,Yes,4.8,Worker very course population indicate.,40,Yes,No,2022-2026,65.76,93.81,4.39,2,114,27,13,6.1,2.1,UG,No,High,8,Yes,1,2,No,Dropped Out
23IT63,Sandy Harrison,BSc-IT,TY,2,Other,19,ST,503904,28,60,50,3,48427,2025-03-15,Yes,3.2,Nature course experience peace culture determine.,43,Yes,No,2024-2025,79.96,94.46,2.43,3,116,50,2,7.5,3.9,None,No,Medium,4,Yes,0,4,No,Active
23IT64,Aaron Alvarado,BSc-IT,TY,1,Female,22,General,898166,23,38,44,1,49567,2025-05-29,Yes,3.9,Place Democrat character back.,12,Yes,Yes,2023-2026,98.06,67.08,4.36,2,143,34,15,2.8,3.3,None,Yes,Low,2,No,3,5,No,Graduated
23IT65,Jermaine Walker,BSc-IT,TY,1,Male,18,OBC,821808,28,59,43,1,22364,2025-03-18,Yes,4.7,Operation someone perhaps development help cause rock.,3,No,No,2022-2026,92.51,79.01,2.03,0,143,8,3,3.4,3.2,UG,Yes,Low,6,No,3,1,No,Graduated
23IT66,Tina Moreno,BSc-IT,TY,1,Female,20,SC,495126,30,60,20,2,48772,2025-06-24,No,4.3,Thought clear voice great wear.,9,Yes,Yes,2023-2025,71.02,81.18,2.9,5,159,18,8,7.1,4.6,UG,Yes,Low,10,No,0,1,Yes,Dropped Out
23IT67,Sandra Alvarado,BSc-IT,TY,1,Female,20,General,190286,25,48,23,0,20212,2025-01-05,Yes,4.5,Very knowledge air various school million.,33,Yes,Yes,2024-2025,73.36,74.01,1.03,4,90,42,11,6.4,2.0,UG,No,High,9,No,0,1,Yes,Graduated
23IT68,Gina Cook,BSc-IT,TY,1,Female,18,SC,637075,26,40,25,3,33388,2025-04-28,No,3.1,Page president huge.,40,No,Yes,2023-2025,92.71,82.89,4.05,4,88,44,20,5.3,4.7,School,No,Low,5,Yes,1,4,Yes,Dropped Out
23IT69,Courtney Lane,BSc-IT,TY,1,Male,20,OBC,366871,29,62,22,2,21871,2025-06-07,Yes,3.1,Speech short likely.,49,No,Yes,2022-2025,76.71,83.61,2.9,2,153,29,4,5.7,2.8,School,Yes,High,1,No,0,1,Yes,Active
23IT70,Rebecca Shea,BSc-IT,TY,1,Other,23,General,796935,25,42,50,2,46153,2025-07-13,Yes,3.9,Beyond TV street some sound.,38,No,No,2024-2025,84.08,78.87,2.33,4,113,45,7,7.1,2.2,UG,No,Medium,9,No,1,0,Yes,Dropped Out
23IT71,Calvin Ayala,BSc-IT,TY,1,Male,22,SC,729368,27,53,41,3,49531,2025-04-02,Yes,4.4,Prevent walk kind building allow able method.,25,No,No,2023-2025,69.32,69.97,1.86,1,68,10,14,1.2,3.9,PG,Yes,High,8,No,3,2,Yes,Graduated
23IT72,James Wright,BSc-IT,TY,2,Other,18,General,915016,20,32,41,2,26765,2025-03-01,No,4.4,Finally poor significant good source live man response.,3,Yes,Yes,2022-2025,95.29,78.62,2.64,0,162,5,0,1.4,2.3,PG,Yes,Medium,2,No,0,4,No,Graduated
23IT73,Cindy Holland,BSc-IT,TY,2,Male,20,General,624032,24,58,28,3,26387,2025-02-20,Yes,4.3,Cause stay writer.,8,Yes,Yes,2024-2025,64.01,68.95,1.55,0,65,32,20,6.4,1.6,None,No,High,5,Yes,3,4,Yes,Dropped Out
23IT74,Steven Wolf,BSc-IT,TY,2,Other,19,SC,486938,20,55,37,3,38441,2025-05-16,Yes,4.3,Full hotel pretty far prove front.,12,No,Yes,2022-2026,97.57,78.66,4.14,0,42,32,13,2.2,4.0,PG,No,Low,10,No,3,0,No,Dropped Out
23IT75,Reginald Hall,BSc-IT,TY,1,Other,19,OBC,580236,27,51,41,1,40494,2025-03-27,Yes,3.3,Source nation evidence similar realize job inside.,1,No,Yes,2023-2025,85.3,98.98,3.39,2,168,13,20,6.1,3.3,None,No,Low,7,No,2,4,No,Active
23IT76,Ian Watkins,BSc-IT,TY,1,Other,21,General,681380,24,64,43,0,25806,2025-02-16,No,3.4,Buy resource Congress yeah similar lay benefit kitchen.,27,No,No,2022-2026,90.16,96.02,1.56,1,92,11,1,2.2,1.9,None,Yes,Medium,2,Yes,2,1,Yes,Active
23IT77,Eric Anderson,BSc-IT,TY,2,Other,22,OBC,533752,23,57,32,2,32184,2025-07-14,Yes,4.5,Check sell project six.,12,Yes,No,2022-2025,61.42,66.45,4.28,2,14,18,18,7.8,4.4,None,No,High,9,No,1,4,No,Active
23IT78,Bonnie Cook,BSc-IT,TY,1,Other,19,OBC,895796,29,35,46,1,27818,2025-04-13,Yes,4.3,Reality decade arrive movie.,43,Yes,No,2023-2026,84.57,65.65,3.42,0,34,49,16,3.2,1.5,PG,No,Medium,9,No,3,5,No,Graduated
23IT79,Jesus Wood,BSc-IT,TY,2,Female,21,General,475227,20,56,39,0,48224,2025-07-16,Yes,3.6,Movie letter maybe generation line management.,45,No,Yes,2023-2026,88.63,60.6,1.21,3,158,40,12,3.9,1.0,PG,Yes,Low,10,Yes,0,3,No,Graduated
23IT80,Glenn Martinez,BSc-IT,TY,1,Other,19,ST,362076,21,48,45,2,24972,2025-07-20,No,3.1,Financial always team choice never yard late.,4,No,No,2024-2025,77.8,73.56,1.87,2,103,11,7,9.6,2.4,None,No,High,10,No,2,4,No,Dropped Out
23IT81,Gabriella Gomez,BSc-IT,TY,2,Male,20,SC,382962,24,37,33,3,30644,2025-01-23,No,4.6,Story my rise event full language.,26,Yes,No,2022-2025,84.31,90.3,1.71,2,36,11,2,9.3,5.0,School,Yes,High,7,Yes,1,1,Yes,Dropped Out
23IT82,Dr. Madison Hoffman,BSc-IT,TY,1,Male,22,OBC,253476,27,61,30,1,41296,2025-02-26,No,3.5,Involve card trial early guy share.,17,Yes,No,2022-2025,66.97,66.64,4.35,2,137,32,17,4.8,2.6,School,No,Low,1,No,2,2,No,Graduated
23IT83,Ryan Lopez,BSc-IT,TY,2,Female,23,OBC,266640,20,67,25,3,32507,2025-01-29,No,4.1,Stage American art new choose property.,48,Yes,Yes,2024-2025,99.52,68.93,4.89,3,47,27,18,2.9,3.5,School,No,Low,6,Yes,3,2,Yes,Dropped Out
23IT84,Wendy Brown,BSc-IT,TY,1,Female,19,OBC,606379,25,41,32,0,36750,2025-03-26,No,3.6,Pm participant century.,24,No,Yes,2024-2025,59.95,78.54,3.62,1,64,37,1,8.8,3.2,UG,Yes,Medium,7,Yes,2,1,Yes,Graduated
23IT85,Mr. Matthew Ritter,BSc-IT,TY,1,Other,20,OBC,488233,29,57,45,0,36796,2025-05-08,Yes,4.6,Look child pass newspaper source goal.,15,Yes,Yes,2024-2025,54.24,66.47,2.1,2,18,50,14,6.1,2.9,PG,No,Medium,7,No,1,1,No,Active
23IT86,Mark Gonzalez,BSc-IT,TY,1,Female,21,OBC,533900,20,66,50,2,36343,2025-07-16,No,4.8,Alone market begin institution.,46,No,Yes,2022-2025,65.4,80.31,3.68,4,46,41,2,8.0,2.8,School,Yes,Medium,3,No,2,1,Yes,Graduated
23IT87,Amber Hughes,BSc-IT,TY,2,Female,19,ST,853984,25,47,32,1,29626,2025-04-12,No,3.0,Vote national show often provide.,26,Yes,Yes,2024-2025,53.11,90.46,3.06,5,195,25,8,3.6,3.4,UG,Yes,Low,8,No,2,1,Yes,Active
23IT88,Reginald Murphy,BSc-IT,TY,2,Male,19,General,324768,25,31,30,1,41653,2025-01-18,Yes,3.2,Speech real tree ground difficult.,33,No,No,2024-2025,86.12,76.62,4.28,0,126,17,9,9.4,3.6,School,No,High,7,Yes,0,1,Yes,Dropped Out
23IT89,Anthony Davis,BSc-IT,TY,2,Other,21,General,595466,20,56,45,3,43117,2025-04-11,Yes,3.7,Collection lot person require.,12,Yes,Yes,2022-2025,79.91,97.99,3.18,3,127,13,19,5.5,1.2,PG,No,High,9,Yes,2,1,No,Active
23IT90,Larry Moreno,BSc-IT,TY,2,Male,18,General,801044,20,64,42,1,29595,2025-01-15,Yes,3.2,Home suffer financial newspaper else relationship floor.,29,Yes,No,2024-2026,63.64,72.34,4.89,4,172,39,17,4.7,1.1,PG,No,Medium,3,Yes,1,5,No,Active
23IT91,Kathryn Valenzuela,BSc-IT,TY,1,Male,23,ST,926504,20,69,21,2,46277,2025-06-13,Yes,3.7,Beautiful benefit join company.,1,No,Yes,2023-2026,86.94,95.04,3.63,4,107,45,6,6.6,1.5,None,No,High,5,No,3,4,Yes,Graduated
23IT92,Mary Nguyen,BSc-IT,TY,2,Other,21,OBC,262887,24,42,20,1,29561,2025-07-19,Yes,4.3,From material your hear happen through another.,44,No,No,2023-2026,98.04,75.66,2.54,1,195,31,1,3.6,3.8,PG,No,High,8,Yes,3,2,No,Graduated
23IT93,Dr. Jessica Munoz,BSc-IT,TY,2,Female,18,ST,756156,21,64,25,2,49684,2025-05-28,No,4.8,Western his else south place.,5,Yes,No,2023-2025,83.29,90.58,3.34,4,137,32,0,9.8,4.0,School,No,High,4,Yes,1,0,No,Graduated
23IT94,Anna Rocha,BSc-IT,TY,1,Other,19,General,796330,21,49,21,3,41603,2025-07-28,No,3.7,Record imagine seven us.,44,Yes,Yes,2023-2025,89.77,94.96,1.71,4,138,7,12,1.3,1.6,PG,No,Medium,2,No,2,0,No,Dropped Out
23IT95,Jose Garcia,BSc-IT,TY,1,Female,18,General,142596,22,49,50,2,35074,2025-04-14,No,3.2,Seat least my fear condition us.,5,Yes,No,2023-2026,74.77,88.36,2.11,5,44,26,15,7.2,1.7,School,Yes,Medium,4,No,2,3,Yes,Graduated
23IT96,Lori Williams,BSc-IT,TY,1,Male,22,ST,414913,23,55,32,2,46354,2025-01-25,No,4.0,Certainly leader wide according stock.,14,No,Yes,2022-2025,60.5,99.03,3.96,2,147,14,0,6.2,3.5,UG,Yes,Medium,1,Yes,0,4,Yes,Active
23IT97,Blake Ali,BSc-IT,TY,2,Male,19,SC,102748,22,61,40,0,41073,2025-07-01,Yes,3.7,News walk make during.,9,No,Yes,2022-2025,74.62,77.6,3.8,5,132,39,16,5.5,2.9,PG,Yes,High,8,No,1,3,No,Graduated
23IT98,Laura Smith,BSc-IT,TY,1,Female,20,SC,446644,21,43,24,1,24228,2025-05-28,Yes,4.2,Prove use traditional out.,44,Yes,Yes,2023-2025,56.81,69.29,3.02,1,11,27,8,2.2,4.8,PG,No,High,9,No,1,2,No,Active
23IT99,Gail Patterson,BSc-IT,TY,2,Male,18,SC,670507,23,57,40,3,35845,2025-02-16,Yes,3.7,Occur deep treatment area type throughout some short.,29,Yes,No,2024-2026,79.06,72.05,1.04,1,74,9,14,1.4,2.9,PG,No,Medium,4,No,3,0,No,Dropped Out
23IT100,Christopher Johnson,BSc-IT,TY,2,Other,19,OBC,409137,28,58,24,2,42054,2025-05-24,No,4.7,Health education teach smile quickly serve.,50,Yes,Yes,2023-2026,69.31,62.26,1.5,4,46,19,13,7.0,4.0,None,No,Medium,9,No,1,5,Yes,Active
23IT101,Paul Mcdonald,BSc-IT,TY,1,Male,18,General,378153,28,49,47,3,43018,2025-03-10,No,4.3,Career huge head town work nor ahead.,28,No,Yes,2023-2025,60.1,73.28,4.16,5,179,43,3,8.3,1.5,None,No,High,5,No,3,4,No,Dropped Out
23IT102,Raven Sherman,BSc-IT,TY,2,Male,22,General,562700,26,30,32,0,30650,2025-07-24,Yes,5.0,Store expert rise state claim.,8,Yes,No,2024-2026,86.3,84.05,3.29,0,112,27,20,2.5,4.6,UG,Yes,Medium,3,No,0,2,Yes,Dropped Out
23IT103,Kristin Hardy,BSc-IT,TY,1,Male,23,SC,147472,26,55,31,1,43552,2025-05-25,No,4.0,Detail eat trial none service herself imagine.,48,No,Yes,2024-2026,79.11,91.06,3.95,0,57,20,15,4.0,3.2,PG,Yes,High,7,No,2,0,Yes,Active
23IT104,Wayne Miller,BSc-IT,TY,1,Male,18,SC,429482,24,70,46,2,33008,2025-04-30,No,3.9,Miss improve than how system kind area.,25,Yes,Yes,2023-2025,73.22,80.98,2.38,5,199,12,15,1.0,3.3,None,No,Medium,9,Yes,2,4,Yes,Dropped Out
23IT105,Michael Rojas,BSc-IT,TY,2,Male,22,OBC,716213,28,38,38,0,38884,2025-03-19,No,3.6,Hospital town consider business fight.,39,Yes,Yes,2022-2026,79.63,91.45,3.23,0,39,38,1,6.5,1.4,School,Yes,High,3,Yes,1,2,Yes,Graduated
23IT106,Sandra Reyes,BSc-IT,TY,2,Male,19,General,111657,20,47,36,2,26781,2025-04-26,Yes,4.6,Ground ok necessary sometimes medical.,36,Yes,No,2023-2026,62.8,76.46,2.74,1,151,38,18,8.8,4.4,PG,Yes,Medium,6,No,1,3,Yes,Dropped Out
23IT107,Anna Garrett,BSc-IT,TY,2,Female,20,OBC,840469,25,49,32,1,45731,2025-02-28,No,3.5,Several she argue a thus.,25,No,Yes,2022-2025,68.01,94.35,3.12,4,134,13,11,5.7,3.4,School,Yes,Low,10,Yes,2,0,No,Active
23IT108,Troy Hopkins,BSc-IT,TY,1,Male,18,OBC,622183,23,60,20,0,41301,2025-03-30,Yes,4.9,Mention take young let mother authority buy.,28,Yes,Yes,2023-2025,51.46,71.86,1.31,1,64,13,0,8.2,1.4,School,No,Medium,5,No,2,0,Yes,Graduated
23IT109,Haley Leach MD,BSc-IT,TY,1,Male,21,ST,645266,25,32,26,0,40375,2025-03-07,Yes,4.7,Including trouble pattern green serve key.,36,Yes,Yes,2022-2026,98.58,94.89,4.27,0,42,7,17,8.3,3.6,None,Yes,Medium,3,No,3,4,No,Dropped Out
23IT110,Melinda Hernandez,BSc-IT,TY,1,Male,18,OBC,348557,27,41,44,1,46803,2025-07-21,No,3.6,Tax test necessary sit difference both.,42,No,No,2023-2025,57.8,62.22,1.93,1,57,19,2,4.1,1.0,School,No,Low,3,No,3,0,Yes,Active
23IT111,Casey Barron,BSc-IT,TY,1,Male,20,SC,173270,21,59,35,1,41099,2025-04-23,No,3.6,How would capital take special after.,34,Yes,No,2024-2025,72.43,63.21,4.04,4,123,31,1,4.9,2.6,PG,Yes,Medium,4,Yes,3,5,Yes,Graduated
23IT112,Julie Adams,BSc-IT,TY,2,Male,19,SC,421916,23,48,39,3,40115,2025-03-13,Yes,4.4,Itself color many voice.,44,Yes,Yes,2023-2025,73.24,85.06,2.32,2,101,13,10,3.9,4.8,PG,No,Medium,10,Yes,2,4,No,Active
23IT113,James Randall,BSc-IT,TY,2,Other,18,OBC,782409,24,57,43,3,28813,2025-06-25,Yes,3.6,Political her less much growth kitchen situation design.,4,Yes,Yes,2023-2025,93.93,90.6,1.72,1,116,18,1,1.8,1.9,PG,No,Medium,6,Yes,0,0,No,Active
23IT114,Leslie Anderson,BSc-IT,TY,2,Male,23,General,829879,26,35,45,1,48164,2025-05-10,No,4.2,Very despite other for significant.,24,No,Yes,2022-2026,57.47,65.41,4.37,1,135,50,8,3.4,4.2,UG,No,Medium,3,No,3,4,Yes,Dropped Out
23IT115,Jared Torres,BSc-IT,TY,2,Female,20,OBC,284291,23,42,44,2,31656,2025-05-09,Yes,4.3,Score century nature these person.,12,Yes,No,2024-2026,51.64,83.6,3.8,4,198,47,20,2.0,2.2,School,No,High,1,Yes,1,2,Yes,Dropped Out
23IT116,Emily Owen,BSc-IT,TY,2,Male,23,OBC,213562,25,54,36,0,31273,2025-06-11,Yes,3.7,Probably wish Congress do move talk participant.,8,Yes,Yes,2024-2026,80.09,89.79,4.67,2,80,33,3,5.9,4.1,School,No,Medium,5,No,3,0,Yes,Active
23IT117,Thomas Liu,BSc-IT,TY,1,Female,21,General,214069,24,33,31,0,35920,2025-07-20,No,3.9,Again worker choice trip help black.,47,No,Yes,2023-2025,95.28,92.49,1.72,2,173,9,3,3.2,3.8,School,Yes,High,8,No,1,0,Yes,Active
23IT118,Megan Miranda,BSc-IT,TY,1,Other,22,General,135238,27,63,30,2,45732,2025-05-17,Yes,4.5,Change accept project list although begin.,11,Yes,Yes,2022-2025,51.82,60.53,2.68,5,56,26,13,4.9,4.1,School,No,Medium,3,No,0,1,Yes,Graduated
23IT119,Angie Joseph,BSc-IT,TY,1,Female,21,General,398590,23,48,23,0,20219,2025-03-10,Yes,3.3,Sit fish moment.,41,Yes,No,2023-2025,93.55,87.6,4.93,2,100,17,18,3.6,4.1,PG,Yes,Medium,6,Yes,0,2,No,Dropped Out
23IT120,Chad Avery,BSc-IT,TY,1,Other,21,General,532061,21,33,41,0,37793,2025-06-28,No,3.9,History imagine structure laugh garden water up.,50,No,Yes,2024-2025,79.44,88.96,4.69,4,17,26,9,2.5,2.5,School,No,High,9,Yes,2,4,Yes,Graduated
23IT121,Samuel Jones,BSc-IT,TY,1,Other,20,OBC,780265,29,33,20,1,33261,2025-05-20,No,4.6,Cultural write TV decision nature matter.,18,No,No,2024-2026,93.05,91.41,2.46,5,166,43,10,8.4,1.8,UG,No,Low,5,Yes,0,0,Yes,Graduated
23IT122,Kevin Wiggins,BSc-IT,TY,2,Female,22,OBC,731163,24,59,28,0,32173,2025-05-09,Yes,3.7,Cup week pull item stuff.,24,Yes,No,2022-2026,58.88,88.42,1.12,3,22,30,19,3.4,4.8,PG,No,Low,4,Yes,3,0,Yes,Dropped Out
23IT123,Rachel Hooper,BSc-IT,TY,1,Other,19,General,513337,26,37,43,3,24779,2025-03-11,No,4.3,Already health most.,50,Yes,Yes,2022-2025,95.5,85.88,1.71,3,70,46,13,7.2,3.9,PG,Yes,Low,8,Yes,3,3,No,Graduated
23IT124,Angel Jones,BSc-IT,TY,2,Other,18,OBC,148984,26,43,21,1,33065,2025-03-25,Yes,3.4,Agent lose wonder.,7,No,No,2022-2026,63.26,84.95,1.26,4,192,15,4,9.0,4.0,UG,Yes,High,2,Yes,0,1,Yes,Active
23IT125,Stephen Baldwin,BSc-IT,TY,1,Other,23,ST,973783,29,30,37,1,34513,2025-03-25,Yes,3.2,Plan ground particular conference form health.,0,No,No,2024-2026,74.09,97.14,2.98,4,48,10,6,2.4,1.4,UG,No,Medium,10,Yes,1,0,Yes,Graduated
23IT126,Christopher Smith,BSc-IT,TY,1,Other,20,SC,849423,26,38,23,1,26628,2025-03-15,Yes,5.0,Degree decision prepare pretty.,39,No,No,2022-2026,58.77,69.42,1.13,2,25,10,5,2.7,3.5,None,Yes,Low,6,Yes,2,1,No,Active
23IT127,Courtney Morgan,BSc-IT,TY,1,Male,23,General,225080,22,63,41,1,48309,2025-04-02,No,4.3,Add rich chance late try.,11,Yes,Yes,2024-2025,96.99,62.14,2.83,1,94,30,12,5.8,2.7,PG,No,High,5,No,1,1,Yes,Dropped Out
23IT128,Amy Parker,BSc-IT,TY,1,Female,21,ST,662779,21,54,46,3,32711,2025-03-17,No,4.5,Run tough certain try body themselves back.,45,Yes,Yes,2023-2026,59.56,98.56,1.33,5,90,41,17,5.9,5.0,PG,No,Low,3,No,0,2,No,Graduated
23IT129,Jamie Brown,BSc-IT,TY,1,Male,20,ST,945475,25,70,25,0,21112,2025-02-23,Yes,3.9,Occur describe garden above choice.,34,Yes,No,2022-2026,81.82,81.59,2.76,3,142,33,16,9.6,4.7,None,No,Low,8,No,1,1,Yes,Active
23IT130,Patrick Ramirez,BSc-IT,TY,2,Other,22,SC,269887,21,60,38,0,39545,2025-07-25,Yes,4.3,Card together heavy man my land.,9,Yes,No,2023-2025,91.51,91.53,3.21,2,35,21,5,6.5,4.2,PG,No,High,2,No,3,5,Yes,Graduated
23IT131,Donald Tucker,BSc-IT,TY,2,Female,21,General,416382,22,37,33,2,34928,2025-06-21,Yes,3.5,Report turn hand woman.,2,No,No,2023-2025,62.34,62.86,3.81,0,96,16,3,5.3,1.3,PG,No,Low,7,Yes,3,4,No,Dropped Out
23IT132,Alicia Garcia,BSc-IT,TY,2,Female,21,General,629683,22,54,47,2,42763,2025-02-25,No,4.7,House might service support we.,11,Yes,No,2022-2026,71.36,61.03,1.67,5,30,49,3,2.9,3.4,UG,No,Low,2,No,0,2,Yes,Active
23IT133,Natasha Ray,BSc-IT,TY,1,Other,23,OBC,664950,20,50,33,1,48554,2025-02-08,No,4.8,South some operation other project only.,16,Yes,Yes,2022-2026,63.64,93.9,4.1,0,115,34,7,2.9,3.0,None,No,High,1,No,0,3,No,Dropped Out
23IT134,Brittany Roberts,BSc-IT,TY,2,Male,18,SC,861210,20,39,36,3,29594,2025-06-06,Yes,3.1,Scientist why reason member report.,48,Yes,Yes,2023-2026,61.21,98.05,4.98,0,87,34,2,1.8,4.5,PG,No,Medium,2,Yes,2,0,No,Dropped Out
23IT135,Jose Anderson,BSc-IT,TY,2,Other,20,SC,997810,20,32,26,2,21413,2025-06-18,No,4.3,Baby parent true bill college marriage.,1,Yes,Yes,2023-2025,62.19,91.11,4.3,3,74,49,10,7.1,4.8,UG,No,Low,4,Yes,2,0,Yes,Active
23IT136,Shannon Smith,BSc-IT,TY,2,Female,19,ST,731309,29,32,42,0,35865,2025-05-14,Yes,4.2,Opportunity late similar let case.,4,No,Yes,2024-2026,90.73,67.59,4.28,4,135,40,17,7.2,4.8,PG,No,Medium,2,No,3,0,Yes,Dropped Out
23IT137,Stephanie Perkins,BSc-IT,TY,1,Other,19,ST,645708,26,30,23,1,30409,2025-02-21,No,3.3,Serve need together.,47,Yes,Yes,2023-2026,91.15,98.36,4.26,1,103,31,13,2.2,4.7,UG,No,High,10,No,2,4,Yes,Graduated
23IT138,Alexis Mendoza,BSc-IT,TY,2,Female,23,General,386163,20,50,33,3,49345,2025-04-01,No,4.6,Executive full onto worry current just since this.,47,No,No,2024-2025,85.95,74.33,4.68,1,181,8,17,9.7,1.8,None,Yes,High,2,No,3,0,Yes,Graduated
23IT139,Michael Castro,BSc-IT,TY,1,Female,18,SC,348471,24,69,36,3,34192,2025-05-01,Yes,3.7,To natural never final spend will.,44,Yes,No,2023-2026,84.14,83.52,4.01,2,96,35,4,7.2,4.0,UG,Yes,Medium,9,Yes,2,4,Yes,Active
23IT140,Peter Wong,BSc-IT,TY,2,Other,20,ST,809182,27,69,20,0,39388,2025-02-20,Yes,4.9,Program while sing result.,49,No,No,2023-2025,76.39,91.37,1.79,4,194,18,8,9.2,4.6,School,No,Medium,2,Yes,1,0,Yes,Dropped Out
23IT141,Angela Aguirre,BSc-IT,TY,2,Male,19,SC,109882,21,51,40,3,28166,2025-05-23,Yes,4.3,Citizen chair how science offer really office different.,49,No,No,2022-2025,53.27,63.3,3.2,1,84,31,14,1.9,1.1,School,No,Medium,10,Yes,3,1,Yes,Active
23IT142,Mike Acosta,BSc-IT,TY,2,Female,21,OBC,259981,25,44,22,0,49506,2025-04-22,No,3.8,Country fine factor imagine on.,48,Yes,Yes,2022-2026,93.16,86.05,3.0,2,160,34,4,3.7,4.2,PG,Yes,Medium,5,No,0,3,No,Graduated
23IT143,David Wilson,BSc-IT,TY,2,Female,23,SC,631858,24,35,50,0,45760,2025-01-27,Yes,3.7,Ground along tough suffer our.,6,Yes,No,2024-2025,73.48,75.45,1.46,0,197,32,0,9.8,3.1,UG,Yes,Low,1,No,3,4,No,Dropped Out
23IT144,Renee Diaz,BSc-IT,TY,1,Female,23,OBC,779548,20,34,38,3,40150,2025-07-23,No,3.0,Focus goal teacher government research.,10,No,Yes,2024-2026,76.89,76.81,4.34,3,75,30,3,2.4,4.0,UG,Yes,Medium,9,No,3,1,No,Graduated
23IT145,Madison Scott,BSc-IT,TY,2,Female,18,ST,512700,25,60,28,0,22781,2025-03-31,Yes,4.0,Scientist should popular sell become special million.,24,Yes,Yes,2024-2026,92.47,61.91,4.87,3,176,13,18,6.8,4.9,School,No,Low,6,Yes,0,0,Yes,Graduated
23IT146,Jeremy Myers,BSc-IT,TY,1,Other,23,ST,739866,30,43,37,3,29764,2025-05-09,No,3.4,Open I stand daughter seek beat.,39,Yes,No,2022-2025,79.4,69.63,3.09,5,177,43,9,4.1,1.3,School,No,Medium,3,No,2,2,No,Dropped Out
23IT147,Chelsey Harris,BSc-IT,TY,2,Male,19,SC,827102,21,56,34,0,33279,2025-02-10,No,4.6,Others economic director few.,35,No,No,2023-2026,87.98,73.48,3.14,5,117,26,13,1.3,3.7,UG,No,Low,4,No,1,1,No,Dropped Out
23IT148,Taylor Hicks,BSc-IT,TY,2,Female,21,SC,305705,29,31,34,3,24667,2025-02-04,Yes,3.5,Prepare perform leader customer.,4,Yes,Yes,2024-2025,74.05,82.65,1.34,3,177,41,2,2.0,3.0,School,Yes,Low,6,Yes,3,1,No,Graduated
23IT149,David Malone,BSc-IT,TY,2,Male,22,SC,748589,20,64,40,2,34627,2025-07-16,No,3.8,Him old will quality shoulder time character.,13,No,No,2023-2025,72.87,99.93,4.48,4,101,26,1,6.7,3.7,School,Yes,Low,9,Yes,0,5,No,Dropped Out
23IT150,Anna Ward,BSc-IT,TY,1,Female,23,SC,848074,24,54,37,3,43785,2025-03-25,Yes,4.4,Save rate instead student first boy.,50,Yes,Yes,2024-2025,70.91,80.37,2.8,1,166,9,12,6.0,4.7,UG,No,Low,3,No,3,0,Yes,Dropped Out
23IT151,Evelyn Hamilton,BSc-IT,TY,2,Female,19,General,934684,26,47,31,3,39141,2025-04-08,No,3.5,Garden agent condition weight gas.,13,Yes,Yes,2022-2026,96.42,64.14,4.01,1,50,45,4,7.4,2.4,None,No,Low,8,Yes,2,0,No,Dropped Out
23IT152,Jordan Simpson,BSc-IT,TY,1,Female,20,OBC,620546,24,63,41,1,33116,2025-07-22,Yes,3.8,Artist prove explain believe.,34,No,Yes,2023-2026,75.05,73.38,1.82,5,26,36,7,7.0,1.0,School,Yes,High,4,No,1,5,Yes,Graduated
23IT153,Kevin Martin,BSc-IT,TY,2,Other,22,OBC,899933,28,65,39,2,37362,2025-06-06,Yes,3.6,Charge region executive age whether eye sense.,9,Yes,No,2024-2026,71.85,67.2,1.19,2,131,40,10,3.8,1.3,PG,No,Low,1,No,2,0,No,Graduated
23IT154,Whitney Cameron,BSc-IT,TY,2,Male,23,General,463204,28,65,27,1,26673,2025-05-20,Yes,4.8,Talk number run could which sing message common.,40,No,Yes,2024-2025,66.79,62.53,1.18,2,88,48,7,2.4,3.3,PG,Yes,High,5,Yes,1,0,Yes,Dropped Out
23IT155,Debra Garrett,BSc-IT,TY,2,Female,18,SC,864314,27,42,20,2,30607,2025-05-18,No,3.4,Card half career process use.,30,Yes,Yes,2022-2025,66.79,64.51,4.94,0,84,12,14,5.0,4.2,UG,Yes,Medium,8,No,3,4,Yes,Graduated
23IT156,Stephen Cook,BSc-IT,TY,2,Other,21,OBC,475188,25,31,36,1,32129,2025-04-29,Yes,3.1,Notice or sign happy decision environmental out civil.,41,Yes,Yes,2022-2026,57.03,77.39,4.06,0,43,28,20,4.8,3.0,PG,Yes,High,5,Yes,2,0,Yes,Dropped Out
23IT157,Jennifer Bonilla,BSc-IT,TY,2,Male,22,SC,510503,30,38,22,1,33535,2025-02-26,No,4.9,Carry sell see there.,42,No,No,2022-2026,87.44,80.75,4.12,2,102,12,5,6.0,3.7,School,No,Medium,7,No,2,2,No,Active
23IT158,Morgan Mckenzie MD,BSc-IT,TY,1,Female,23,OBC,181803,21,50,38,3,26496,2025-05-09,Yes,3.0,Quickly worker guy report.,6,Yes,Yes,2024-2025,61.12,94.41,4.65,1,101,43,18,5.2,4.8,None,Yes,Medium,7,No,0,4,Yes,Active
23IT159,Curtis Hamilton,BSc-IT,TY,1,Other,19,SC,591629,25,51,27,3,49042,2025-06-29,Yes,4.1,Prove care time personal character thousand all.,39,Yes,Yes,2023-2026,76.18,62.18,2.1,1,16,27,7,2.7,4.0,School,Yes,Medium,6,Yes,3,5,Yes,Active
23IT160,Zachary Patterson,BSc-IT,TY,2,Other,23,OBC,370858,23,45,21,1,30226,2025-02-18,No,3.9,Organization low hand according spring everyone contain.,49,Yes,No,2022-2025,80.34,80.49,3.18,1,38,46,5,3.5,3.6,None,Yes,Low,7,No,0,5,No,Dropped Out
23IT161,Nancy Carrillo,BSc-IT,TY,2,Female,20,ST,338378,25,40,37,3,24517,2025-06-08,No,4.4,Event according culture population these organization.,50,Yes,Yes,2024-2025,92.33,60.34,2.35,5,138,8,3,2.2,1.5,School,No,Medium,3,No,1,0,No,Dropped Out
23IT162,Krystal Burnett,BSc-IT,TY,1,Female,23,OBC,945062,25,52,36,1,35642,2025-05-03,No,4.5,Available police knowledge pay could often quality pretty.,20,Yes,No,2024-2025,93.38,88.36,1.73,0,68,14,15,7.0,4.4,PG,Yes,Low,6,Yes,0,0,Yes,Graduated
23IT163,Steven Le,BSc-IT,TY,1,Male,21,ST,338648,20,42,50,3,40436,2025-02-08,No,4.6,Later public cut what have wear soon.,40,No,No,2022-2026,78.27,99.32,2.62,0,86,10,10,2.5,4.3,None,No,High,5,No,0,3,No,Active
23IT164,Lisa Dunn,BSc-IT,TY,2,Female,20,SC,469780,27,49,31,3,30359,2025-04-10,No,4.2,Leg wrong from into method per.,33,Yes,No,2022-2025,92.26,80.22,2.51,3,16,48,19,2.4,4.7,School,Yes,High,9,Yes,0,0,No,Active
23IT165,Douglas Sanchez,BSc-IT,TY,1,Female,21,SC,342387,28,37,21,2,41781,2025-04-30,No,4.5,Party receive concern myself.,11,No,No,2023-2025,55.69,82.88,1.01,3,162,34,14,2.8,2.7,UG,No,Medium,8,No,2,2,No,Active
23IT166,Tanner Clark,BSc-IT,TY,2,Male,21,ST,499724,23,65,44,0,33354,2025-07-17,Yes,4.0,Myself guess half dark cell accept kid.,37,No,Yes,2022-2026,95.1,75.13,3.64,2,151,7,3,3.1,4.6,None,No,Low,3,Yes,0,1,No,Graduated
23IT167,Amy Burgess,BSc-IT,TY,1,Other,23,OBC,840584,26,50,41,0,37838,2025-01-16,No,4.9,Citizen easy boy level bad must wide.,27,Yes,Yes,2022-2025,81.98,68.69,1.64,1,127,20,9,8.8,2.1,School,Yes,Medium,6,No,2,2,Yes,Dropped Out
23IT168,Gary Gilbert,BSc-IT,TY,2,Other,20,ST,235756,27,47,33,0,45451,2025-04-10,Yes,3.0,Task see call better law not kitchen water.,11,No,Yes,2023-2026,63.55,86.59,3.61,1,51,34,4,9.0,1.6,PG,Yes,Medium,8,No,2,0,Yes,Graduated
23IT169,Jason Vincent,BSc-IT,TY,2,Female,21,General,639823,29,48,48,1,36678,2025-02-24,Yes,3.1,Pattern travel Mrs reflect decision difference.,41,Yes,No,2024-2026,87.0,64.04,2.07,2,21,24,17,9.2,4.5,UG,No,High,9,No,3,0,No,Active
23IT170,Gina Cole,BSc-IT,TY,1,Other,18,OBC,632978,23,55,45,2,22727,2025-02-06,No,4.2,Operation simply color employee risk.,6,No,No,2023-2025,74.85,71.32,4.64,5,10,29,12,4.2,1.6,School,No,Low,7,No,2,0,No,Graduated
23IT171,James Armstrong,BSc-IT,TY,2,Male,19,General,144602,21,36,21,1,23211,2025-01-06,No,3.0,Process morning throughout security.,36,Yes,No,2023-2025,67.62,82.47,1.72,1,159,37,11,7.4,3.2,School,No,High,10,No,2,4,Yes,Active
23IT172,Andrew Russell,BSc-IT,TY,1,Female,23,General,861127,27,31,36,1,43298,2025-06-17,Yes,3.5,Head public four five trip side.,38,No,No,2024-2026,66.85,66.39,1.56,4,172,41,9,2.9,4.2,None,Yes,High,9,Yes,2,3,Yes,Graduated
23IT173,Carolyn Wood,BSc-IT,TY,2,Other,18,OBC,790580,28,70,25,0,36692,2025-05-06,Yes,5.0,Story street parent response former see machine.,42,No,Yes,2023-2026,96.67,83.64,3.11,1,156,42,16,2.7,4.0,School,No,High,10,No,3,2,Yes,Active
23IT174,Scott Torres,BSc-IT,TY,1,Female,21,ST,517180,24,44,43,0,24762,2025-07-28,Yes,5.0,Side fund ahead begin behind send.,35,No,Yes,2024-2025,63.09,70.84,1.87,5,176,8,7,7.1,3.3,PG,Yes,High,7,No,0,0,No,Dropped Out
23IT175,Amy Adams,BSc-IT,TY,1,Male,20,General,162492,26,35,37,2,48423,2025-01-08,Yes,4.8,Statement manage about reach day friend car.,32,No,No,2024-2026,72.88,70.36,4.03,5,129,8,18,8.3,2.4,PG,Yes,High,3,Yes,0,2,No,Active
23IT176,Steven Lewis,BSc-IT,TY,2,Female,22,SC,336618,25,46,48,2,22070,2025-02-03,Yes,3.8,Drive course east news.,35,Yes,No,2022-2026,74.57,96.1,1.73,4,193,45,1,7.3,3.5,PG,No,High,8,No,1,5,No,Dropped Out
23IT177,Brandi Hardin,BSc-IT,TY,2,Other,22,OBC,243290,28,33,31,0,45030,2025-07-21,Yes,3.1,Item land kitchen attention star.,21,No,Yes,2023-2025,74.98,64.57,3.42,5,180,27,4,5.8,3.2,None,No,High,7,Yes,2,4,Yes,Graduated
23IT178,Leslie Rhodes,BSc-IT,TY,1,Other,19,SC,921578,21,39,21,0,35460,2025-05-28,Yes,4.6,Thought range miss bar seven.,37,Yes,Yes,2022-2025,59.48,95.86,2.49,4,127,25,10,2.8,3.5,UG,Yes,Medium,2,No,1,4,No,Active
23IT179,Annette Robinson,BSc-IT,TY,1,Other,21,General,987293,28,30,44,3,22410,2025-07-25,Yes,3.2,Time although can rich town conference society.,48,No,No,2022-2026,72.43,82.88,1.13,1,95,35,1,6.0,4.1,UG,Yes,High,9,No,1,5,Yes,Active
23IT180,Shane Gordon,BSc-IT,TY,1,Other,21,SC,395619,26,55,39,2,48132,2025-07-07,No,4.4,Result history red explain per write marriage.,44,Yes,No,2024-2025,94.13,89.16,4.19,0,174,47,2,2.3,3.0,PG,No,Medium,10,Yes,1,4,Yes,Graduated
23IT181,Marvin Clark,BSc-IT,TY,1,Other,19,OBC,671237,25,48,21,1,39768,2025-02-17,Yes,3.0,Rock product low president debate.,36,Yes,No,2024-2026,57.17,81.01,3.72,1,79,15,15,1.8,1.2,PG,Yes,Medium,9,Yes,0,1,No,Active
23IT182,Kimberly Dickson,BSc-IT,TY,2,Female,20,ST,232079,28,61,29,3,29922,2025-01-11,No,3.3,Strategy bit recent family magazine themselves cut send.,3,Yes,No,2023-2025,73.99,76.32,3.72,3,177,50,4,5.7,1.0,School,No,Low,7,No,1,1,Yes,Graduated
23IT183,Thomas Johnston,BSc-IT,TY,1,Male,19,General,290521,28,58,35,3,26641,2025-02-20,No,3.2,No morning only hear building.,7,Yes,No,2024-2026,78.17,62.83,4.42,5,136,37,8,8.3,4.4,PG,Yes,High,5,Yes,3,5,No,Dropped Out
23IT184,Stephanie Barker,BSc-IT,TY,1,Other,20,SC,768292,25,41,22,2,29891,2025-07-24,No,4.7,Front low others civil deep.,12,No,Yes,2022-2026,63.31,91.4,3.28,0,158,6,16,5.5,1.5,UG,No,High,6,No,0,3,Yes,Graduated
23IT185,Stephanie Herman,BSc-IT,TY,2,Other,18,General,346172,20,33,33,0,30694,2025-02-19,Yes,3.9,Shoulder key enjoy approach program current.,7,Yes,No,2023-2026,87.66,74.53,3.5,2,67,19,9,4.3,1.5,School,No,Medium,3,No,2,5,No,Graduated
23IT186,Shawn Davis,BSc-IT,TY,1,Male,22,ST,406178,27,47,28,2,44776,2025-06-04,Yes,3.9,Fish within consider her particular talk.,36,No,No,2023-2025,77.49,73.3,4.76,2,23,35,1,5.4,2.6,School,Yes,Medium,2,No,1,1,No,Dropped Out
23IT187,Kathleen Chan DVM,BSc-IT,TY,1,Female,21,OBC,299946,25,51,26,1,34926,2025-06-22,Yes,3.2,There reveal somebody everyone draw let.,50,No,No,2023-2025,66.36,94.92,3.1,1,162,24,3,9.6,2.9,None,Yes,High,7,No,3,0,No,Active
23IT188,Jesse Collier,BSc-IT,TY,2,Female,23,OBC,211177,22,42,39,0,36508,2025-05-08,Yes,4.9,Prevent parent behind even.,38,No,Yes,2024-2025,93.77,92.53,4.23,1,146,16,10,1.7,3.3,UG,Yes,Medium,5,Yes,0,3,Yes,Dropped Out
23IT189,Harold Hudson,BSc-IT,TY,1,Male,19,General,262231,27,54,50,0,26415,2025-06-12,Yes,4.9,Game service want.,13,No,Yes,2023-2025,84.3,93.77,1.18,5,174,7,20,1.1,1.6,UG,No,High,5,Yes,1,4,No,Dropped Out
23IT190,Mary Mitchell,BSc-IT,TY,2,Male,19,SC,506028,27,56,49,0,23933,2025-03-19,No,3.8,Type force remember quickly without argue red often.,10,No,No,2024-2025,54.75,92.31,3.0,0,152,32,17,1.2,4.9,None,No,Low,4,Yes,2,1,Yes,Active
23IT191,James Hall,BSc-IT,TY,2,Female,18,General,534579,21,70,26,2,34567,2025-03-02,No,3.5,Point maybe choice beautiful discuss.,21,Yes,Yes,2022-2025,88.13,85.85,3.38,4,66,33,1,8.4,1.5,School,Yes,High,8,No,2,5,Yes,Graduated
23IT192,Robert Davis,BSc-IT,TY,1,Female,23,General,721141,20,52,23,1,44531,2025-06-18,Yes,3.3,Represent reason right single staff leader.,13,Yes,No,2022-2026,53.14,81.08,2.37,4,40,44,0,7.0,4.4,School,No,High,5,No,0,5,No,Active
23IT193,Linda Bird,BSc-IT,TY,1,Female,22,ST,927682,29,67,48,0,30496,2025-03-14,No,3.4,Picture protect worker police play power future.,17,No,Yes,2024-2026,78.14,94.08,4.43,1,198,8,20,5.4,1.6,None,Yes,Low,7,Yes,2,4,Yes,Graduated
23IT194,Shawn Hunter,BSc-IT,TY,1,Other,23,OBC,923477,24,43,40,3,25077,2025-03-24,Yes,4.5,However money dinner attorney.,7,No,No,2023-2026,62.57,73.91,4.29,5,78,13,5,2.4,3.4,School,Yes,High,10,No,3,1,Yes,Active
23IT195,Kathleen Palmer,BSc-IT,TY,2,Female,22,General,996910,30,49,44,0,43427,2025-04-21,Yes,3.8,Data support finally exist baby.,13,No,No,2023-2026,63.68,74.67,4.72,5,80,48,3,2.6,2.8,School,No,High,2,No,2,3,Yes,Graduated
23IT196,Robert Dawson,BSc-IT,TY,1,Male,20,OBC,462942,22,37,46,1,30634,2025-03-29,No,4.4,Visit position paper leg.,15,No,No,2022-2025,98.69,92.37,4.13,2,111,17,16,3.9,5.0,None,No,High,1,No,0,2,No,Dropped Out
23IT197,Robin Gonzalez,BSc-IT,TY,2,Female,20,OBC,867947,22,67,25,0,25823,2025-06-18,No,4.4,Find approach teach next sport.,17,Yes,Yes,2024-2025,51.68,99.19,1.92,2,115,42,10,5.8,3.1,PG,Yes,Low,9,Yes,2,3,Yes,Dropped Out
23IT198,Jonathan Kline,BSc-IT,TY,1,Male,18,SC,608198,29,60,48,0,45928,2025-05-20,No,4.4,Test be use wife.,22,Yes,Yes,2023-2026,61.8,81.54,1.0,5,63,41,10,7.1,3.4,None,No,Low,8,No,2,2,No,Active
23IT199,Carol Nolan,BSc-IT,TY,2,Female,21,ST,922475,29,54,26,3,24136,2025-04-04,No,4.1,Forward network account continue.,1,Yes,No,2023-2026,51.6,70.56,2.02,3,51,13,6,4.9,4.3,UG,Yes,Low,10,No,1,3,No,Active
23IT200,Andrew Peters,BSc-IT,TY,1,Male,19,General,133470,30,70,28,3,39600,2025-01-08,No,4.0,Include around key seven.,42,No,Yes,2023-2025,73.01,79.83,4.86,4,154,50,11,7.1,2.1,School,No,High,1,No,0,4,Yes,Graduated
25DS01,Tiffany Smith,BSc-DS,FY,2,Male,19,General,926557,27,58,37,0,36839,2025-05-11,Yes,3.3,Art management threat choose.,39,Yes,No,2023-2025,53.73,81.1,4.83,1,125,41,5,6.6,1.6,School,Yes,High,8,Yes,3,2,No,Dropped Out
25DS02,Kyle Franco,BSc-DS,FY,2,Male,18,OBC,805102,24,59,29,3,40375,2025-05-07,No,3.0,Together health remember decade.,39,Yes,Yes,2024-2026,83.05,84.23,4.73,4,49,33,6,9.8,3.9,UG,Yes,Medium,3,Yes,3,2,Yes,Active
25DS03,Mrs. Katelyn Gallegos,BSc-DS,FY,1,Female,21,SC,659377,28,37,21,3,33230,2025-07-13,Yes,3.9,Game even color current stop.,41,No,Yes,2024-2025,76.14,98.97,4.06,4,13,49,18,4.6,4.5,PG,No,Low,8,No,1,5,No,Graduated
25DS04,Vernon Williams,BSc-DS,FY,2,Other,21,SC,162061,24,65,21,3,47329,2025-02-03,Yes,3.5,Force region care draw relate back.,42,Yes,Yes,2022-2026,80.34,99.36,2.03,0,103,26,8,4.3,2.4,UG,Yes,High,10,No,2,2,No,Graduated
25DS05,Mrs. Melissa Bradley DDS,BSc-DS,FY,2,Other,19,General,252293,28,40,25,1,22207,2025-04-16,No,4.8,Main woman hand smile only.,46,Yes,No,2022-2025,91.86,90.84,3.08,5,56,47,7,3.0,4.6,PG,No,Medium,4,No,0,1,Yes,Dropped Out
25DS06,Shannon Bridges,BSc-DS,FY,1,Other,20,OBC,294488,22,43,27,1,28020,2025-03-22,Yes,3.3,Writer night century country effect special sometimes.,49,No,Yes,2023-2025,70.46,93.21,1.89,3,52,40,7,7.7,3.6,None,No,High,3,No,0,5,No,Active
25DS07,Michelle Hawkins,BSc-DS,FY,1,Female,23,ST,522689,24,62,43,1,25872,2025-04-16,Yes,3.3,Trade someone value they name fast.,7,No,Yes,2022-2025,88.19,82.34,4.75,5,200,34,2,4.2,4.5,School,Yes,Medium,8,No,0,2,Yes,Dropped Out
25DS08,Carolyn Smith,BSc-DS,FY,1,Other,23,General,882463,29,44,42,0,34164,2025-05-16,Yes,3.6,Tree adult high impact ok about.,4,Yes,No,2024-2025,99.55,63.47,3.45,2,36,45,7,2.9,3.3,School,No,Low,3,No,3,4,No,Graduated
25DS09,Anthony Wilson,BSc-DS,FY,2,Other,19,ST,525975,30,49,25,1,49783,2025-06-17,No,3.3,Our wish might budget by.,17,No,No,2022-2026,54.36,84.94,1.62,2,108,42,11,1.4,2.0,UG,No,High,1,No,1,5,Yes,Active
25DS10,Luis Lee,BSc-DS,FY,1,Other,23,SC,361185,23,60,34,2,45317,2025-07-15,Yes,4.4,Lawyer mouth program admit.,46,No,Yes,2022-2025,58.17,67.33,3.57,5,60,37,11,3.5,4.5,School,Yes,High,9,Yes,1,4,Yes,Graduated
25DS11,Tina Dixon,BSc-DS,FY,1,Female,18,ST,511915,27,66,43,1,35789,2025-06-02,Yes,5.0,Teach whatever clearly friend student.,43,Yes,No,2022-2026,91.34,76.62,3.21,3,60,19,1,7.1,3.8,None,Yes,Medium,4,Yes,0,2,No,Graduated
25DS12,Erin Gray,BSc-DS,FY,1,Male,22,SC,527314,25,66,29,1,28274,2025-05-29,Yes,3.1,Situation much true month true.,23,Yes,Yes,2024-2025,61.61,94.41,2.34,5,160,34,11,8.7,1.0,UG,No,High,8,No,1,1,No,Graduated
25DS13,Ann Thornton,BSc-DS,FY,1,Other,21,ST,973906,24,38,27,2,39759,2025-02-14,No,3.4,Interview lose political none mind position positive.,49,No,No,2022-2025,70.83,77.34,3.46,1,168,24,9,5.0,2.3,UG,No,High,4,No,2,1,Yes,Dropped Out
25DS14,William Wallace,BSc-DS,FY,1,Male,19,OBC,258286,23,39,36,1,22607,2025-01-02,No,4.4,Reflect of usually subject art face down.,34,No,Yes,2022-2026,90.16,85.0,4.82,4,28,24,2,9.9,4.8,School,No,Medium,6,No,1,4,Yes,Dropped Out
25DS15,Tammy Townsend,BSc-DS,FY,2,Other,19,ST,428097,22,31,20,2,28620,2025-05-29,No,4.5,In officer economic necessary beat memory realize direction.,18,No,Yes,2023-2025,63.75,91.35,3.92,4,79,43,4,4.0,1.9,None,Yes,Medium,10,Yes,2,3,Yes,Dropped Out
25DS16,Christopher Tanner,BSc-DS,FY,1,Male,19,General,914582,21,52,39,3,47549,2025-06-03,Yes,4.6,Effect enter already world present assume.,33,No,Yes,2024-2026,96.83,74.68,1.3,0,179,5,20,2.5,2.6,UG,No,Low,2,No,0,2,No,Dropped Out
25DS17,Daniel Smith,BSc-DS,FY,2,Other,18,SC,601883,24,40,31,1,30352,2025-01-31,Yes,4.5,Specific recognize bar claim lose line growth.,18,No,Yes,2022-2026,66.7,92.69,3.69,1,77,35,20,3.9,4.0,UG,Yes,High,7,No,0,1,Yes,Dropped Out
25DS18,Hannah Harmon,BSc-DS,FY,2,Other,19,OBC,895655,20,47,33,0,22973,2025-04-29,No,4.8,Mrs budget guy scene administration admit.,28,No,No,2023-2025,72.05,88.96,3.44,3,113,35,13,2.8,3.4,School,No,Medium,2,No,3,0,Yes,Active
25DS19,Jacob Tanner,BSc-DS,FY,2,Female,18,General,415414,26,41,50,3,34817,2025-03-11,No,3.8,Relationship effect without once.,14,Yes,No,2022-2026,74.73,87.5,4.27,3,71,12,20,1.9,3.8,PG,No,High,10,Yes,0,2,No,Dropped Out
25DS20,Dakota Lee,BSc-DS,FY,1,Female,19,ST,994751,23,47,32,3,33190,2025-03-22,No,4.1,Those current team current everyone will according.,7,Yes,Yes,2024-2025,68.44,92.04,3.9,2,83,21,16,5.9,4.9,UG,No,Low,8,Yes,3,4,Yes,Graduated
25DS21,Matthew Lin,BSc-DS,FY,2,Other,21,General,252574,20,50,21,0,36054,2025-01-08,Yes,4.0,Build entire once fact entire.,12,No,No,2023-2025,80.68,83.15,2.52,1,72,45,15,4.5,3.9,School,Yes,High,3,No,3,4,Yes,Active
25DS22,Michael Werner,BSc-DS,FY,1,Male,23,General,809270,22,30,37,2,30270,2025-05-03,No,3.6,Increase forget realize.,24,Yes,Yes,2023-2026,88.67,68.67,3.95,3,186,48,9,8.4,3.5,UG,Yes,Medium,10,Yes,3,3,No,Active
25DS23,John Odonnell,BSc-DS,FY,1,Other,19,SC,770253,30,64,24,3,26407,2025-02-21,No,4.2,Interest free shake culture chance.,12,Yes,No,2024-2026,60.26,97.08,2.47,5,84,43,14,2.3,1.7,School,Yes,High,8,No,3,2,Yes,Graduated
25DS24,Amanda Young,BSc-DS,FY,2,Other,21,OBC,759041,28,41,37,3,39619,2025-03-18,No,4.4,Where trip doctor often me.,16,Yes,Yes,2023-2025,59.92,89.95,1.18,2,178,47,12,7.3,1.8,PG,No,Medium,3,No,1,1,No,Dropped Out
25DS25,Nicholas Mcdaniel,BSc-DS,FY,1,Other,20,SC,867147,27,31,29,3,48287,2025-03-18,No,3.7,Easy music of why investment.,37,Yes,No,2023-2025,69.47,74.44,3.35,1,109,42,4,1.9,2.2,PG,No,Medium,8,Yes,0,0,No,Dropped Out
25DS26,Henry Jones,BSc-DS,FY,1,Male,23,ST,941858,25,44,32,0,42160,2025-02-08,No,3.3,Game move house wrong they another audience.,35,No,Yes,2022-2026,82.38,61.55,4.26,0,68,44,0,2.2,3.2,UG,No,Low,9,Yes,3,1,No,Active
25DS27,Krista Hill,BSc-DS,FY,2,Male,22,OBC,492281,25,44,21,3,25096,2025-02-04,Yes,3.4,Her agency pay put.,20,No,Yes,2023-2025,88.86,79.52,4.58,0,143,21,16,5.9,2.5,None,Yes,Medium,8,Yes,2,3,Yes,Active
25DS28,William Sherman,BSc-DS,FY,2,Other,21,SC,519984,24,40,38,0,22555,2025-04-01,Yes,3.9,Under goal market look.,37,No,Yes,2024-2025,50.89,64.33,1.83,3,107,46,3,4.0,3.6,None,No,Low,3,No,3,0,Yes,Graduated
25DS29,Angelica Gomez,BSc-DS,FY,1,Other,20,SC,490161,25,31,34,1,24067,2025-05-20,No,5.0,Stage many moment civil indicate.,34,Yes,Yes,2024-2025,58.43,83.8,3.31,0,177,27,1,4.3,4.3,UG,No,Low,10,No,3,0,Yes,Dropped Out
25DS30,Maria Calhoun,BSc-DS,FY,1,Other,18,General,288585,27,55,24,2,39911,2025-05-29,Yes,4.2,Although though thought fear history.,25,No,No,2024-2025,90.7,66.19,3.53,2,51,38,10,5.1,3.5,PG,Yes,High,3,No,0,5,Yes,Graduated
25DS31,John Turner,BSc-DS,FY,1,Male,22,ST,819901,26,43,25,0,38557,2025-03-29,No,4.1,Test let before.,10,Yes,Yes,2022-2026,57.54,70.41,3.9,3,116,28,16,3.6,4.4,None,No,High,10,No,0,2,Yes,Graduated
25DS32,Kathryn Ward,BSc-DS,FY,2,Other,20,OBC,349298,25,45,21,3,48295,2025-01-23,Yes,4.7,Near boy unit camera.,23,Yes,No,2023-2026,57.84,79.84,1.45,2,128,11,19,7.2,3.2,None,No,Medium,4,Yes,0,5,Yes,Active
25DS33,Patricia Harris,BSc-DS,FY,2,Other,21,OBC,736432,25,44,31,0,23371,2025-06-11,Yes,4.3,Have recent who family.,35,Yes,Yes,2023-2025,96.56,81.75,2.87,0,33,11,0,6.1,1.3,None,No,High,1,Yes,2,1,Yes,Graduated
25DS34,Melissa Adams,BSc-DS,FY,1,Female,18,SC,454556,25,37,42,1,20935,2025-01-24,No,3.6,Range mouth eight good support town.,38,Yes,No,2022-2026,54.67,62.82,2.19,5,130,27,1,8.3,4.7,None,No,Low,3,No,2,5,No,Active
25DS35,Regina Thomas,BSc-DS,FY,1,Female,23,ST,484736,25,30,29,2,32946,2025-07-13,Yes,3.5,Let deal health.,12,Yes,Yes,2022-2026,75.77,64.47,2.48,0,190,48,8,10.0,1.2,UG,Yes,Medium,6,Yes,1,5,Yes,Active
25DS36,Nicole Mcgrath,BSc-DS,FY,2,Male,19,OBC,254996,27,48,37,1,40536,2025-05-18,Yes,3.8,Store number speech painting.,22,No,No,2022-2025,68.96,83.92,1.16,4,47,19,16,8.7,4.2,UG,Yes,Low,3,No,2,0,No,Dropped Out
25DS37,Eric Torres,BSc-DS,FY,2,Other,21,OBC,167504,27,40,40,2,21737,2025-05-28,Yes,4.8,Help no remember degree.,32,No,Yes,2023-2025,74.79,94.12,3.52,4,79,26,13,3.6,2.3,School,Yes,High,1,No,3,5,No,Dropped Out
25DS38,Juan Gray,BSc-DS,FY,2,Female,23,SC,627897,27,41,21,0,20352,2025-05-23,No,4.5,Environmental mean clearly bill value for participant.,2,Yes,Yes,2022-2026,60.92,61.78,1.8,1,66,16,1,1.3,1.5,School,No,High,6,No,3,0,Yes,Active
25DS39,Karen Myers,BSc-DS,FY,1,Female,19,SC,752254,25,57,39,3,46176,2025-05-14,No,4.8,Garden mind culture lay three else.,0,No,Yes,2023-2025,62.29,63.71,1.97,0,177,30,10,4.2,1.8,PG,No,High,8,No,3,0,No,Active
25DS40,Richard Johnson,BSc-DS,FY,1,Female,18,ST,183691,29,36,24,1,20654,2025-05-31,Yes,3.7,Society feeling kind cup international ground remember.,44,No,Yes,2024-2026,94.41,94.35,3.15,4,93,13,15,4.7,3.0,School,No,Medium,8,No,0,2,Yes,Graduated
25DS41,Ralph Roberson,BSc-DS,FY,1,Female,18,SC,699172,28,31,25,0,30091,2025-01-15,Yes,4.4,Without paper anything eight.,43,Yes,No,2022-2026,99.05,73.93,2.53,1,86,24,18,8.1,4.4,UG,No,Low,7,Yes,2,1,No,Active
25DS42,Brittany Mann,BSc-DS,FY,2,Male,23,SC,924097,22,51,20,3,47377,2025-04-22,No,4.4,Attention respond account sort.,46,Yes,Yes,2023-2025,77.15,69.39,4.8,0,81,10,0,1.2,1.1,PG,Yes,Medium,6,Yes,1,2,No,Graduated
25DS43,Mark Camacho,BSc-DS,FY,1,Male,22,ST,560027,28,37,22,2,48907,2025-04-17,No,4.2,Benefit similar one special spend fact something.,47,No,Yes,2024-2026,92.05,94.11,4.82,0,186,15,16,7.2,2.7,School,No,Medium,2,Yes,3,1,Yes,Graduated
25DS44,Matthew Moyer,BSc-DS,FY,1,Male,23,General,429260,27,35,23,0,39288,2025-07-21,Yes,4.7,Season war close exist sign recent.,19,No,No,2024-2026,94.78,85.54,4.89,5,18,7,16,6.2,3.0,PG,Yes,High,6,Yes,2,1,No,Dropped Out
25DS45,Amanda Brown MD,BSc-DS,FY,2,Female,18,General,615220,21,64,21,1,33513,2025-01-06,Yes,3.9,Tv mouth manager research.,3,No,Yes,2023-2025,90.71,69.06,1.67,1,15,14,12,3.1,1.4,None,No,Medium,6,Yes,0,5,No,Dropped Out
25DS46,Candice Ryan,BSc-DS,FY,1,Other,23,SC,124347,27,68,39,3,34757,2025-02-25,No,4.1,About apply blue budget few sit available.,22,No,No,2023-2025,73.19,94.89,4.72,4,35,40,20,8.9,1.9,None,No,Medium,6,Yes,0,1,No,Active
25DS47,Craig Day,BSc-DS,FY,1,Other,18,General,620325,22,37,23,1,47684,2025-06-26,No,4.4,Tonight this manage person standard same.,39,Yes,Yes,2024-2025,84.97,87.44,1.6,0,113,40,15,6.6,2.4,PG,No,Low,9,Yes,1,5,No,Active
25DS48,Sarah Gardner,BSc-DS,FY,2,Female,19,SC,754974,20,70,34,2,48510,2025-07-14,Yes,4.8,Relationship program camera eat become.,29,Yes,No,2022-2026,91.8,83.94,1.64,5,153,29,8,2.5,5.0,UG,No,Low,9,Yes,3,3,No,Graduated
25DS49,Tyler Brown,BSc-DS,FY,1,Female,20,ST,875848,20,43,46,2,29894,2025-03-20,No,3.2,Civil security peace agree seven above.,37,No,No,2023-2026,79.86,87.85,1.66,0,196,27,10,6.4,4.5,UG,No,Medium,4,No,2,0,Yes,Dropped Out
25DS50,Michael Dominguez,BSc-DS,FY,2,Male,23,ST,947628,23,48,28,2,42667,2025-02-25,Yes,3.2,Dark investment ago hotel run someone.,18,No,No,2023-2026,68.03,87.74,2.12,3,65,45,7,1.6,4.7,PG,Yes,High,10,No,2,5,Yes,Graduated
25DS51,Mary Brown,BSc-DS,FY,2,Female,21,General,399500,21,33,35,1,43404,2025-03-13,No,3.7,Point property administration those personal use about.,25,No,No,2023-2026,67.99,86.82,3.09,5,102,42,17,4.2,3.3,None,No,Medium,9,Yes,3,4,Yes,Active
25DS52,Timothy Carter,BSc-DS,FY,1,Other,19,SC,972679,28,31,30,2,41076,2025-02-05,No,3.1,One sit successful guy hour.,49,No,No,2024-2025,96.31,83.35,2.36,2,141,42,17,8.2,3.5,UG,No,High,10,Yes,3,2,Yes,Graduated
25DS53,William Barnes,BSc-DS,FY,2,Other,20,General,239332,24,52,20,2,46583,2025-01-18,No,4.8,Traditional weight behind audience trip mouth artist.,9,No,Yes,2023-2026,57.56,81.99,3.95,1,184,40,5,5.4,4.7,School,Yes,Low,6,Yes,2,4,No,Dropped Out
25DS54,Elizabeth Bailey,BSc-DS,FY,1,Male,23,OBC,568933,25,53,20,2,45062,2025-01-22,Yes,3.2,Guy near focus question attorney manage.,24,No,No,2023-2026,80.26,89.99,2.57,1,111,20,5,7.6,4.9,None,Yes,Medium,9,Yes,0,4,No,Active
25DS55,Jacob Myers,BSc-DS,FY,2,Male,23,SC,271428,22,58,35,3,29130,2025-02-04,Yes,3.7,Customer through professional relationship.,15,Yes,No,2024-2025,65.06,66.08,1.18,5,15,28,7,4.8,4.7,School,No,Medium,1,No,0,2,No,Active
25DS56,Thomas Robertson,BSc-DS,FY,1,Female,23,SC,263702,27,42,42,1,47549,2025-07-12,No,3.3,Century question performance at foreign job ever.,1,Yes,No,2022-2025,92.92,99.44,2.58,2,34,35,7,6.8,4.3,PG,Yes,High,2,Yes,0,2,Yes,Graduated
25DS57,James Ingram,BSc-DS,FY,2,Other,20,OBC,951955,30,52,29,2,23696,2025-04-23,No,3.1,Study baby wonder job early TV short.,3,No,No,2024-2026,99.48,82.46,3.49,4,165,50,12,5.4,3.3,None,No,Medium,3,No,3,4,No,Dropped Out
25DS58,James Mendoza,BSc-DS,FY,1,Female,21,General,353848,30,49,20,1,47289,2025-02-07,Yes,3.9,Number best area.,4,Yes,Yes,2024-2025,75.4,99.71,4.46,0,129,28,14,4.0,2.2,None,Yes,Medium,9,No,3,5,No,Active
25DS59,John Mata,BSc-DS,FY,1,Female,21,OBC,452299,23,36,26,3,46297,2025-07-15,Yes,4.4,Once eye sell discover everybody tough.,46,No,Yes,2024-2025,77.15,71.03,1.9,1,111,40,19,4.8,1.6,PG,No,Low,2,No,3,5,Yes,Dropped Out
25DS60,Robert Ross,BSc-DS,FY,2,Female,21,SC,776992,29,33,44,0,25877,2025-03-07,Yes,3.1,Policy still even base build sister.,48,Yes,Yes,2022-2025,84.39,74.1,3.24,4,132,6,18,2.4,2.3,None,Yes,High,8,No,1,0,No,Graduated
25DS61,Nancy Young,BSc-DS,FY,1,Female,19,ST,607321,23,44,33,0,33968,2025-04-25,Yes,4.4,Piece anyone better significant.,37,No,No,2023-2025,67.64,87.04,3.29,5,160,6,0,7.3,4.4,UG,Yes,Low,3,No,0,1,No,Dropped Out
25DS62,Sandy Knight,BSc-DS,FY,2,Male,18,General,934839,22,34,40,1,44262,2025-02-21,No,3.9,Paper think before could program fact.,8,Yes,No,2022-2025,89.07,94.81,1.57,3,46,21,13,4.8,2.9,UG,No,High,2,No,3,1,No,Graduated
25DS63,Bryan Soto,BSc-DS,FY,1,Male,20,General,903714,22,70,23,0,36277,2025-06-23,No,3.2,Democrat tree not control.,18,No,Yes,2024-2025,75.66,82.43,4.31,2,110,10,2,1.5,1.9,UG,Yes,High,1,No,0,1,Yes,Dropped Out
25DS64,Stephanie Fuller,BSc-DS,FY,2,Other,19,General,151865,21,43,28,3,37136,2025-07-17,Yes,3.7,Wear next field animal another.,24,No,No,2024-2025,99.54,96.12,3.29,5,20,25,19,7.5,3.1,UG,Yes,Low,10,No,3,4,No,Active
25DS65,George Cardenas,BSc-DS,FY,2,Other,20,ST,874482,26,31,43,1,47789,2025-06-04,Yes,4.2,Team likely laugh yard never later know.,11,No,No,2024-2025,52.34,67.38,3.44,1,63,44,17,7.6,2.7,UG,No,Low,5,No,3,1,Yes,Graduated
25DS66,Mrs. Judy Hall,BSc-DS,FY,2,Male,20,OBC,882567,29,41,21,2,33953,2025-01-17,No,3.3,Five any news entire.,8,No,No,2022-2025,76.28,81.53,2.46,3,188,21,2,8.4,3.4,UG,Yes,Low,1,Yes,2,1,No,Graduated
25DS67,Sarah Cohen,BSc-DS,FY,2,Other,19,General,502886,27,61,34,1,34028,2025-02-22,No,4.6,Type heavy beat lawyer Mrs how though us.,22,No,No,2024-2026,99.18,92.7,1.69,4,127,18,2,1.1,4.4,PG,Yes,Low,2,Yes,2,5,No,Dropped Out
25DS68,Natalie Butler,BSc-DS,FY,1,Male,19,OBC,331244,20,59,26,2,36347,2025-02-27,Yes,4.1,Interest experience cold along spend relationship.,43,Yes,No,2023-2026,93.89,64.53,2.41,0,16,27,12,7.4,4.0,UG,No,High,2,No,2,4,Yes,Dropped Out
25DS69,Kim Nguyen,BSc-DS,FY,1,Female,20,OBC,874827,23,64,28,3,26350,2025-07-17,Yes,4.7,Own down remember pay when situation.,8,Yes,Yes,2024-2026,90.47,86.33,4.15,2,129,8,0,5.6,1.8,PG,No,High,9,Yes,1,1,Yes,Dropped Out
25DS70,Brandon Garcia,BSc-DS,FY,2,Other,22,OBC,140396,26,68,46,1,45058,2025-03-26,Yes,4.2,It investment especially either although impact grow enter.,11,Yes,No,2022-2026,85.23,72.93,4.8,0,64,30,5,1.5,4.1,None,Yes,Medium,7,Yes,3,2,Yes,Graduated
25DS71,Emily Nicholson,BSc-DS,FY,1,Other,20,SC,352118,26,46,26,1,21643,2025-01-16,No,4.5,Raise stop court prepare kind.,21,No,Yes,2024-2025,76.79,65.99,3.69,4,184,31,12,6.5,3.3,School,Yes,High,3,No,3,5,Yes,Graduated
25DS72,Jordan Miller,BSc-DS,FY,2,Male,21,ST,547556,30,61,27,3,28721,2025-07-07,Yes,4.3,Land hot unit address safe ability itself indeed.,30,No,Yes,2024-2025,66.8,79.76,4.42,2,160,35,14,6.1,2.1,PG,Yes,Low,3,No,3,2,No,Active
25DS73,Keith Sutton,BSc-DS,FY,1,Female,21,General,537988,27,62,32,2,44472,2025-05-16,No,3.8,Control culture meeting each edge.,28,No,Yes,2024-2026,88.12,92.91,4.21,4,119,16,14,4.9,1.8,School,Yes,Low,10,No,0,3,Yes,Graduated
25DS74,Casey Arnold,BSc-DS,FY,1,Other,18,ST,663221,24,58,48,0,49886,2025-04-19,No,3.2,Different machine upon within college age.,0,Yes,Yes,2023-2026,90.59,89.1,3.97,1,125,26,4,9.6,4.9,PG,Yes,Low,6,Yes,2,2,Yes,Active
25DS75,Tanya Washington,BSc-DS,FY,1,Male,18,General,938007,24,50,20,0,40717,2025-03-06,Yes,3.6,Force according camera.,33,Yes,No,2023-2026,87.45,70.97,4.92,0,158,29,1,9.7,3.8,PG,Yes,Medium,3,Yes,2,3,No,Graduated
25DS76,Katie Hancock,BSc-DS,FY,1,Female,21,General,213506,23,61,24,3,25387,2025-06-03,No,3.6,Care subject summer ready.,31,No,Yes,2024-2025,75.92,97.74,2.57,1,127,10,8,6.7,1.5,None,No,Medium,5,Yes,1,1,Yes,Dropped Out
25DS77,Roy Gordon,BSc-DS,FY,1,Other,20,SC,172349,28,68,39,2,20299,2025-02-07,No,3.2,Draw finish on wrong.,45,Yes,No,2022-2025,53.16,96.64,4.14,5,84,38,4,3.1,3.1,UG,Yes,Low,10,No,2,4,No,Graduated
25DS78,Michael Wagner,BSc-DS,FY,2,Male,18,General,191858,25,57,49,1,47928,2025-04-02,No,4.1,Our meeting trip artist artist explain nice war.,1,Yes,Yes,2022-2025,51.66,97.51,4.71,0,141,46,6,1.9,4.1,None,Yes,Low,2,No,2,4,Yes,Graduated
25DS79,Anthony Gray,BSc-DS,FY,1,Male,18,General,998749,23,70,35,0,45794,2025-02-20,Yes,3.2,Current clear sport read picture interview become.,41,Yes,Yes,2022-2025,62.24,86.15,4.26,5,68,47,20,8.3,3.0,None,No,High,7,No,3,5,No,Active
25DS80,Robert Lewis,BSc-DS,FY,1,Female,23,SC,532460,25,47,38,0,40221,2025-01-21,Yes,3.3,Writer line guess help new.,48,Yes,No,2024-2026,90.78,65.87,1.49,5,29,42,13,7.1,4.0,UG,Yes,High,3,Yes,1,0,No,Graduated
25DS81,Andrew Huff,BSc-DS,FY,1,Female,18,SC,675182,30,41,25,0,44013,2025-01-13,Yes,4.7,Animal many significant weight action.,15,Yes,No,2023-2026,61.57,63.72,4.97,2,97,42,0,1.8,3.8,UG,No,Medium,6,No,1,5,Yes,Graduated
25DS82,Jessica Zimmerman,BSc-DS,FY,1,Male,20,SC,182547,27,50,42,0,43551,2025-02-26,No,4.4,Trade sometimes whole economic.,7,Yes,Yes,2022-2025,95.5,73.74,3.4,1,165,8,3,6.1,3.8,PG,No,Medium,6,No,3,2,Yes,Graduated
25DS83,Gary Pennington,BSc-DS,FY,1,Male,23,General,694158,21,39,23,0,43399,2025-01-03,Yes,3.9,Walk choose decision if act natural soon.,14,No,No,2024-2025,82.41,68.99,1.55,1,103,27,9,9.3,3.4,PG,No,High,5,Yes,3,3,Yes,Dropped Out
25DS84,Bradley Harrison,BSc-DS,FY,1,Other,19,General,606824,24,37,40,1,42405,2025-01-18,Yes,4.6,Fire experience reach expect computer.,24,Yes,Yes,2022-2026,63.42,96.69,3.36,5,98,6,6,1.6,5.0,None,Yes,Medium,8,Yes,1,3,Yes,Graduated
25DS85,Cody Mccoy,BSc-DS,FY,2,Other,20,ST,758230,27,48,29,1,49359,2025-07-26,No,4.6,Good realize later wide space.,45,Yes,Yes,2022-2025,56.06,98.99,4.84,0,54,17,1,1.1,2.4,None,No,Medium,10,No,0,1,Yes,Dropped Out
25DS86,Alexandra Tucker,BSc-DS,FY,1,Male,20,OBC,633622,30,36,48,0,49702,2025-03-10,Yes,3.7,See sometimes front quickly light.,18,Yes,No,2022-2025,82.73,95.51,4.87,2,80,35,19,8.9,4.7,UG,Yes,Low,3,No,2,4,Yes,Active
25DS87,Valerie Booth,BSc-DS,FY,1,Female,20,General,357567,26,46,25,3,28811,2025-05-03,Yes,3.7,Resource expect most.,50,No,No,2023-2025,81.93,76.31,1.32,4,17,15,20,1.2,4.2,UG,No,High,1,Yes,2,4,Yes,Graduated
25DS88,Amy Warner,BSc-DS,FY,1,Male,23,SC,936481,30,31,30,0,20749,2025-07-03,No,3.1,Newspaper worry though improve suffer.,24,Yes,No,2023-2025,79.4,90.39,4.3,1,75,46,5,6.3,2.2,None,No,Low,4,Yes,3,1,Yes,Graduated
25DS89,Joshua Tran,BSc-DS,FY,2,Male,21,General,860422,21,55,28,3,33051,2025-04-06,No,4.5,Hard suffer condition the attention per.,24,No,No,2024-2025,77.52,92.86,2.51,3,158,16,7,1.1,4.7,School,No,Medium,2,No,0,0,Yes,Dropped Out
25DS90,William Perry,BSc-DS,FY,1,Other,23,ST,691706,24,67,36,0,32771,2025-01-17,Yes,3.7,Test prove animal.,46,No,Yes,2022-2026,74.59,75.8,2.65,1,177,21,11,6.6,2.1,None,No,High,1,Yes,2,2,No,Graduated
25DS91,Cynthia Brown,BSc-DS,FY,2,Male,19,SC,168285,29,69,20,3,43055,2025-02-14,Yes,3.2,Admit forward shake save war.,24,No,No,2022-2025,96.08,64.25,4.16,4,112,35,12,4.6,2.0,PG,Yes,Medium,7,No,3,2,No,Dropped Out
25DS92,Megan Sullivan,BSc-DS,FY,2,Other,21,General,609633,20,42,34,1,42091,2025-01-25,No,3.6,Office today she specific.,29,No,Yes,2024-2026,84.94,78.86,4.05,5,44,11,17,8.5,3.3,School,No,High,3,Yes,0,2,Yes,Graduated
25DS93,Victor Grant,BSc-DS,FY,1,Other,22,General,249861,25,44,48,2,22794,2025-02-01,Yes,3.2,If possible picture local professional debate painting.,23,Yes,Yes,2024-2025,79.08,72.4,3.72,0,182,49,2,3.7,2.9,UG,Yes,Low,2,No,0,5,No,Active
25DS94,Daniel Ford,BSc-DS,FY,1,Male,20,SC,736545,30,31,32,0,48629,2025-02-19,Yes,4.5,High mouth least against investment follow focus.,30,Yes,Yes,2024-2025,90.53,94.22,2.22,3,138,27,13,3.9,4.4,None,No,Medium,8,Yes,2,4,Yes,Dropped Out
25DS95,Janice Barnett,BSc-DS,FY,2,Male,22,OBC,105711,30,50,44,3,23611,2025-03-13,Yes,3.2,Wish economy moment hotel room.,39,No,Yes,2023-2026,96.33,88.47,2.56,3,79,26,10,5.8,4.2,UG,Yes,Medium,5,No,3,4,No,Active
25DS96,Amy Decker,BSc-DS,FY,1,Male,21,ST,880027,20,68,39,0,33086,2025-01-20,Yes,4.2,Ability first street.,23,Yes,Yes,2022-2025,90.12,86.52,2.4,0,50,39,16,9.3,4.6,PG,Yes,High,6,Yes,2,3,Yes,Graduated
25DS97,Isabella Lynch,BSc-DS,FY,2,Female,22,General,611954,22,47,48,2,29893,2025-01-17,No,4.9,Same return tonight.,34,No,No,2023-2025,87.36,88.07,1.01,5,22,39,18,5.7,1.6,School,No,Low,2,Yes,0,0,No,Dropped Out
25DS98,Kristina Munoz,BSc-DS,FY,2,Other,18,General,992258,30,46,20,2,21516,2025-02-14,Yes,3.2,Lot project floor west.,36,Yes,No,2022-2026,64.39,66.59,2.32,3,119,5,14,5.4,1.8,UG,No,Medium,6,Yes,3,0,No,Active
25DS99,Jacob Andrews,BSc-DS,FY,2,Male,22,General,510633,20,69,46,2,45201,2025-03-08,Yes,3.5,Medical customer eight loss item.,45,Yes,Yes,2024-2026,90.1,68.33,3.09,4,140,38,4,4.9,2.4,School,No,High,5,No,1,2,Yes,Graduated
25DS100,Meagan Santos,BSc-DS,FY,1,Other,21,ST,906208,22,49,28,1,30769,2025-07-15,Yes,4.7,Ten too dark upon.,46,No,Yes,2024-2025,96.36,79.13,3.0,1,50,15,9,6.7,4.0,None,No,High,5,Yes,3,5,Yes,Active
25DS101,Christopher Guzman,BSc-DS,FY,2,Other,23,General,366508,22,31,35,1,29966,2025-07-25,Yes,4.0,Yourself common oil.,21,Yes,Yes,2024-2025,69.62,68.92,4.7,3,152,9,5,2.5,2.9,None,No,Medium,3,No,2,5,No,Active
25DS102,Michele Roth,BSc-DS,FY,2,Male,18,ST,709127,22,31,25,0,33470,2025-01-18,No,4.9,Goal service large quite bag discuss.,50,No,Yes,2024-2026,94.89,93.02,3.7,1,120,33,5,5.3,3.7,PG,No,Low,7,Yes,3,0,Yes,Graduated
25DS103,Karen Leonard,BSc-DS,FY,1,Male,21,SC,784368,21,45,49,0,29498,2025-02-21,Yes,3.9,Human bad part save far amount.,10,Yes,Yes,2024-2026,66.25,65.15,3.06,2,127,8,9,8.5,4.2,School,No,Medium,9,No,1,1,No,Dropped Out
25DS104,Michael Sanchez,BSc-DS,FY,2,Male,18,SC,826515,30,56,26,2,23050,2025-07-19,No,3.4,Rich production around policy clear force paper character.,15,Yes,Yes,2023-2026,95.46,63.19,3.07,3,40,11,18,2.7,3.7,PG,No,Medium,3,Yes,3,1,Yes,Dropped Out
25DS105,Alan Mason,BSc-DS,FY,1,Female,18,General,480991,25,57,38,2,49743,2025-02-10,Yes,3.6,Whatever she middle skill environmental American establish.,46,No,No,2024-2025,50.43,62.89,1.69,4,73,25,3,4.8,4.3,PG,No,Low,3,Yes,0,5,Yes,Dropped Out
25DS106,Linda Gilmore,BSc-DS,FY,1,Female,20,General,805944,25,45,50,3,43578,2025-07-24,No,3.5,Security cut throw fall direction form story ever.,27,No,Yes,2024-2026,80.78,82.72,4.22,1,151,23,7,9.7,4.3,PG,No,High,5,Yes,3,4,Yes,Dropped Out
25DS107,Savannah Le,BSc-DS,FY,2,Female,22,SC,120208,30,47,47,0,37916,2025-02-02,No,5.0,Possible two use.,21,No,No,2023-2026,89.99,83.4,3.8,1,50,29,2,7.4,2.3,UG,Yes,Medium,8,Yes,2,3,Yes,Active
25DS108,Melanie Simon,BSc-DS,FY,2,Other,18,General,630568,24,48,29,0,33727,2025-01-22,No,3.8,Phone matter toward political his difference space.,14,No,No,2022-2025,74.62,91.26,4.29,4,37,9,16,4.9,3.7,PG,Yes,Low,7,No,0,3,Yes,Active
25DS109,Monique Morales,BSc-DS,FY,2,Female,21,General,539171,21,47,33,3,21912,2025-02-06,Yes,4.4,Leave animal maintain cultural sport suffer.,44,Yes,Yes,2024-2026,93.19,96.69,3.25,1,103,9,11,3.7,1.3,UG,Yes,Low,2,Yes,2,2,Yes,Graduated
25DS110,Brittany Barron,BSc-DS,FY,1,Female,23,General,886097,27,61,44,1,36867,2025-06-28,Yes,4.2,Back they case answer six also.,27,No,Yes,2022-2026,73.95,68.18,1.74,2,175,49,20,7.4,1.5,School,No,Medium,6,Yes,2,5,Yes,Graduated
25DS111,Courtney Nolan,BSc-DS,FY,1,Other,18,ST,945055,30,39,39,1,36174,2025-07-19,No,4.5,Group loss stop.,5,Yes,Yes,2022-2025,74.17,63.31,1.43,5,140,5,4,3.2,3.7,None,Yes,High,7,No,1,4,Yes,Graduated
25DS112,Amanda Smith,BSc-DS,FY,2,Male,22,General,738901,30,38,37,2,38574,2025-04-28,Yes,4.1,Billion material onto great.,24,Yes,No,2024-2026,58.46,87.91,4.59,1,15,26,11,2.9,4.4,UG,Yes,Low,2,Yes,3,0,Yes,Graduated
25DS113,Amy Moore,BSc-DS,FY,2,Other,22,OBC,716973,30,68,35,1,44899,2025-03-07,Yes,4.8,Conference go stuff three mother decide industry.,6,No,No,2024-2025,76.75,62.62,2.66,5,29,13,10,6.9,4.2,PG,No,Medium,5,No,0,1,No,Graduated
25DS114,Steven Bell,BSc-DS,FY,2,Other,20,SC,407966,23,59,22,1,22582,2025-07-28,No,3.7,Full manage activity.,50,No,Yes,2022-2026,97.33,84.23,2.05,2,181,47,5,4.2,3.4,School,Yes,Medium,5,No,1,4,No,Dropped Out
25DS115,Alexandra White,BSc-DS,FY,1,Other,21,ST,988676,20,47,38,2,42889,2025-03-04,No,3.5,Dinner worry tell management middle skill drug.,8,No,No,2024-2026,79.32,87.77,4.68,0,190,13,3,5.4,2.4,UG,Yes,Low,1,Yes,1,4,Yes,Dropped Out
25DS116,Caleb Edwards,BSc-DS,FY,1,Female,21,ST,841551,28,44,43,0,23684,2025-01-24,Yes,3.5,Return picture throw various.,34,Yes,Yes,2022-2026,55.69,71.15,4.39,5,20,28,16,1.2,4.0,UG,Yes,Low,10,No,3,0,Yes,Dropped Out
25DS117,Cindy Mcgee,BSc-DS,FY,1,Male,19,ST,110859,27,61,45,2,46495,2025-04-25,No,3.9,Part pull Mrs himself above.,26,Yes,No,2023-2026,68.49,87.71,1.01,5,177,20,0,5.9,4.5,PG,No,Medium,6,No,2,0,Yes,Graduated
25DS118,Howard Petersen,BSc-DS,FY,2,Female,18,SC,998027,25,46,23,0,42294,2025-05-10,Yes,3.6,Religious throughout research Mrs identify.,23,Yes,Yes,2024-2026,94.36,88.08,1.36,0,192,7,12,9.2,1.7,School,No,Medium,9,No,1,4,No,Graduated
25DS119,James Taylor,BSc-DS,FY,2,Female,19,ST,544498,26,42,24,3,46731,2025-04-14,No,4.0,Despite order food leader shake I provide.,18,No,Yes,2022-2026,74.18,98.34,3.7,3,45,12,0,5.8,1.3,None,Yes,High,3,Yes,2,3,No,Dropped Out
25DS120,Robert House,BSc-DS,FY,1,Female,20,General,680570,21,37,46,1,43768,2025-02-28,No,4.7,Particularly give speech.,28,Yes,No,2023-2026,81.51,97.29,3.14,1,92,18,10,5.5,4.9,PG,No,Medium,9,Yes,3,3,Yes,Active
25DS121,Jonathan Smith,BSc-DS,FY,2,Other,21,OBC,668580,30,35,23,3,25836,2025-01-23,Yes,4.4,Skill management ever start should writer military.,23,Yes,Yes,2023-2025,73.38,83.46,1.83,3,137,29,3,1.3,4.9,UG,No,Low,2,Yes,3,2,No,Graduated
25DS122,Rachel Bowers,BSc-DS,FY,2,Female,21,SC,363305,27,51,46,2,44102,2025-03-02,Yes,3.2,Charge personal and security image read.,39,No,Yes,2022-2026,82.85,85.69,2.78,0,191,38,8,4.8,1.8,None,No,Low,6,Yes,2,3,No,Active
25DS123,Daniel Norris,BSc-DS,FY,2,Male,20,SC,569061,24,31,46,2,41530,2025-02-12,Yes,3.4,Third computer cause yard.,35,No,No,2023-2025,51.62,87.51,1.88,4,53,36,15,9.6,3.6,School,No,Medium,9,No,3,1,No,Graduated
25DS124,Yolanda Green,BSc-DS,FY,1,Other,23,OBC,595297,24,39,23,0,32502,2025-06-29,Yes,4.7,Tonight evening design.,39,No,Yes,2022-2026,72.97,90.85,3.12,3,143,31,6,5.9,2.2,School,No,Low,6,No,3,3,Yes,Graduated
25DS125,Michael White,BSc-DS,FY,1,Female,20,General,323154,22,59,28,3,42418,2025-06-11,No,4.7,Talk anything their be number nice.,21,Yes,No,2022-2026,85.06,93.77,3.97,0,119,35,18,9.6,3.7,None,No,Low,8,No,2,1,No,Active
25DS126,Zachary Moore,BSc-DS,FY,2,Female,20,OBC,571563,28,61,33,2,21082,2025-07-16,Yes,4.5,Then hour serious face.,46,Yes,No,2023-2026,58.76,97.27,1.11,5,69,13,11,8.3,1.2,School,No,Medium,5,Yes,2,5,No,Dropped Out
25DS127,Lisa Jefferson,BSc-DS,FY,1,Female,18,SC,304789,20,67,24,1,31951,2025-02-24,No,3.6,Toward left happy bag policy church career air.,22,No,Yes,2023-2026,55.47,80.28,1.78,1,15,9,20,2.6,4.7,PG,Yes,High,10,Yes,3,2,No,Graduated
25DS128,Jason Bailey,BSc-DS,FY,2,Other,20,ST,148708,25,33,33,0,22947,2025-05-30,No,3.7,Music begin try call particular under.,31,No,Yes,2023-2025,57.5,94.05,2.37,3,164,9,10,9.2,1.3,UG,No,Low,9,Yes,0,1,Yes,Graduated
25DS129,Jordan Cervantes,BSc-DS,FY,2,Other,22,OBC,352013,29,63,29,2,30273,2025-04-07,No,3.5,Manage fill rock beyond.,25,Yes,Yes,2022-2026,60.67,67.24,3.78,3,108,11,18,6.3,3.1,UG,No,High,1,Yes,1,2,Yes,Active
25DS130,Jennifer Gilbert,BSc-DS,FY,2,Other,18,SC,334899,26,66,41,0,33046,2025-06-29,No,3.5,Medical way career thousand full cell.,3,Yes,No,2023-2025,61.93,61.99,3.07,4,124,28,6,4.5,1.3,PG,Yes,Low,1,No,3,1,Yes,Active
25DS131,Keith Young,BSc-DS,FY,2,Other,20,OBC,971461,26,60,38,0,24680,2025-05-16,No,3.7,Able son pull network protect enter arm.,27,Yes,No,2022-2025,72.59,98.68,2.4,3,30,7,13,5.6,4.5,UG,No,Low,8,No,0,1,No,Active
25DS132,Heidi Hurst,BSc-DS,FY,1,Female,19,ST,366939,25,63,47,0,47077,2025-04-02,No,3.4,Listen catch green.,3,Yes,Yes,2023-2026,79.5,71.11,4.89,4,147,33,5,9.0,4.5,School,Yes,Low,8,Yes,0,4,No,Active
25DS133,Juan Young,BSc-DS,FY,2,Other,22,General,817664,21,39,45,1,32167,2025-05-31,No,3.2,Hope simply spring.,17,Yes,No,2022-2026,73.2,97.77,2.82,2,139,9,3,6.7,3.8,UG,Yes,Medium,1,Yes,3,0,No,Dropped Out
25DS134,Wendy Tate,BSc-DS,FY,1,Male,22,SC,381772,22,31,50,1,31067,2025-05-23,No,4.0,Anyone deep bed science establish until environmental.,42,Yes,No,2023-2026,94.55,81.24,2.52,0,120,22,6,8.0,1.4,School,No,High,9,No,0,1,Yes,Active
25DS135,Donald Sanders,BSc-DS,FY,2,Other,21,General,593848,28,68,33,2,48367,2025-06-21,Yes,3.3,Take factor carry realize decade.,37,Yes,No,2024-2026,90.23,65.06,4.17,0,45,46,6,1.1,3.3,None,Yes,High,8,No,0,2,No,Graduated
25DS136,Heather Lewis,BSc-DS,FY,1,Male,18,ST,372314,30,41,21,3,20275,2025-02-14,No,3.5,Test term spend recent card partner.,6,No,No,2022-2025,92.69,96.91,3.52,5,144,5,2,4.0,4.3,PG,Yes,Medium,3,Yes,3,1,Yes,Active
25DS137,Joshua Wiley,BSc-DS,FY,1,Female,22,SC,116231,26,37,29,3,30972,2025-04-29,No,3.6,Plant ready mouth.,11,Yes,No,2023-2025,94.39,69.42,1.9,0,40,12,3,1.8,3.3,UG,Yes,Low,5,No,0,3,Yes,Dropped Out
25DS138,Mark Calhoun,BSc-DS,FY,2,Male,23,ST,279791,24,51,50,0,46168,2025-01-14,Yes,3.2,Discussion participant tree policy probably number decade.,5,No,No,2023-2025,99.05,74.74,2.56,1,18,41,12,6.0,4.6,UG,Yes,Low,7,Yes,1,3,Yes,Graduated
25DS139,Aimee Burton,BSc-DS,FY,1,Male,22,OBC,778097,26,53,21,1,31074,2025-01-09,No,3.8,Pattern growth field wide condition huge.,23,No,No,2024-2025,54.25,66.98,3.85,0,66,46,17,9.5,3.4,PG,No,Low,6,Yes,1,5,No,Dropped Out
25DS140,Amy Reynolds,BSc-DS,FY,1,Male,19,SC,642063,25,70,45,1,27119,2025-05-24,No,3.2,Learn feeling most attention.,44,Yes,No,2024-2025,81.2,92.21,1.77,1,97,21,4,9.5,3.7,School,Yes,Low,1,No,2,5,No,Active
25DS141,John Malone,BSc-DS,FY,2,Other,19,General,572081,28,46,36,1,22523,2025-03-13,Yes,4.3,Box be above memory chair teach fact.,45,No,Yes,2023-2025,52.73,86.61,3.1,5,69,45,5,4.5,3.6,UG,No,Medium,7,Yes,1,4,Yes,Dropped Out
25DS142,David Murphy,BSc-DS,FY,2,Female,19,OBC,196659,27,55,26,1,46452,2025-01-02,Yes,3.9,Man consider find mouth.,33,No,No,2022-2026,96.17,70.46,4.93,3,128,22,18,9.5,1.1,UG,No,Low,8,No,3,1,No,Active
25DS143,Stephanie Kelley,BSc-DS,FY,1,Male,18,SC,158267,23,42,24,0,24525,2025-06-05,No,3.4,Analysis white research small then.,28,No,Yes,2023-2026,97.31,77.82,1.25,3,171,21,4,2.7,3.5,School,No,High,4,Yes,3,0,Yes,Graduated
25DS144,Tracy Chen,BSc-DS,FY,2,Male,19,SC,908697,23,54,22,0,21316,2025-07-18,Yes,4.8,Change discuss share political.,47,No,No,2023-2025,89.72,76.1,4.53,0,103,36,1,1.4,1.4,School,Yes,High,5,Yes,3,2,Yes,Dropped Out
25DS145,Joseph Casey,BSc-DS,FY,1,Other,21,SC,949631,26,51,26,2,40537,2025-05-22,Yes,3.0,Lay skin him together.,11,Yes,No,2022-2025,59.47,97.16,2.96,4,147,48,3,6.0,1.3,UG,Yes,High,3,Yes,2,5,Yes,Dropped Out
25DS146,Monique Jones,BSc-DS,FY,1,Other,21,ST,503334,21,55,25,2,24704,2025-07-04,Yes,4.0,Your too education.,24,No,No,2022-2026,50.85,74.37,1.01,3,48,49,3,6.0,3.3,School,Yes,Low,10,Yes,1,5,No,Graduated
25DS147,Annette Ball,BSc-DS,FY,2,Male,20,ST,879811,24,66,27,2,47115,2025-05-01,No,3.3,These develop concern table.,22,Yes,No,2024-2026,70.65,87.59,1.32,5,168,39,1,7.0,4.2,UG,Yes,Low,1,No,1,1,Yes,Dropped Out
25DS148,Tyler Berger,BSc-DS,FY,1,Male,19,SC,117068,21,40,26,1,44453,2025-01-20,Yes,4.0,World sense water inside.,8,No,No,2024-2025,64.8,88.46,3.67,5,66,33,14,3.5,4.2,UG,No,Low,6,No,2,2,Yes,Dropped Out
25DS149,Bradley Horn,BSc-DS,FY,1,Female,20,SC,154001,30,62,24,2,41200,2025-07-25,No,4.5,Left appear war.,20,Yes,Yes,2022-2025,80.18,97.29,4.49,3,47,20,9,6.5,4.3,School,Yes,Low,4,Yes,0,3,Yes,Active
25DS150,Michael Steele,BSc-DS,FY,1,Male,21,ST,257009,26,41,41,0,49304,2025-07-08,No,3.7,Story media conference manager.,47,Yes,No,2023-2026,88.89,83.4,3.07,2,58,38,3,7.7,3.1,School,Yes,Medium,1,Yes,2,0,No,Dropped Out
25DS151,Robert Klein,BSc-DS,FY,1,Male,19,SC,907666,24,43,31,2,47088,2025-04-15,Yes,3.7,Explain summer daughter concern.,13,Yes,Yes,2023-2025,99.33,72.99,3.73,1,34,5,2,6.2,4.1,None,Yes,High,9,Yes,1,3,Yes,Dropped Out
25DS152,Scott Anderson,BSc-DS,FY,1,Other,21,ST,134606,28,66,22,3,28611,2025-03-22,No,3.6,Suggest city offer activity.,10,No,Yes,2022-2026,72.2,60.62,3.01,3,157,37,15,3.1,4.1,School,Yes,High,10,No,2,1,No,Active
25DS153,Edward Salazar,BSc-DS,FY,1,Other,22,OBC,858883,20,62,39,2,37618,2025-05-09,No,4.7,Notice can positive people attack keep push.,27,Yes,No,2022-2025,86.09,92.89,4.54,4,175,14,12,7.6,3.6,UG,Yes,High,1,No,3,4,Yes,Graduated
25DS154,David Mcdaniel,BSc-DS,FY,2,Other,23,ST,769830,30,52,31,3,28243,2025-02-22,Yes,3.8,Commercial or cup discuss school difference million.,9,Yes,No,2022-2026,67.16,84.72,3.08,2,195,15,5,7.7,4.8,None,Yes,Low,6,Yes,3,3,No,Graduated
25DS155,Christopher Hicks,BSc-DS,FY,1,Other,18,SC,354762,22,51,22,0,45863,2025-07-15,Yes,3.5,Network game cold.,48,Yes,Yes,2023-2025,90.24,83.36,4.68,5,73,24,12,9.7,4.0,UG,No,Low,7,No,0,3,No,Active
25DS156,Stephanie Villarreal,BSc-DS,FY,1,Female,22,General,815577,28,40,34,0,32844,2025-01-25,Yes,3.5,Should more film wind however weight.,21,No,No,2022-2025,94.37,83.38,4.22,4,179,42,11,3.1,2.4,UG,Yes,Medium,9,No,2,3,No,Active
25DS157,Thomas Richards,BSc-DS,FY,2,Female,21,SC,576755,20,61,33,0,39110,2025-06-20,Yes,3.8,Office support arm trade blood really major century.,10,Yes,No,2022-2026,81.41,71.4,1.73,4,197,47,11,2.2,1.7,School,Yes,Medium,1,Yes,2,3,Yes,Graduated
25DS158,Kimberly Baker MD,BSc-DS,FY,2,Female,20,OBC,620608,30,59,40,1,37756,2025-03-02,Yes,4.9,Size direction back hit simple.,10,Yes,No,2023-2025,82.36,81.07,3.88,2,133,48,3,5.7,1.4,School,Yes,Low,9,Yes,1,0,No,Graduated
25DS159,Nicholas Martinez,BSc-DS,FY,1,Female,22,General,696973,20,52,37,1,49125,2025-06-09,No,5.0,However ever actually threat card early.,29,No,Yes,2024-2025,75.36,73.11,3.54,3,184,39,8,9.7,1.3,UG,Yes,Low,10,No,1,2,Yes,Graduated
25DS160,Jennifer Sullivan,BSc-DS,FY,2,Female,21,General,566079,23,52,26,1,49442,2025-01-09,No,3.3,Base political door.,22,No,No,2022-2026,58.72,69.61,4.62,3,52,38,12,5.6,2.8,School,Yes,Medium,9,No,2,3,No,Dropped Out
25DS161,John Baird,BSc-DS,FY,2,Female,19,SC,627869,25,62,46,3,24595,2025-04-18,Yes,4.2,Third what question know.,40,Yes,Yes,2024-2026,66.96,88.87,2.55,4,163,13,0,1.5,4.1,None,No,Low,8,No,2,3,Yes,Active
25DS162,Janet Contreras,BSc-DS,FY,1,Male,19,General,818589,23,41,42,2,28315,2025-01-13,No,4.6,Young floor sister service from floor though.,9,No,Yes,2024-2026,71.61,76.92,4.28,4,84,15,19,7.2,1.2,UG,No,High,10,Yes,2,5,No,Active
25DS163,Dr. Brandy Jones,BSc-DS,FY,1,Male,22,ST,562916,23,52,47,2,32135,2025-06-28,No,3.8,Ok to include space policy despite Mr feeling.,49,Yes,Yes,2024-2026,81.58,79.26,4.77,1,66,11,20,9.6,4.7,School,No,Medium,3,Yes,1,3,Yes,Graduated
25DS164,Derek Johnson,BSc-DS,FY,2,Female,21,General,876574,30,33,48,1,33467,2025-02-13,Yes,3.7,Visit defense friend will budget.,20,No,No,2024-2026,61.51,98.85,4.48,1,53,14,15,6.3,1.1,None,No,Medium,2,Yes,2,4,No,Dropped Out
25DS165,Anthony Downs,BSc-DS,FY,2,Female,18,ST,462830,27,64,38,2,34390,2025-04-27,No,4.5,After reality themselves stuff interest by.,25,No,Yes,2024-2025,57.43,97.28,1.35,1,118,34,14,8.1,2.4,UG,Yes,Low,1,Yes,1,1,No,Graduated
25DS166,Ryan Burton,BSc-DS,FY,1,Female,20,ST,755412,30,32,36,3,45086,2025-01-23,No,4.6,Thus card every paper understand Republican.,2,No,Yes,2023-2026,85.18,97.2,1.38,4,193,46,8,6.2,4.8,School,Yes,High,5,Yes,2,4,Yes,Graduated
25DS167,Monique Huerta,BSc-DS,FY,2,Female,23,SC,487555,26,68,42,1,49725,2025-02-12,No,3.7,Party artist oil build skin probably.,2,No,Yes,2024-2026,99.85,71.37,3.1,5,51,43,14,8.1,4.1,None,No,Low,3,No,2,2,No,Dropped Out
25DS168,Jennifer Morales,BSc-DS,FY,2,Female,23,General,495183,30,30,32,3,38916,2025-02-17,Yes,3.5,Daughter majority always training one fast fish.,40,No,No,2023-2025,82.3,84.33,4.53,3,107,34,0,4.1,4.4,PG,Yes,Medium,3,No,1,3,No,Dropped Out
25DS169,Justin Montgomery,BSc-DS,FY,1,Other,23,SC,597666,23,57,36,2,27227,2025-02-04,No,3.3,Interest its pass ball.,46,Yes,Yes,2023-2025,63.02,93.51,1.27,2,34,47,7,3.3,3.5,UG,No,Low,2,Yes,1,2,Yes,Dropped Out
25DS170,William Butler,BSc-DS,FY,1,Female,21,ST,428542,29,69,50,0,24397,2025-06-25,No,3.3,Successful short pick player not foot build.,26,Yes,Yes,2024-2025,51.22,94.0,1.7,3,182,9,20,9.3,3.2,School,Yes,High,8,No,2,5,No,Dropped Out
25DS171,James Washington,BSc-DS,FY,2,Other,20,ST,677068,28,52,26,1,27321,2025-03-26,No,4.3,Fear message after effect which trouble bring.,8,No,Yes,2022-2025,56.32,98.58,4.48,3,15,36,19,6.4,4.4,None,Yes,Medium,6,Yes,0,4,No,Dropped Out
25DS172,Travis Webb,BSc-DS,FY,1,Other,21,SC,858792,23,55,40,3,40845,2025-02-01,Yes,4.6,Partner explain job all short dinner.,31,Yes,No,2024-2026,90.59,93.41,2.41,1,68,25,7,4.5,3.9,UG,No,High,8,Yes,1,4,No,Graduated
25DS173,Kimberly Fox,BSc-DS,FY,1,Other,23,SC,623688,30,62,23,0,20008,2025-07-27,No,4.7,Now this owner trade call.,28,Yes,No,2022-2025,80.02,84.16,3.57,4,77,27,4,5.0,4.3,UG,Yes,High,9,No,2,3,Yes,Dropped Out
25DS174,Craig Murphy,BSc-DS,FY,1,Other,21,OBC,573907,23,50,48,2,34963,2025-02-09,No,4.7,Likely past be ball.,11,Yes,No,2023-2026,54.21,83.79,3.3,4,107,42,16,4.7,3.2,School,Yes,Medium,10,Yes,2,0,No,Dropped Out
25DS175,Mary Frazier,BSc-DS,FY,2,Other,20,OBC,201186,30,52,43,2,38783,2025-02-20,Yes,3.2,About who significant drive determine light energy.,8,No,No,2024-2025,67.69,98.19,3.47,4,152,11,13,6.2,1.0,None,No,Low,2,No,1,5,No,Graduated
25DS176,Cassandra Nash,BSc-DS,FY,1,Female,23,OBC,575968,24,61,34,2,20461,2025-04-07,Yes,4.6,Yeah tell race son of.,47,No,Yes,2023-2026,54.64,60.2,1.22,2,64,38,9,5.7,4.2,UG,Yes,High,7,No,3,5,Yes,Dropped Out
25DS177,Melanie Webster MD,BSc-DS,FY,2,Female,19,OBC,827282,24,48,21,1,38448,2025-04-14,Yes,3.4,Manage short color defense campaign.,42,No,No,2024-2025,53.66,99.57,2.08,2,73,45,0,3.0,3.5,None,Yes,High,3,Yes,3,2,Yes,Active
25DS178,Laura Stone,BSc-DS,FY,2,Female,19,ST,240679,23,50,26,2,31027,2025-04-21,No,4.0,Five somebody nation parent its rule.,7,Yes,Yes,2023-2025,99.51,98.54,4.53,2,199,42,9,9.0,1.8,UG,No,Medium,2,No,2,0,No,Active
25DS179,Nathaniel Ross,BSc-DS,FY,2,Other,21,General,820247,28,62,50,1,34264,2025-01-26,No,3.1,Price machine student evidence agency high.,6,No,No,2024-2026,71.93,89.55,1.6,3,13,10,0,4.7,3.3,None,Yes,Medium,8,Yes,3,3,Yes,Dropped Out
25DS180,Daniel Elliott,BSc-DS,FY,1,Male,21,General,270745,28,44,35,2,49598,2025-05-09,Yes,4.6,Every woman run finish.,31,No,Yes,2023-2026,75.57,88.89,2.77,1,42,14,12,1.9,2.1,School,No,High,9,No,3,4,Yes,Dropped Out
25DS181,Diane King,BSc-DS,FY,2,Male,18,OBC,343041,25,65,41,2,41936,2025-04-08,No,4.8,Write research past trouble data citizen.,10,No,No,2023-2025,93.97,90.05,3.4,0,19,25,6,9.0,1.7,None,Yes,Low,5,No,1,3,No,Active
25DS182,Brenda Weaver,BSc-DS,FY,2,Male,18,General,883295,26,51,48,0,34571,2025-07-11,No,3.1,Discover hair eight if speak.,13,No,No,2022-2026,96.91,95.28,2.39,1,38,13,18,3.1,4.1,UG,No,Medium,7,No,2,0,No,Graduated
25DS183,Kathy Gonzalez,BSc-DS,FY,1,Other,20,General,822239,21,57,47,2,49285,2025-06-28,No,3.5,Break beyond situation floor when.,35,No,Yes,2024-2026,72.96,72.02,2.12,0,128,24,11,2.7,4.6,UG,No,Low,3,Yes,3,2,No,Active
25DS184,John Morse,BSc-DS,FY,2,Male,21,ST,113434,28,38,27,0,34480,2025-07-28,Yes,4.1,History against voice debate several throughout.,26,Yes,Yes,2024-2026,67.27,68.02,3.27,3,17,47,2,3.4,2.1,School,Yes,High,7,Yes,1,1,Yes,Dropped Out
25DS185,Lisa Jones,BSc-DS,FY,1,Other,23,OBC,886229,26,69,36,3,47474,2025-02-08,No,4.0,Marriage oil maybe guess wait.,33,Yes,Yes,2024-2025,54.76,82.08,1.71,3,112,6,1,4.1,3.8,None,Yes,High,2,No,1,4,No,Dropped Out
25DS186,Elizabeth Cain,BSc-DS,FY,1,Female,18,ST,718012,20,48,45,0,46639,2025-04-26,Yes,4.2,Involve matter seven standard piece travel.,38,No,Yes,2024-2025,58.7,84.28,1.57,1,185,50,2,3.3,2.7,UG,Yes,High,8,No,0,3,No,Active
25DS187,Rebecca Swanson,BSc-DS,FY,2,Female,19,ST,716450,29,45,50,0,26356,2025-02-17,No,3.6,Sport democratic middle sort.,10,No,No,2024-2025,68.66,63.43,2.42,0,21,48,13,4.5,3.1,School,No,Medium,8,No,1,3,No,Active
25DS188,Robert Foster,BSc-DS,FY,1,Female,23,ST,774523,25,49,27,1,28717,2025-05-29,No,4.9,One approach industry rich natural door response.,1,Yes,No,2022-2025,91.78,92.18,2.5,2,141,25,12,7.2,3.7,PG,No,Medium,8,Yes,3,2,Yes,Active
25DS189,Marilyn Adkins,BSc-DS,FY,1,Male,22,General,440258,30,39,43,3,49058,2025-06-27,Yes,4.4,Represent enter bag film cover theory.,11,No,Yes,2022-2025,68.12,96.5,2.33,4,100,49,19,1.3,3.1,UG,No,High,7,Yes,3,2,Yes,Graduated
25DS190,Angela Nelson,BSc-DS,FY,1,Male,21,SC,652266,20,33,21,0,24333,2025-03-24,No,4.5,About travel agree meet chance Mrs series.,49,Yes,Yes,2023-2026,52.59,94.87,3.55,3,39,17,14,1.6,1.2,UG,Yes,High,9,Yes,2,0,No,Dropped Out
25DS191,Seth Martinez,BSc-DS,FY,1,Male,23,OBC,469158,26,39,45,2,25059,2025-07-09,No,3.7,I cultural network race western.,36,No,No,2022-2026,87.88,90.63,1.6,5,139,7,9,7.7,2.2,School,Yes,Low,6,No,3,3,Yes,Graduated
25DS192,Patrick Livingston,BSc-DS,FY,1,Female,23,ST,788665,26,56,29,1,48770,2025-01-22,No,3.1,Television check western environmental from fire hope.,29,Yes,Yes,2022-2025,50.74,74.47,1.65,1,130,47,4,3.0,2.0,PG,No,High,2,No,2,2,No,Dropped Out
25DS193,Michael Campbell,BSc-DS,FY,1,Other,20,General,762004,25,61,21,3,45529,2025-03-14,No,4.2,Land surface stay easy other strong husband.,12,Yes,Yes,2024-2025,82.43,72.94,3.03,0,152,32,11,6.5,1.8,UG,Yes,Medium,6,Yes,3,3,No,Graduated
25DS194,Christina Carlson,BSc-DS,FY,2,Male,19,General,557228,28,60,43,0,21169,2025-02-07,Yes,4.0,Gas maintain lead whether.,36,No,Yes,2023-2025,72.57,89.81,2.96,0,65,33,11,2.3,4.2,UG,Yes,Medium,1,Yes,2,3,Yes,Active
25DS195,Jennifer Forbes,BSc-DS,FY,2,Male,19,OBC,105720,23,37,45,2,20598,2025-01-19,No,5.0,Idea major brother evidence.,30,No,Yes,2022-2025,85.84,79.52,4.63,0,41,50,13,6.3,2.9,PG,Yes,High,5,No,0,0,No,Active
25DS196,Nicole Good,BSc-DS,FY,2,Female,23,ST,593435,22,47,29,2,26937,2025-01-23,No,4.3,Focus case shake performance song.,36,Yes,No,2024-2026,67.38,65.81,2.09,4,136,15,5,5.5,1.4,None,No,High,2,Yes,0,4,Yes,Graduated
25DS197,Anna Paul,BSc-DS,FY,2,Other,23,ST,802901,22,36,26,3,39423,2025-04-22,No,4.8,Year anything manage reveal fund card.,3,No,No,2022-2025,77.79,79.2,1.27,3,175,41,20,9.8,4.9,UG,Yes,High,8,No,0,5,No,Dropped Out
25DS198,Jeffrey Gibson,BSc-DS,FY,1,Male,19,General,519600,25,67,30,0,23845,2025-05-21,No,4.1,Onto PM able behavior guy career billion.,38,Yes,No,2023-2025,74.1,77.98,4.14,4,13,7,4,2.1,2.3,UG,No,Low,10,Yes,2,3,Yes,Dropped Out
25DS199,Jason Carr,BSc-DS,FY,1,Male,18,SC,947360,21,37,43,1,45682,2025-01-26,Yes,5.0,Reflect wide benefit.,34,Yes,Yes,2022-2026,62.9,88.78,3.47,2,112,28,14,5.4,3.6,None,Yes,Medium,9,Yes,2,3,Yes,Graduated
25DS200,Kimberly Anderson,BSc-DS,FY,2,Male,19,ST,389880,29,30,33,0,28887,2025-03-12,Yes,4.5,Officer bank accept write.,4,No,Yes,2022-2025,84.99,65.57,2.22,1,161,7,9,5.9,4.8,None,Yes,Medium,1,No,3,1,Yes,Graduated
24DS01,Gary Davis,BSc-DS,SY,2,Female,18,ST,792259,20,61,23,3,44029,2025-03-20,No,3.9,Modern no quickly truth wall source suffer around.,30,Yes,No,2022-2025,50.69,80.37,4.0,0,76,49,15,1.7,3.6,None,No,Low,6,No,3,2,No,Dropped Out
24DS02,Rachael Wilson,BSc-DS,SY,2,Female,19,OBC,472948,24,55,36,2,31116,2025-05-30,No,4.0,Describe central financial specific trial return wall.,22,Yes,Yes,2022-2025,87.62,90.4,4.46,4,99,15,8,1.1,2.1,UG,Yes,High,4,Yes,0,5,Yes,Dropped Out
24DS03,Mary Carter,BSc-DS,SY,1,Female,20,OBC,235729,28,54,25,1,22219,2025-03-09,Yes,4.6,Whole traditional investment field star only know.,3,Yes,Yes,2024-2026,62.75,94.3,2.19,3,69,30,2,8.7,2.6,None,No,Low,8,Yes,1,1,No,Graduated
24DS04,Brian Cox,BSc-DS,SY,2,Other,20,OBC,324097,27,66,42,0,38284,2025-06-26,No,4.6,Site drug test nor why wonder chance.,50,No,No,2024-2025,64.98,62.27,1.48,2,110,37,12,3.2,3.6,School,Yes,High,2,Yes,3,2,No,Active
24DS05,Eugene Johnson,BSc-DS,SY,1,Male,20,SC,156644,30,60,22,2,46434,2025-05-03,Yes,4.9,Produce deep peace certainly.,49,No,No,2024-2025,73.75,67.76,4.17,3,89,22,3,5.1,4.1,None,No,High,3,No,2,2,No,Active
24DS06,Peggy Lopez,BSc-DS,SY,2,Male,21,ST,419860,26,53,23,0,48062,2025-04-14,Yes,4.9,Subject financial can.,41,No,Yes,2023-2026,81.17,96.14,2.95,5,158,21,17,5.1,4.9,None,No,Low,1,Yes,1,2,Yes,Graduated
24DS07,Monica Hall MD,BSc-DS,SY,1,Female,20,ST,804637,26,68,48,2,44276,2025-06-05,Yes,4.8,Natural foot physical study require piece relate.,45,Yes,No,2024-2026,58.19,63.33,1.13,1,131,25,2,8.5,2.5,None,Yes,High,9,No,3,5,Yes,Dropped Out
24DS08,Erika Lyons,BSc-DS,SY,1,Other,18,ST,286907,20,64,48,2,38116,2025-02-14,No,3.0,Sea with administration newspaper able industry say.,8,No,Yes,2022-2026,69.72,79.27,1.54,3,140,31,5,1.3,3.0,PG,No,Medium,9,Yes,0,2,Yes,Active
24DS09,Colton Allen,BSc-DS,SY,2,Female,19,OBC,852380,24,35,35,0,45998,2025-06-21,No,4.0,Fund talk grow make front around five.,20,No,No,2023-2025,93.07,89.71,1.21,4,107,23,9,5.3,1.2,UG,No,Low,10,No,1,0,Yes,Graduated
24DS10,Melissa Green,BSc-DS,SY,1,Male,19,General,801943,21,63,29,1,34795,2025-06-16,Yes,4.8,War issue laugh a once throughout student town.,26,No,Yes,2024-2026,93.39,75.86,3.08,5,164,34,4,6.4,1.5,School,Yes,High,2,Yes,2,2,No,Active
24DS11,Dwayne Ruiz,BSc-DS,SY,2,Male,22,SC,903360,27,48,20,1,37839,2025-06-08,No,4.4,Thought over year his course meeting while.,23,No,No,2023-2025,83.14,91.04,2.29,3,125,23,1,4.5,2.0,School,No,Low,1,No,0,2,Yes,Active
24DS12,Daniel Francis,BSc-DS,SY,1,Other,21,ST,251749,20,38,30,3,30318,2025-06-09,Yes,4.2,Say economy station experience.,43,Yes,No,2023-2025,75.06,92.88,3.14,5,148,50,6,6.7,4.9,PG,No,Medium,1,Yes,3,0,Yes,Graduated
24DS13,Candace Santiago,BSc-DS,SY,2,Female,22,SC,795853,28,70,49,1,41101,2025-06-17,No,3.5,Behind east modern energy central full.,43,No,Yes,2022-2025,92.72,79.68,1.66,0,150,34,6,5.7,2.4,School,No,Medium,2,Yes,3,4,Yes,Active
24DS14,Michele Wilkinson,BSc-DS,SY,1,Male,23,ST,897724,30,33,29,3,22946,2025-05-28,No,3.3,Knowledge fear growth community card thousand market.,32,No,No,2023-2025,74.82,88.28,2.91,2,156,21,0,2.4,3.0,PG,No,High,1,Yes,1,2,Yes,Dropped Out
24DS15,Wayne Robinson,BSc-DS,SY,2,Male,22,General,993313,27,54,24,3,46405,2025-07-10,No,3.4,Hair become medical day.,11,Yes,Yes,2023-2026,91.09,60.72,2.28,4,108,46,4,4.3,2.8,PG,No,Low,4,No,1,5,Yes,Active
24DS16,Terry Palmer,BSc-DS,SY,2,Other,23,SC,347400,30,41,41,3,42872,2025-06-26,Yes,3.1,Mean before military concern it human boy.,29,No,Yes,2023-2025,94.46,74.08,3.93,3,12,23,4,4.4,4.9,PG,No,Low,8,No,1,0,Yes,Dropped Out
24DS17,Suzanne Sosa,BSc-DS,SY,1,Female,21,OBC,631073,20,41,50,2,32971,2025-02-23,Yes,3.4,Especially discuss speech senior agency gun movement.,39,No,No,2024-2025,58.99,80.84,1.14,4,94,42,11,1.1,4.8,UG,No,Medium,10,Yes,3,2,Yes,Graduated
24DS18,Terry Schaefer,BSc-DS,SY,2,Male,20,ST,169130,21,57,45,3,45814,2025-01-08,No,3.9,Foot idea believe.,0,No,No,2023-2025,53.37,88.0,4.32,4,69,17,19,5.8,3.8,None,Yes,Medium,6,Yes,0,1,Yes,Dropped Out
24DS19,James Salazar,BSc-DS,SY,1,Female,22,OBC,580142,30,60,39,3,26755,2025-01-31,No,3.4,Almost sit pressure south movement admit well.,9,Yes,Yes,2023-2025,54.66,75.0,1.81,5,167,22,14,5.2,4.2,School,Yes,Medium,10,No,0,1,Yes,Graduated
24DS20,Mr. Brian Key MD,BSc-DS,SY,2,Other,20,General,239802,28,63,34,3,26377,2025-07-23,No,3.2,Long benefit collection alone mouth right article.,25,No,No,2024-2025,77.1,72.7,1.82,3,199,8,15,4.2,3.6,None,Yes,Low,1,Yes,0,3,No,Dropped Out
24DS21,Matthew Lopez,BSc-DS,SY,1,Other,21,SC,702741,27,54,39,0,38547,2025-03-24,No,4.7,Exist put his magazine.,34,No,No,2022-2026,52.11,93.45,3.69,0,108,15,0,5.0,2.5,School,Yes,Low,10,Yes,1,0,Yes,Graduated
24DS22,Jason Snyder,BSc-DS,SY,2,Other,20,ST,220561,21,59,50,3,29027,2025-01-02,No,4.5,Practice will allow risk.,26,No,Yes,2022-2026,51.79,60.24,1.76,1,158,48,1,7.5,1.2,UG,No,High,1,No,0,0,No,Graduated
24DS23,Mike Clements,BSc-DS,SY,2,Other,23,SC,735111,23,39,41,2,49824,2025-02-02,Yes,4.3,Some campaign high on.,38,Yes,No,2022-2026,74.65,64.67,2.78,2,43,27,5,4.7,4.8,None,Yes,Medium,2,No,1,3,Yes,Dropped Out
24DS24,Ms. Laura Johnson,BSc-DS,SY,1,Male,21,SC,515183,27,51,34,3,28837,2025-02-04,No,4.6,State national leg they reveal benefit letter.,46,Yes,No,2022-2025,78.61,76.76,3.19,2,195,6,8,3.6,1.8,None,No,High,3,No,0,3,Yes,Active
24DS25,Rebecca Jones,BSc-DS,SY,1,Other,20,ST,289153,24,64,30,2,36630,2025-04-08,No,4.0,Fire adult trial painting.,48,Yes,Yes,2022-2026,65.7,61.58,1.24,0,151,29,0,4.5,4.3,UG,No,Low,6,Yes,3,1,No,Graduated
24DS26,Taylor Wilson,BSc-DS,SY,1,Female,21,ST,383025,29,70,27,1,31262,2025-02-23,Yes,4.7,Bill eight policy eight beat think organization.,1,Yes,Yes,2024-2025,93.11,62.73,3.62,5,131,29,18,9.2,2.5,PG,Yes,Low,8,No,3,3,No,Graduated
24DS27,Vanessa Valdez,BSc-DS,SY,1,Male,23,SC,431397,22,43,22,2,28480,2025-02-26,Yes,3.9,Girl everybody present among usually about everyone standard.,27,Yes,Yes,2023-2025,75.15,80.07,3.26,0,175,48,10,5.4,3.6,PG,Yes,High,4,No,2,3,Yes,Graduated
24DS28,Mary Baker,BSc-DS,SY,2,Other,22,ST,675220,23,50,22,1,38136,2025-06-22,Yes,3.9,Cost gun and.,32,No,No,2023-2026,76.1,68.78,2.2,5,75,10,5,4.4,2.2,None,Yes,Low,5,No,3,4,Yes,Dropped Out
24DS29,Alejandro Roberts,BSc-DS,SY,2,Female,22,General,510094,23,32,41,2,47762,2025-02-08,No,3.7,Very everybody itself see.,29,Yes,Yes,2023-2026,98.83,74.82,2.15,2,26,35,19,3.1,4.6,PG,Yes,Low,1,No,0,4,Yes,Graduated
24DS30,Matthew Clark,BSc-DS,SY,1,Male,22,ST,232233,21,58,21,2,47414,2025-07-02,Yes,3.7,Service pretty feeling ball.,35,Yes,Yes,2023-2025,78.61,98.54,4.55,0,154,17,0,4.0,3.2,School,Yes,Medium,8,Yes,2,1,Yes,Active
24DS31,Tammie Rodriguez,BSc-DS,SY,1,Male,21,SC,673712,29,66,47,1,26349,2025-07-09,Yes,4.9,Save have message across stay.,2,Yes,Yes,2024-2026,99.3,85.38,4.78,2,63,36,20,7.0,3.9,School,Yes,Medium,2,Yes,2,1,No,Graduated
24DS32,Robert Chaney,BSc-DS,SY,1,Other,18,ST,117036,27,61,33,0,28465,2025-05-29,Yes,4.6,History rest total if look local heavy.,15,No,No,2023-2026,81.93,96.93,4.23,3,62,28,9,3.6,4.9,UG,No,High,6,No,1,1,No,Dropped Out
24DS33,Justin Torres,BSc-DS,SY,2,Female,18,OBC,169231,27,63,49,0,36483,2025-04-24,Yes,3.3,Stock writer thought together general knowledge.,27,Yes,No,2023-2025,78.18,91.88,3.77,5,177,32,19,9.6,4.2,School,Yes,Low,10,Yes,0,0,Yes,Dropped Out
24DS34,Jerry Leonard,BSc-DS,SY,2,Other,21,SC,890585,22,31,23,0,38490,2025-01-19,Yes,3.6,Star tend minute form speech sign.,31,No,No,2023-2026,50.33,91.38,3.19,0,190,48,8,1.4,4.0,PG,No,Medium,5,No,2,3,No,Active
24DS35,Amy Gallagher,BSc-DS,SY,1,Female,20,OBC,321515,27,32,37,2,34611,2025-02-25,No,4.3,Dog some whether few stop news to.,11,Yes,Yes,2024-2026,88.12,78.73,2.88,3,169,16,13,3.4,2.8,PG,Yes,High,9,No,1,0,No,Active
24DS36,Christina Davis,BSc-DS,SY,1,Other,22,General,372789,27,39,34,0,37583,2025-04-13,Yes,3.4,Clear card friend and fact.,15,No,No,2023-2025,62.41,99.49,4.78,2,36,47,8,4.6,3.5,PG,No,Medium,3,Yes,2,3,No,Graduated
24DS37,Patricia Martinez,BSc-DS,SY,2,Other,22,SC,200640,28,40,25,2,27723,2025-02-25,Yes,4.5,Name from again.,50,Yes,Yes,2023-2025,71.66,71.69,3.17,5,153,24,3,2.8,3.9,None,No,Low,10,Yes,3,4,No,Dropped Out
24DS38,Robert Hubbard,BSc-DS,SY,2,Male,22,ST,462453,27,44,42,3,31306,2025-07-27,Yes,3.7,Sport interview themselves media.,6,Yes,Yes,2024-2025,71.76,81.24,3.02,5,193,37,5,8.3,2.4,School,No,Medium,2,No,2,5,No,Dropped Out
24DS39,Clayton Chapman,BSc-DS,SY,2,Other,18,ST,169466,27,49,20,0,47603,2025-01-26,No,4.1,Hotel describe about property gun among group feel.,38,No,Yes,2023-2026,67.89,76.38,4.46,4,55,25,3,7.4,1.9,School,Yes,Low,4,Yes,1,4,Yes,Dropped Out
24DS40,Jennifer Reed,BSc-DS,SY,1,Other,22,SC,426933,22,30,37,1,41643,2025-05-27,No,3.9,Walk claim own out manager.,6,No,Yes,2022-2025,87.21,77.81,3.48,3,182,10,14,3.4,2.7,PG,No,High,4,Yes,1,3,Yes,Active
24DS41,Brian Holmes,BSc-DS,SY,1,Female,23,SC,754169,22,44,43,3,38317,2025-02-04,No,3.5,Organization main feeling pressure could believe center score.,16,No,Yes,2023-2025,52.71,83.12,2.98,2,83,45,7,4.7,4.9,UG,No,High,8,Yes,0,2,No,Active
24DS42,Lisa Perry,BSc-DS,SY,2,Male,21,ST,510781,28,37,25,1,33070,2025-06-17,No,3.6,Phone account choose similar.,19,No,No,2022-2025,76.01,89.71,1.69,0,10,23,8,6.0,1.6,School,Yes,Low,5,Yes,0,3,No,Active
24DS43,Michael Fischer,BSc-DS,SY,1,Female,18,OBC,867608,21,65,41,1,48127,2025-04-22,No,3.5,Building pass fine before.,29,Yes,Yes,2023-2026,83.7,74.23,2.0,0,130,25,13,3.9,2.6,PG,No,Low,4,No,1,5,No,Dropped Out
24DS44,Danny Anderson,BSc-DS,SY,2,Female,18,General,876128,21,47,46,0,27205,2025-01-24,No,4.1,Car guy small catch street seem move.,42,Yes,Yes,2022-2025,87.54,75.66,4.62,4,137,38,1,6.2,3.8,PG,Yes,High,1,Yes,2,0,Yes,Dropped Out
24DS45,Robert Martin,BSc-DS,SY,2,Other,23,General,517203,20,39,36,1,30261,2025-07-28,Yes,4.8,Local source unit sense.,9,No,No,2023-2025,62.01,97.53,2.43,1,146,27,5,5.7,3.8,UG,Yes,Medium,7,Yes,1,2,Yes,Graduated
24DS46,Julia Miller,BSc-DS,SY,2,Other,19,General,278379,29,49,26,0,34961,2025-07-10,No,3.2,Far significant similar collection lose natural feeling he.,27,Yes,No,2024-2026,89.63,73.14,1.36,5,11,37,7,8.6,2.8,None,Yes,Low,7,No,3,5,No,Active
24DS47,Crystal Butler,BSc-DS,SY,1,Male,23,General,554886,27,53,21,3,46022,2025-06-09,Yes,3.2,Include result suddenly west.,8,Yes,No,2022-2025,87.59,81.02,1.44,2,133,14,8,2.9,3.2,School,Yes,Medium,5,Yes,0,1,Yes,Dropped Out
24DS48,Zachary Jenkins,BSc-DS,SY,1,Female,19,ST,915329,26,46,48,1,49179,2025-02-22,Yes,4.4,Next present third believe staff bill time thought.,25,No,Yes,2022-2026,93.63,99.98,1.86,5,90,13,10,9.5,1.9,School,No,Low,1,No,3,2,No,Graduated
24DS49,Michelle Morton,BSc-DS,SY,1,Male,18,ST,370226,29,65,20,3,44288,2025-01-17,No,3.5,Prove wind business on staff head.,20,Yes,Yes,2023-2026,50.84,70.55,4.67,1,23,16,11,3.2,2.0,None,No,High,10,Yes,2,3,Yes,Graduated
24DS50,Mr. Edward Guerrero,BSc-DS,SY,1,Male,22,ST,451513,22,30,26,2,49509,2025-06-12,No,4.4,Affect worker song determine.,18,Yes,Yes,2022-2026,71.7,76.72,2.14,0,63,17,7,7.7,1.1,UG,No,Medium,6,No,1,3,No,Graduated
24DS51,Kathryn Nichols,BSc-DS,SY,1,Other,21,OBC,383553,22,49,45,1,28882,2025-02-02,Yes,4.8,Country card heart yeah.,22,No,Yes,2024-2026,50.27,68.23,4.4,0,16,7,18,1.6,3.9,PG,Yes,High,3,No,1,4,No,Graduated
24DS52,Karen Clark,BSc-DS,SY,2,Other,21,OBC,380527,23,35,28,3,45780,2025-05-06,Yes,4.1,Inside north sea beautiful final culture.,37,No,Yes,2022-2025,85.95,99.84,1.31,1,172,37,19,4.2,1.1,PG,No,High,3,Yes,3,2,Yes,Active
24DS53,Eric Ryan,BSc-DS,SY,2,Male,20,OBC,524075,30,34,30,0,43797,2025-03-18,Yes,3.6,Simply exist information onto grow.,15,Yes,Yes,2024-2026,76.01,80.43,4.43,5,174,9,11,4.8,2.5,UG,Yes,High,1,Yes,3,4,No,Graduated
24DS54,Cynthia Farmer,BSc-DS,SY,1,Female,22,General,745778,26,35,24,0,34495,2025-07-03,Yes,4.3,Could power nor word yard.,39,Yes,Yes,2022-2026,70.5,92.23,4.44,5,13,32,20,5.6,1.2,UG,Yes,Medium,3,Yes,3,4,Yes,Active
24DS55,Jessica Bailey,BSc-DS,SY,2,Male,18,SC,885744,21,44,31,3,21703,2025-03-03,No,4.0,Entire majority mission them peace.,18,No,No,2022-2025,91.77,89.68,2.45,5,78,44,8,7.0,4.5,PG,Yes,High,3,No,3,4,No,Graduated
24DS56,Amy Rodriguez DVM,BSc-DS,SY,1,Female,23,SC,368508,25,59,33,1,46505,2025-05-13,Yes,4.4,Between spring edge yet theory difficult.,10,No,No,2024-2025,86.3,60.2,4.15,3,93,50,17,1.2,4.7,UG,No,High,5,No,3,0,No,Dropped Out
24DS57,Rebecca Morrison,BSc-DS,SY,2,Male,23,SC,824328,29,46,44,1,25383,2025-05-20,Yes,4.3,Your political floor fight born.,16,Yes,No,2022-2026,73.47,66.87,2.71,3,195,38,20,6.1,1.2,School,No,Low,9,No,0,2,Yes,Active
24DS58,Melanie Osborne,BSc-DS,SY,2,Female,19,ST,724934,23,30,23,2,49098,2025-03-23,Yes,3.3,Music keep administration our cell.,12,Yes,No,2023-2026,98.43,81.24,4.24,5,52,49,12,2.3,2.6,UG,Yes,High,9,No,3,2,No,Dropped Out
24DS59,Dawn Sullivan,BSc-DS,SY,1,Other,21,ST,831156,24,63,35,0,25215,2025-05-07,Yes,4.2,Story grow society growth attack.,36,No,No,2024-2026,55.83,99.57,1.75,1,57,30,6,1.7,2.9,UG,Yes,Medium,3,No,3,0,Yes,Graduated
24DS60,Stephanie Olson,BSc-DS,SY,2,Other,21,ST,955287,27,35,23,2,29464,2025-03-12,No,4.5,Husband start discover.,27,No,Yes,2023-2025,97.01,98.92,3.09,1,10,48,7,1.4,2.9,UG,No,Low,10,No,3,1,No,Active
24DS61,Penny Evans,BSc-DS,SY,1,Other,18,SC,884492,26,70,37,1,44792,2025-02-13,Yes,4.8,Peace remember level action.,27,No,No,2024-2025,53.65,68.92,2.13,3,71,46,18,5.8,3.8,UG,No,Low,2,No,0,2,Yes,Dropped Out
24DS62,Melissa Singleton,BSc-DS,SY,2,Female,21,General,966287,22,49,22,0,38924,2025-02-07,Yes,3.4,General resource individual forget.,12,No,No,2022-2025,72.24,86.85,3.08,3,107,6,3,1.8,3.4,PG,No,Low,10,Yes,1,0,No,Dropped Out
24DS63,Roger Sanders,BSc-DS,SY,2,Other,22,SC,875494,25,30,27,1,26210,2025-06-09,No,4.3,Short game popular remember dog voice budget.,16,Yes,No,2022-2026,56.49,76.94,4.95,1,120,5,11,1.7,1.5,PG,No,Low,6,Yes,1,5,Yes,Graduated
24DS64,Gabriel Duncan,BSc-DS,SY,1,Other,22,SC,521151,30,55,37,0,20614,2025-06-15,No,3.3,Top meeting able goal main few.,8,Yes,Yes,2024-2026,63.78,65.39,1.52,0,167,33,15,8.7,3.5,PG,No,Low,1,No,3,2,Yes,Active
24DS65,Kimberly Roberts,BSc-DS,SY,2,Other,23,SC,656848,23,49,48,2,29099,2025-03-04,No,3.6,Not body capital.,4,Yes,No,2022-2025,88.5,68.44,4.65,2,170,42,6,6.2,2.3,School,Yes,Low,1,No,2,2,No,Active
24DS66,Karen Lee,BSc-DS,SY,1,Other,21,SC,380728,20,61,21,3,36003,2025-02-03,Yes,3.5,Character resource difficult value act six.,33,Yes,Yes,2023-2025,55.06,77.81,1.03,5,41,5,19,9.4,3.8,School,No,Medium,8,Yes,0,0,No,Graduated
24DS67,John Yang,BSc-DS,SY,2,Male,19,ST,847654,28,45,37,0,33871,2025-01-02,No,3.6,Family church important current.,15,No,No,2022-2025,92.72,74.49,3.32,3,46,27,2,7.8,2.0,None,No,Low,3,No,0,3,No,Graduated
24DS68,Olivia Henderson,BSc-DS,SY,2,Female,19,SC,489651,27,62,37,1,31749,2025-02-14,No,4.9,Player third human sea she.,29,No,No,2024-2025,50.7,97.23,3.95,2,87,22,0,5.8,2.4,UG,Yes,High,2,Yes,2,3,Yes,Graduated
24DS69,Whitney Lewis,BSc-DS,SY,2,Male,19,SC,837454,22,67,41,0,44929,2025-05-17,No,3.1,Particular maintain few after.,41,Yes,No,2022-2026,60.93,66.67,1.83,5,77,11,11,4.7,1.1,School,Yes,Low,5,No,0,3,Yes,Active
24DS70,Laura Rivas,BSc-DS,SY,2,Male,19,General,527468,26,56,29,2,26318,2025-03-16,Yes,3.1,Program along mention when remember provide.,32,No,Yes,2022-2026,52.33,88.45,2.0,2,40,9,8,2.2,4.1,School,No,Medium,6,No,1,0,No,Active
24DS71,Kevin Tucker,BSc-DS,SY,1,Female,22,General,797082,20,64,32,0,46385,2025-07-04,Yes,4.0,Indeed risk through box that Republican far real.,33,Yes,No,2024-2025,99.66,68.69,3.7,0,51,8,0,3.9,4.0,School,Yes,High,1,No,1,0,Yes,Graduated
24DS72,Sandra Martinez,BSc-DS,SY,1,Male,18,ST,558853,21,69,40,1,42221,2025-02-21,Yes,4.7,Government available but gun myself bag.,23,No,Yes,2023-2026,59.03,97.83,4.06,5,162,19,4,9.6,2.4,PG,Yes,Low,4,Yes,1,4,No,Graduated
24DS73,Christine Williams,BSc-DS,SY,1,Other,20,General,743743,26,50,50,0,38435,2025-06-16,No,4.8,Within role high against never.,26,No,No,2022-2026,92.5,83.24,4.44,1,31,12,13,3.0,2.9,UG,No,High,3,Yes,1,1,No,Dropped Out
24DS74,Lisa Hoffman,BSc-DS,SY,2,Female,23,SC,538547,23,58,29,0,20722,2025-05-08,No,4.6,About reality say.,27,Yes,Yes,2023-2025,75.8,79.5,2.55,5,55,20,16,6.8,1.3,None,No,Medium,3,Yes,2,2,Yes,Graduated
24DS75,John Anderson,BSc-DS,SY,1,Female,23,ST,391760,24,51,37,3,21921,2025-07-13,Yes,3.7,Size experience easy very.,47,No,No,2023-2026,97.89,96.21,4.73,3,61,19,9,8.5,3.4,None,No,Medium,6,No,1,3,Yes,Active
24DS76,Maria Hull,BSc-DS,SY,2,Other,20,General,660045,27,37,34,2,38102,2025-02-06,Yes,3.8,Prepare attention my simply relate.,17,Yes,Yes,2023-2025,83.18,95.91,2.37,3,125,32,11,4.7,1.8,PG,No,Medium,9,No,3,5,Yes,Graduated
24DS77,Christine Smith,BSc-DS,SY,2,Female,22,SC,519752,26,36,26,1,41544,2025-03-07,Yes,4.5,Something become executive hope.,17,No,No,2024-2025,67.96,83.0,3.64,3,45,29,11,8.4,1.3,PG,Yes,Low,8,Yes,1,3,Yes,Graduated
24DS78,David Richards,BSc-DS,SY,2,Other,18,OBC,684616,27,38,21,3,35829,2025-07-28,Yes,4.8,Everything goal instead blood.,6,Yes,Yes,2023-2026,60.08,60.66,3.59,3,76,5,6,1.5,3.1,PG,No,High,4,Yes,0,4,Yes,Active
24DS79,Jeffrey Payne,BSc-DS,SY,1,Female,22,OBC,269143,22,67,32,3,29628,2025-01-16,Yes,4.2,He floor give just between.,21,No,No,2023-2026,66.64,68.17,2.42,2,143,48,0,4.1,1.2,None,Yes,High,7,Yes,0,1,No,Dropped Out
24DS80,Michael Murray,BSc-DS,SY,1,Male,22,ST,246320,22,40,32,1,46574,2025-01-22,No,3.8,Ago seat real tough read.,9,No,No,2024-2025,67.03,76.57,2.75,1,85,14,13,8.0,3.0,School,Yes,Low,9,Yes,1,2,No,Active
24DS81,Jacob Fuller,BSc-DS,SY,2,Female,21,OBC,818327,23,52,49,1,44589,2025-02-02,Yes,3.7,Test budget speak onto risk.,38,No,Yes,2023-2026,63.12,96.29,1.88,5,194,23,0,6.9,3.7,UG,No,High,6,Yes,0,1,No,Dropped Out
24DS82,Kelly Fitzgerald,BSc-DS,SY,1,Male,22,ST,666796,20,47,35,3,24183,2025-05-08,Yes,3.5,Discussion despite couple much record although course.,28,No,No,2024-2025,79.26,70.76,1.79,5,17,43,15,2.9,1.1,PG,Yes,High,3,No,0,1,Yes,Dropped Out
24DS83,Nicole Simpson,BSc-DS,SY,1,Other,22,SC,249806,29,46,36,2,48231,2025-03-15,Yes,3.7,Already stand option possible least decision.,19,Yes,No,2024-2026,97.51,67.86,2.39,0,154,27,2,5.5,3.6,UG,Yes,High,9,No,0,2,Yes,Graduated
24DS84,Ashley Woods,BSc-DS,SY,1,Other,20,ST,105187,27,63,25,2,39297,2025-01-08,Yes,3.2,Politics figure suddenly today material anyone high personal.,13,Yes,Yes,2023-2025,97.55,72.1,2.9,1,184,24,7,1.9,3.7,UG,No,Low,2,No,1,5,No,Active
24DS85,David Rodriguez,BSc-DS,SY,1,Female,18,SC,739889,28,34,49,1,35923,2025-07-11,No,3.2,Vote dream argue key side.,11,No,No,2023-2025,67.26,62.16,4.07,1,33,29,16,6.7,2.1,School,No,High,9,No,1,3,No,Dropped Out
24DS86,Craig Merritt,BSc-DS,SY,2,Male,21,SC,815817,21,30,37,0,35106,2025-05-02,No,3.8,College born as level decision firm.,47,Yes,No,2022-2025,55.81,99.29,4.08,0,150,17,5,5.3,4.3,School,No,Medium,1,No,2,1,Yes,Graduated
24DS87,Caleb Martin,BSc-DS,SY,1,Other,21,ST,375793,21,32,40,3,48817,2025-01-24,No,4.9,Likely affect including short image rich office.,16,No,No,2023-2026,67.46,80.91,1.16,5,10,27,1,3.6,4.1,PG,Yes,Medium,6,Yes,1,3,Yes,Active
24DS88,Daniel Barnes,BSc-DS,SY,1,Female,22,SC,342152,22,47,39,3,48070,2025-07-22,Yes,3.7,Box animal simply stage television maybe.,8,No,Yes,2023-2025,86.17,61.41,4.81,2,166,19,14,9.8,4.1,School,No,Medium,7,No,1,1,No,Active
24DS89,Erin Collins,BSc-DS,SY,2,Female,21,OBC,842799,25,30,40,2,36484,2025-04-21,Yes,3.6,Edge write growth edge phone pick.,19,Yes,No,2024-2025,77.56,78.94,1.63,5,147,10,10,1.3,1.6,UG,No,Low,4,No,3,0,Yes,Active
24DS90,John Jones,BSc-DS,SY,1,Female,18,SC,101793,28,38,31,3,22127,2025-02-16,Yes,3.8,White even although computer.,36,Yes,Yes,2024-2025,78.08,93.7,4.13,3,112,39,5,9.6,2.1,PG,Yes,High,7,Yes,0,1,Yes,Graduated
24DS91,April Sanchez,BSc-DS,SY,1,Female,21,OBC,991671,29,62,40,2,41587,2025-05-21,Yes,3.6,Share PM Mrs he attorney.,46,Yes,No,2024-2026,51.54,89.37,1.72,1,71,40,9,2.7,3.5,None,No,High,9,Yes,1,2,Yes,Dropped Out
24DS92,Michael Hernandez,BSc-DS,SY,1,Other,18,General,206288,25,51,45,2,40729,2025-02-13,Yes,4.9,Half do share purpose general employee industry mean.,43,No,No,2023-2025,58.19,74.02,3.14,2,11,27,9,1.4,1.3,UG,No,High,7,Yes,0,2,Yes,Active
24DS93,Daniel Fernandez,BSc-DS,SY,2,Male,23,ST,279790,30,45,30,0,40751,2025-06-19,Yes,3.4,Stuff truth summer however thousand half indicate.,38,Yes,Yes,2022-2025,77.77,63.64,3.01,1,81,28,12,3.5,3.1,None,No,High,8,No,1,2,No,Graduated
24DS94,Joseph Guzman,BSc-DS,SY,2,Male,18,ST,724390,25,34,23,2,31568,2025-02-19,Yes,4.5,Character protect again.,25,Yes,No,2024-2026,68.41,89.23,4.18,2,121,48,18,6.3,3.7,School,Yes,Low,5,Yes,1,5,Yes,Graduated
24DS95,Jason Cruz,BSc-DS,SY,2,Female,22,OBC,624668,26,69,24,1,20084,2025-05-10,Yes,3.2,Staff might pressure center authority purpose really beyond.,12,No,No,2022-2026,70.2,71.52,2.98,5,172,37,18,9.1,4.7,UG,Yes,High,4,No,1,2,Yes,Active
24DS96,Jessica Guerra,BSc-DS,SY,1,Female,22,SC,318129,29,60,39,0,48161,2025-06-21,Yes,3.6,Answer employee tonight represent.,26,No,No,2022-2025,74.87,78.88,1.18,1,165,16,2,8.5,3.5,School,Yes,High,3,No,1,4,No,Dropped Out
24DS97,Robert Burton,BSc-DS,SY,1,Male,19,SC,136752,26,59,46,0,34928,2025-03-11,No,3.5,South push sense dark.,34,Yes,No,2024-2025,67.34,69.27,4.88,1,64,10,5,9.0,3.9,PG,Yes,High,7,Yes,0,2,No,Active
24DS98,Daniel Fields,BSc-DS,SY,1,Female,20,SC,625547,21,42,24,3,32122,2025-02-13,No,3.8,Race fish southern travel.,20,No,No,2022-2026,79.72,63.39,4.39,3,42,7,8,9.7,3.8,UG,Yes,Medium,10,Yes,1,5,No,Graduated
24DS99,Patricia Carter,BSc-DS,SY,1,Male,23,OBC,641831,28,36,45,3,42791,2025-06-23,No,4.6,Ground stand east check.,34,No,No,2024-2026,65.69,63.67,4.46,4,191,37,16,6.7,3.4,PG,Yes,Medium,4,Yes,0,0,No,Graduated
24DS100,Alex Terry,BSc-DS,SY,1,Other,22,ST,842287,21,37,29,0,22748,2025-05-23,Yes,4.4,Care institution left probably key clearly.,5,No,Yes,2024-2026,77.44,99.71,1.99,0,183,32,17,7.1,4.2,None,Yes,Medium,5,No,0,5,No,Dropped Out
24DS101,Stephanie Smith,BSc-DS,SY,2,Other,20,General,569011,28,49,41,0,31311,2025-05-10,No,3.7,On right ever one cover charge measure.,21,No,No,2023-2026,53.87,87.77,4.48,2,73,8,20,8.3,2.2,PG,Yes,High,1,Yes,1,3,Yes,Active
24DS102,Tyler Hensley,BSc-DS,SY,2,Male,21,ST,806403,23,45,22,2,45248,2025-07-11,Yes,4.1,Tell executive free throw reach as good.,31,No,Yes,2022-2025,91.65,79.17,1.85,2,67,50,15,4.7,1.8,School,No,Low,6,Yes,1,5,No,Graduated
24DS103,Kimberly Parker,BSc-DS,SY,2,Other,22,SC,414145,24,40,24,1,34089,2025-06-25,Yes,4.6,Behavior would section because.,37,Yes,No,2022-2026,62.32,78.77,2.91,2,94,41,0,8.1,2.3,None,No,Medium,5,Yes,0,5,No,Active
24DS104,Tracy Yu,BSc-DS,SY,2,Female,19,ST,439115,28,39,39,0,46088,2025-06-20,No,4.1,Perform lot note recognize.,26,Yes,Yes,2023-2025,64.79,71.26,3.34,3,150,31,18,4.2,1.7,None,No,Medium,4,Yes,0,0,No,Dropped Out
24DS105,Adam Thompson,BSc-DS,SY,1,Male,20,General,967799,29,54,46,2,20174,2025-07-11,Yes,3.1,Four door yard design parent site.,35,No,Yes,2024-2026,93.81,87.83,1.61,5,104,16,6,5.1,2.2,UG,No,High,3,No,1,2,No,Dropped Out
24DS106,Ryan Mccormick,BSc-DS,SY,2,Female,21,SC,618431,20,31,48,1,34776,2025-01-22,No,3.3,Too team dream him voice.,16,No,No,2023-2026,70.99,64.7,2.06,3,197,46,10,8.6,3.2,None,No,Medium,1,No,2,5,No,Graduated
24DS107,Kevin Weeks,BSc-DS,SY,2,Other,21,ST,898734,28,60,49,1,38194,2025-01-06,Yes,3.2,Less agent late practice keep.,24,No,No,2022-2025,81.56,80.71,2.57,2,149,42,19,1.7,4.4,UG,No,Low,1,Yes,0,2,No,Dropped Out
24DS108,Rhonda Brown,BSc-DS,SY,1,Female,19,ST,963145,25,63,35,2,38542,2025-04-29,No,4.9,Wide respond society.,29,No,No,2024-2025,83.13,81.42,1.83,3,30,10,17,3.6,4.5,PG,No,Low,6,Yes,0,3,Yes,Dropped Out
24DS109,Paul Hodges,BSc-DS,SY,1,Other,22,General,971059,26,30,30,2,44218,2025-01-23,Yes,4.8,American have recognize trip smile single property.,23,Yes,No,2024-2025,66.48,99.49,4.97,1,173,17,3,1.4,1.1,School,No,Medium,1,Yes,3,2,Yes,Dropped Out
24DS110,Jacqueline Gill,BSc-DS,SY,2,Female,21,OBC,994162,24,38,42,0,36923,2025-05-28,No,4.7,By agent home who old.,42,Yes,Yes,2023-2025,88.98,65.42,4.36,4,99,17,9,4.0,4.0,None,No,High,4,No,3,0,No,Active
24DS111,Cynthia Anderson,BSc-DS,SY,2,Female,23,General,908360,22,60,27,0,42534,2025-07-01,No,3.0,Around fear knowledge.,2,No,Yes,2024-2026,75.52,93.2,2.87,5,110,31,14,4.7,3.9,School,No,Low,4,No,3,0,No,Graduated
24DS112,Jordan Stone,BSc-DS,SY,1,Female,21,ST,201406,25,50,35,0,23511,2025-03-11,Yes,4.5,These return consider full gun treat challenge.,18,No,No,2022-2025,82.26,83.74,3.93,2,91,37,18,2.0,3.8,None,Yes,High,7,No,1,4,Yes,Active
24DS113,John Malone,BSc-DS,SY,2,Male,19,OBC,578233,23,44,23,0,48027,2025-03-13,No,4.3,Surface goal machine sit wait.,7,Yes,No,2024-2026,62.5,68.68,4.78,4,198,32,1,7.5,3.7,None,Yes,High,9,No,1,4,No,Graduated
24DS114,Lindsey Andrews,BSc-DS,SY,2,Other,18,General,652347,24,62,47,2,24558,2025-01-25,No,3.5,High size big issue they.,31,Yes,No,2024-2025,51.0,94.4,4.73,1,151,39,10,5.4,3.5,UG,No,Medium,6,No,2,1,No,Dropped Out
24DS115,Charles Levine MD,BSc-DS,SY,1,Female,18,General,285698,29,50,29,2,24552,2025-02-11,No,4.9,Kind sell live property star resource.,39,Yes,No,2024-2025,95.07,90.39,3.44,4,114,36,17,8.5,1.1,PG,No,Low,2,No,2,2,Yes,Active
24DS116,Rachel Ortega,BSc-DS,SY,1,Female,22,General,520200,21,37,48,3,27523,2025-02-22,Yes,3.1,Trade rest physical great job.,30,Yes,Yes,2023-2026,84.48,99.6,2.31,1,140,9,11,5.9,3.0,PG,No,Medium,3,No,3,2,Yes,Dropped Out
24DS117,Darrell Mason,BSc-DS,SY,2,Female,21,General,991780,23,54,44,1,38548,2025-05-16,Yes,3.4,Firm myself believe green author before person.,48,No,No,2023-2025,60.75,81.35,4.37,3,196,25,9,1.6,3.3,PG,Yes,Medium,8,Yes,2,4,Yes,Graduated
24DS118,William Caldwell,BSc-DS,SY,2,Other,21,General,380539,28,42,48,2,29780,2025-04-30,No,4.9,Maybe Mr design discuss collection save kind down.,46,Yes,Yes,2024-2026,72.77,66.91,2.3,1,43,21,16,1.9,1.8,School,No,Low,9,No,3,0,Yes,Graduated
24DS119,Dustin Garcia,BSc-DS,SY,2,Male,18,General,221997,22,62,39,3,20368,2025-02-12,Yes,4.5,Majority state according on.,0,Yes,No,2023-2025,54.28,68.91,4.27,5,12,31,6,9.2,1.5,PG,Yes,Medium,5,Yes,2,3,Yes,Graduated
24DS120,Sally Macias,BSc-DS,SY,2,Male,19,SC,551730,25,51,47,2,36318,2025-03-29,Yes,4.5,Participant executive generation attorney.,21,No,Yes,2023-2026,73.38,91.79,4.96,3,63,49,2,2.8,3.1,PG,Yes,Medium,6,No,3,1,No,Active
24DS121,Lauren Thomas,BSc-DS,SY,2,Other,21,General,643863,23,66,29,1,23016,2025-05-13,No,3.9,Play region sign wish quality force.,22,Yes,No,2024-2026,99.46,98.99,3.85,1,55,49,9,7.8,4.1,School,Yes,High,4,Yes,1,3,Yes,Active
24DS122,Michael Lewis,BSc-DS,SY,2,Male,18,ST,261997,30,47,39,0,42503,2025-02-25,Yes,4.1,Particularly event lawyer speak plant.,28,No,No,2023-2025,97.04,63.27,4.48,3,68,45,7,3.8,3.0,None,No,High,1,No,3,5,No,Dropped Out
24DS123,Keith Gutierrez,BSc-DS,SY,2,Male,18,SC,819643,23,53,44,3,47945,2025-01-10,No,4.6,Can voice boy edge east before red.,48,No,Yes,2024-2025,72.28,82.38,3.3,1,65,29,16,4.5,1.8,None,Yes,Medium,1,No,1,5,Yes,Dropped Out
24DS124,Joseph Vasquez,BSc-DS,SY,1,Female,21,General,884823,26,57,47,3,24772,2025-06-20,No,3.5,Table explain happen career serve threat.,0,No,Yes,2024-2025,81.44,96.64,3.05,4,110,28,6,7.8,4.5,PG,No,Medium,3,No,0,3,Yes,Dropped Out
24DS125,Kenneth James DDS,BSc-DS,SY,2,Female,20,OBC,125865,29,57,26,1,25263,2025-04-24,Yes,3.4,Certain common concern body body art.,0,Yes,Yes,2023-2025,82.21,95.93,1.09,3,120,8,14,5.2,1.3,UG,No,Low,2,No,2,3,Yes,Active
24DS126,Troy Davis,BSc-DS,SY,2,Other,23,General,363502,22,32,41,0,47067,2025-01-19,Yes,4.2,Four prove long best speak cost PM food.,10,No,Yes,2023-2026,89.38,61.81,1.58,2,18,5,11,5.2,2.0,PG,No,Medium,2,No,2,0,No,Active
24DS127,Mr. Gerald Allison DVM,BSc-DS,SY,1,Other,22,General,671827,20,49,47,2,47811,2025-03-19,Yes,4.1,Whether staff hit Mr degree year sister.,8,Yes,No,2024-2026,73.44,85.24,1.7,0,32,20,13,8.9,2.0,UG,No,High,10,No,0,5,No,Active
24DS128,Justin Ford,BSc-DS,SY,1,Male,18,ST,647065,29,58,23,1,46898,2025-06-27,No,3.4,Account hard fast owner at former friend.,33,No,No,2023-2026,60.32,61.27,1.64,2,181,37,8,1.0,3.0,UG,Yes,Medium,8,Yes,3,1,Yes,Graduated
24DS129,Timothy Morgan,BSc-DS,SY,2,Female,22,SC,936364,20,48,37,1,33687,2025-07-09,No,4.8,Career time expect its.,13,No,Yes,2022-2025,74.46,63.11,4.81,2,142,39,0,2.9,2.3,PG,No,Medium,1,Yes,1,1,No,Graduated
24DS130,Brandon Torres,BSc-DS,SY,1,Other,23,ST,621955,22,32,39,1,35776,2025-06-22,No,3.7,Will attention contain true like main quickly reduce.,19,Yes,No,2023-2026,77.65,80.31,4.78,1,109,8,11,5.7,4.6,PG,Yes,High,6,Yes,2,5,No,Active
24DS131,Lee Wilson,BSc-DS,SY,1,Other,20,OBC,285698,22,45,28,3,25076,2025-06-27,No,3.6,Wind party serve them close mention identify.,43,Yes,No,2024-2025,68.18,93.14,4.42,3,79,6,7,2.8,5.0,None,No,High,4,Yes,2,2,Yes,Graduated
24DS132,Cindy Brown,BSc-DS,SY,2,Female,21,General,308545,29,61,23,0,35607,2025-04-09,No,3.0,Chair board direction glass.,34,Yes,No,2024-2025,92.07,98.46,1.48,2,19,41,3,8.8,3.3,UG,No,High,5,No,2,2,Yes,Graduated
24DS133,Mary Moss,BSc-DS,SY,1,Other,20,General,441848,23,67,25,0,42175,2025-06-20,No,4.1,Other wind five ready investment.,33,Yes,No,2023-2026,55.86,70.98,1.45,1,183,19,6,3.4,3.1,UG,Yes,Low,9,Yes,0,3,No,Active
24DS134,Kevin Armstrong,BSc-DS,SY,2,Female,22,General,977096,27,54,27,1,30452,2025-01-26,Yes,4.0,Few food tell reduce bit.,24,Yes,No,2022-2026,83.52,95.51,2.08,2,187,10,7,8.3,3.2,School,Yes,High,5,No,2,2,Yes,Active
24DS135,Sarah Martin,BSc-DS,SY,2,Female,20,OBC,748406,25,63,27,0,34121,2025-01-12,No,3.0,Likely also happy issue answer just.,41,Yes,No,2024-2026,52.92,66.3,1.18,2,34,39,3,5.9,3.2,UG,No,Medium,2,Yes,2,0,No,Graduated
24DS136,Brooke Woodward,BSc-DS,SY,2,Male,23,SC,230753,22,31,47,2,40546,2025-06-22,Yes,4.6,Play war top six partner board.,21,Yes,Yes,2024-2026,80.25,95.49,2.15,2,54,40,0,7.9,3.0,PG,No,Low,5,No,0,5,No,Dropped Out
24DS137,Mr. Jeffrey Mclaughlin,BSc-DS,SY,1,Female,20,OBC,635616,25,37,23,2,33243,2025-01-06,Yes,4.3,Hour west condition series.,31,Yes,Yes,2024-2025,55.85,85.13,2.64,5,178,18,0,10.0,4.7,PG,Yes,High,5,Yes,0,3,No,Active
24DS138,Sean Harper,BSc-DS,SY,1,Other,22,OBC,124062,25,43,29,0,47739,2025-04-11,Yes,4.0,Maintain statement will field in author.,18,Yes,No,2024-2026,54.57,93.26,2.93,0,122,44,4,6.5,1.4,None,Yes,High,8,Yes,1,3,Yes,Graduated
24DS139,Michael Clayton,BSc-DS,SY,1,Other,22,SC,974882,20,43,49,2,26265,2025-05-29,Yes,3.7,Hot white southern man safe that forget.,15,No,No,2023-2026,70.14,92.62,2.84,0,161,16,16,4.4,1.2,UG,Yes,Low,10,Yes,0,4,No,Dropped Out
24DS140,Denise Sherman,BSc-DS,SY,1,Male,18,General,112926,26,52,21,3,38448,2025-01-24,No,4.2,Remember or whatever wind actually.,50,Yes,Yes,2023-2025,85.12,74.11,1.14,2,125,36,19,5.4,2.2,UG,Yes,Low,4,No,3,4,Yes,Active
24DS141,Patty Leach,BSc-DS,SY,2,Male,23,SC,183774,26,52,27,2,38082,2025-01-19,Yes,4.7,Sport must help able you certain attorney group.,22,Yes,Yes,2024-2026,58.45,77.48,3.82,3,50,39,12,1.1,4.3,PG,Yes,Medium,3,No,1,1,Yes,Dropped Out
24DS142,Robert Casey,BSc-DS,SY,1,Female,20,SC,138277,29,50,21,3,34931,2025-07-04,Yes,4.0,Candidate pick local however.,13,No,Yes,2023-2025,54.14,66.28,3.76,3,125,42,15,3.1,1.2,PG,No,High,9,No,2,3,No,Dropped Out
24DS143,Kathleen Chen,BSc-DS,SY,2,Female,19,ST,798439,28,58,44,0,35934,2025-02-20,Yes,4.3,View soon field focus serve way structure.,28,No,No,2022-2025,96.77,99.41,3.87,2,151,23,19,3.9,4.3,School,Yes,Medium,5,No,1,1,Yes,Active
24DS144,Anna Berger,BSc-DS,SY,1,Other,19,General,794249,27,67,39,1,23382,2025-03-21,No,4.5,Watch summer picture this partner quickly open.,24,Yes,No,2024-2025,74.68,72.07,2.27,3,143,31,0,7.1,4.6,School,Yes,Low,8,No,1,1,No,Active
24DS145,Peter Garcia,BSc-DS,SY,2,Female,18,OBC,801332,22,60,46,0,32663,2025-01-19,Yes,4.7,Member him rest close why.,14,No,Yes,2024-2026,58.72,70.47,2.34,3,56,23,10,1.6,1.5,PG,No,Low,6,Yes,3,0,No,Graduated
24DS146,Gary Wiggins,BSc-DS,SY,2,Male,22,OBC,299194,22,44,35,1,40359,2025-07-23,Yes,3.3,Price rest rich value strong style push.,4,Yes,Yes,2022-2025,72.72,78.2,4.6,2,147,22,10,4.5,4.6,PG,Yes,Low,9,Yes,1,1,No,Graduated
24DS147,Jasmine Andrews,BSc-DS,SY,1,Other,21,General,118557,24,62,34,1,46790,2025-07-06,Yes,4.7,Director find exactly walk.,41,Yes,No,2022-2025,78.44,72.5,4.96,4,176,26,15,5.3,1.5,None,Yes,Low,7,No,2,0,Yes,Active
24DS148,Lisa Giles,BSc-DS,SY,1,Other,23,SC,682755,24,30,32,1,35537,2025-04-17,Yes,3.9,Record pay gas you.,5,No,Yes,2023-2025,93.79,85.7,3.15,3,44,49,20,6.4,1.7,UG,Yes,Medium,9,Yes,3,1,Yes,Graduated
24DS149,Holly Anderson,BSc-DS,SY,2,Female,22,General,669585,24,31,26,1,24078,2025-05-02,No,3.2,Other reduce save game air.,32,No,No,2022-2026,64.67,91.53,4.99,3,187,17,2,9.2,4.7,School,Yes,Medium,3,No,3,1,Yes,Graduated
24DS150,Melissa Johnson,BSc-DS,SY,1,Other,23,SC,243348,28,56,32,0,29093,2025-01-22,Yes,4.5,Woman government finish think meet.,48,No,Yes,2024-2025,55.71,60.51,1.1,4,159,48,4,1.0,3.8,UG,Yes,High,4,No,0,5,Yes,Graduated
24DS151,Andrew Davis,BSc-DS,SY,2,Female,23,ST,544298,24,55,26,0,24070,2025-03-17,Yes,3.3,Design tax two defense.,37,No,Yes,2023-2025,83.03,91.37,2.56,0,14,41,15,9.4,1.9,School,No,High,2,Yes,0,2,Yes,Dropped Out
24DS152,Elizabeth Ramirez,BSc-DS,SY,1,Other,19,General,974544,20,40,32,0,29489,2025-05-25,Yes,3.4,Partner consumer suggest.,1,Yes,Yes,2022-2025,62.21,84.29,3.16,4,48,45,5,5.5,3.9,PG,No,Medium,10,No,1,4,Yes,Graduated
24DS153,Tiffany Freeman,BSc-DS,SY,1,Male,20,General,902985,21,47,31,3,49911,2025-05-09,Yes,3.7,Decision may home claim boy.,1,Yes,Yes,2022-2026,63.99,64.84,3.2,3,117,37,6,8.5,1.7,School,No,Medium,8,No,3,0,No,Active
24DS154,Brittany Mitchell,BSc-DS,SY,2,Female,23,General,257900,26,50,30,3,43202,2025-07-28,Yes,4.5,Building practice produce table environmental ahead.,24,Yes,No,2023-2025,55.64,70.15,4.49,4,14,19,4,2.0,2.1,PG,No,Low,2,No,3,5,No,Dropped Out
24DS155,Clayton Smith,BSc-DS,SY,2,Male,23,OBC,767022,23,68,47,1,49553,2025-03-30,No,4.0,Couple air into indicate who.,27,No,Yes,2024-2026,89.08,65.34,1.65,1,158,45,1,9.7,1.2,UG,No,Medium,8,Yes,3,0,Yes,Graduated
24DS156,Tiffany Taylor,BSc-DS,SY,1,Other,23,General,144189,24,68,44,1,46804,2025-06-16,No,4.2,Above amount measure dog result performance four.,36,Yes,No,2022-2025,66.23,68.29,3.56,3,86,31,15,9.8,3.4,None,Yes,Low,1,No,0,3,No,Graduated
24DS157,Nathan Morris,BSc-DS,SY,2,Other,22,OBC,557089,26,58,34,2,42462,2025-07-14,No,3.7,Hotel lay laugh tend huge out.,40,No,No,2023-2025,85.59,83.42,2.78,4,15,39,5,6.0,1.4,School,Yes,High,8,No,1,5,No,Active
24DS158,Bob Monroe,BSc-DS,SY,1,Other,20,OBC,279034,30,35,34,3,20851,2025-03-25,Yes,3.7,Next bed send heart become experience behavior.,42,Yes,Yes,2023-2026,75.41,70.99,4.84,0,154,30,0,4.3,1.7,UG,Yes,High,9,No,0,1,Yes,Active
24DS159,Raymond Johnson,BSc-DS,SY,1,Female,18,General,141496,27,32,22,0,30159,2025-07-10,No,4.8,Support pull other save great.,30,Yes,No,2022-2025,68.75,69.67,2.96,5,138,7,8,8.4,3.6,None,No,Low,9,No,1,1,No,Active
24DS160,Seth Reynolds,BSc-DS,SY,1,Male,19,OBC,693404,24,40,33,2,33880,2025-03-10,No,3.2,Down decide population.,39,No,Yes,2022-2026,73.79,66.31,3.53,1,115,49,3,7.3,2.9,None,No,Low,6,Yes,0,2,No,Graduated
24DS161,Laura Payne,BSc-DS,SY,1,Female,20,SC,147203,26,35,44,1,47037,2025-02-22,No,3.9,Want memory common discuss performance every evidence see.,23,No,Yes,2022-2025,92.15,64.79,2.14,5,100,39,17,5.7,3.9,None,Yes,Low,2,No,2,0,Yes,Dropped Out
24DS162,Elizabeth Stanley,BSc-DS,SY,2,Male,23,ST,564124,25,52,47,2,33471,2025-05-31,No,3.2,Ten you standard street six.,38,Yes,Yes,2022-2025,79.5,84.44,2.57,5,180,12,2,5.5,3.2,PG,Yes,High,7,Yes,2,0,No,Graduated
24DS163,Christina Shaw,BSc-DS,SY,2,Female,22,ST,566171,27,32,26,2,34878,2025-07-09,No,4.4,Stand wear themselves task wide.,11,No,Yes,2024-2026,66.26,78.57,2.46,1,200,26,19,5.3,4.1,None,Yes,High,8,Yes,3,5,No,Dropped Out
24DS164,Adam Wolf,BSc-DS,SY,1,Male,22,SC,203811,24,70,48,2,31866,2025-06-25,No,3.2,Draw rest knowledge hair through successful.,24,No,No,2024-2025,73.93,73.46,4.67,2,84,5,18,4.4,4.4,PG,No,High,7,No,1,5,No,Active
24DS165,Luis Bowers,BSc-DS,SY,1,Female,18,SC,119205,23,57,28,3,45078,2025-07-16,Yes,4.6,Near energy computer only.,35,Yes,Yes,2024-2026,93.92,98.88,3.44,4,114,29,14,4.5,1.7,School,Yes,High,7,Yes,0,5,Yes,Active
24DS166,Stephanie Smith,BSc-DS,SY,2,Other,18,OBC,784129,25,49,46,1,31460,2025-03-29,Yes,4.9,Involve phone staff him reveal agency expert.,30,No,Yes,2022-2026,54.84,98.87,2.38,2,95,27,3,6.3,1.7,None,No,Low,3,Yes,0,3,Yes,Graduated
24DS167,Sarah Wilson,BSc-DS,SY,1,Female,19,OBC,666322,26,42,43,3,21221,2025-04-03,No,4.6,Scientist man actually level media.,8,No,Yes,2023-2026,57.33,88.92,3.73,5,129,9,20,2.5,1.4,None,Yes,High,9,No,1,1,No,Dropped Out
24DS168,Melinda Brown,BSc-DS,SY,1,Male,20,ST,523145,27,56,37,0,22731,2025-01-07,No,4.7,Add indicate training small toward certainly.,13,Yes,No,2023-2025,74.55,87.9,3.58,4,13,40,19,3.9,3.5,School,Yes,Low,4,No,3,2,No,Dropped Out
24DS169,April Bradley,BSc-DS,SY,1,Male,23,OBC,990691,29,50,31,1,27084,2025-04-03,Yes,4.3,Music that card ball contain film teach.,40,No,Yes,2023-2026,63.21,81.29,3.07,1,115,36,14,3.7,2.0,None,Yes,Low,9,No,2,5,No,Graduated
24DS170,Patricia Haas,BSc-DS,SY,1,Female,18,OBC,581468,22,42,46,1,30044,2025-04-21,Yes,3.3,System able plant law source own industry.,27,No,Yes,2022-2025,87.49,68.82,4.87,3,86,49,6,6.1,3.9,School,No,Medium,9,No,2,3,No,Graduated
24DS171,David Jenkins,BSc-DS,SY,2,Other,20,SC,150654,26,55,44,1,20466,2025-05-07,Yes,3.4,Miss tax quickly.,13,Yes,No,2023-2026,97.43,85.48,1.9,3,135,47,19,8.9,1.1,PG,No,Low,5,Yes,1,4,No,Graduated
24DS172,Matthew Rogers,BSc-DS,SY,1,Male,20,General,284065,22,45,39,1,42713,2025-06-30,No,4.7,Success wall create environment occur.,11,No,Yes,2024-2025,81.52,95.24,4.19,3,46,36,1,6.7,4.5,None,Yes,Low,1,No,3,1,No,Active
24DS173,Christina Hill,BSc-DS,SY,2,Male,22,ST,356844,22,43,26,1,43641,2025-06-16,No,3.1,Move thank artist risk around gas.,28,No,Yes,2023-2026,70.19,95.34,2.31,3,100,26,8,3.5,4.8,PG,No,High,5,Yes,1,5,No,Active
24DS174,Sarah Tucker,BSc-DS,SY,1,Other,21,OBC,945719,21,43,20,3,25630,2025-03-30,No,3.9,Business rise agree here husband television.,27,No,Yes,2022-2026,85.75,66.87,1.95,0,115,29,6,1.6,3.8,UG,No,High,5,No,0,1,Yes,Dropped Out
24DS175,Haley Anderson,BSc-DS,SY,2,Female,21,ST,781384,30,36,37,1,39246,2025-06-03,Yes,4.4,Though language sign safe every wish.,29,No,Yes,2024-2025,92.69,88.61,1.36,0,189,17,3,6.6,3.8,School,Yes,High,3,Yes,1,3,Yes,Dropped Out
24DS176,Jason Bates,BSc-DS,SY,1,Male,22,General,419003,22,66,49,2,22598,2025-03-21,No,4.2,Democratic institution describe party story.,49,No,No,2024-2025,55.4,89.86,3.01,0,84,48,20,4.6,4.9,UG,Yes,Low,8,Yes,2,5,No,Graduated
24DS177,Teresa Castro,BSc-DS,SY,2,Male,23,General,182504,25,61,32,1,25375,2025-05-07,No,4.3,Upon first community my.,46,No,No,2024-2025,85.22,85.7,3.53,3,34,37,12,2.7,2.0,School,Yes,High,8,No,3,2,No,Graduated
24DS178,Kelsey Williams,BSc-DS,SY,1,Male,18,SC,665457,20,47,27,2,30012,2025-04-11,No,3.9,Thousand represent from.,0,Yes,Yes,2022-2026,85.62,88.3,4.69,0,116,42,9,2.3,4.5,UG,Yes,Low,3,No,0,0,No,Graduated
24DS179,Brian Ruiz,BSc-DS,SY,2,Other,21,ST,395475,26,60,22,0,45563,2025-01-15,Yes,3.2,Anyone including at.,26,Yes,Yes,2022-2025,87.38,91.61,4.71,3,92,10,6,6.4,5.0,None,Yes,Low,1,No,3,3,No,Dropped Out
24DS180,Lucas Lopez,BSc-DS,SY,1,Female,21,SC,588944,24,30,24,2,33598,2025-07-22,No,4.1,Manager grow hundred keep cut prove.,30,No,No,2024-2025,81.23,65.23,1.68,4,116,21,2,6.4,3.7,School,Yes,Low,2,No,2,1,Yes,Active
24DS181,Miranda Marsh,BSc-DS,SY,2,Male,19,General,293353,21,50,41,3,21357,2025-03-25,Yes,3.2,Project water thousand have person.,18,No,No,2023-2026,65.39,74.35,2.47,4,137,33,20,6.8,2.4,PG,Yes,Medium,3,Yes,3,5,No,Graduated
24DS182,Nicole Gibson,BSc-DS,SY,1,Male,23,ST,132451,25,49,20,1,49144,2025-02-25,Yes,4.3,Method build technology environmental season if that.,35,No,No,2022-2026,55.36,76.65,1.77,4,164,45,13,3.3,4.2,None,Yes,Low,6,No,0,1,Yes,Active
24DS183,Jamie Dominguez DDS,BSc-DS,SY,1,Other,21,OBC,947151,27,47,46,3,36987,2025-02-21,Yes,3.6,Politics maybe among sign cold dinner new above.,32,No,Yes,2022-2026,65.32,91.55,4.49,3,111,39,12,9.9,2.4,UG,No,Low,10,No,2,5,Yes,Active
24DS184,Jonathan Webb,BSc-DS,SY,1,Female,21,General,494698,21,32,24,3,23692,2025-07-12,Yes,3.7,Letter off open nearly condition.,26,No,No,2023-2025,51.24,62.65,3.0,0,64,8,6,9.3,1.4,PG,No,Low,10,Yes,1,5,No,Active
24DS185,Kayla Brown MD,BSc-DS,SY,2,Other,19,General,355025,30,61,28,2,43766,2025-03-17,Yes,4.2,Message represent increase war quality rest.,23,Yes,Yes,2022-2026,78.85,88.43,4.59,0,80,44,8,9.0,2.9,None,Yes,High,7,No,3,2,Yes,Graduated
24DS186,Christopher Scott,BSc-DS,SY,2,Female,23,General,364436,30,59,22,3,39395,2025-06-17,No,3.4,Mouth population do industry here smile.,42,Yes,Yes,2022-2025,78.36,89.72,2.82,1,95,47,4,4.3,2.5,None,No,Medium,8,Yes,3,2,No,Dropped Out
24DS187,Raymond Kemp,BSc-DS,SY,1,Other,22,SC,746118,20,53,25,3,43388,2025-01-04,Yes,4.6,Seem hotel show medical mention deep candidate.,47,Yes,No,2023-2026,86.53,63.6,3.89,2,144,45,11,3.3,4.5,UG,No,Medium,5,No,0,3,Yes,Active
24DS188,Richard Porter,BSc-DS,SY,2,Male,22,SC,106916,24,46,46,3,34483,2025-03-04,No,3.1,Author parent scientist home current international life.,5,No,No,2022-2025,89.67,91.26,3.79,2,25,13,5,7.7,2.4,UG,Yes,Low,1,No,0,3,Yes,Graduated
24DS189,Melissa Jones DVM,BSc-DS,SY,1,Male,18,ST,886445,27,36,29,1,32923,2025-04-02,No,4.5,Sit several development discover quality move indicate meeting.,22,No,Yes,2024-2025,79.34,67.14,2.69,1,14,50,7,4.1,4.0,None,Yes,Medium,3,Yes,1,0,Yes,Graduated
24DS190,Thomas Landry,BSc-DS,SY,2,Other,23,General,182300,28,34,41,2,34636,2025-06-24,Yes,3.5,Address away surface everyone day final its.,50,Yes,No,2022-2026,64.01,76.42,3.5,0,41,12,17,3.1,4.3,UG,Yes,Medium,4,No,0,3,Yes,Active
24DS191,Garrett Bell,BSc-DS,SY,2,Male,22,OBC,106890,30,58,49,0,32944,2025-02-17,No,4.1,Trip fact response occur.,13,No,Yes,2022-2026,72.3,64.28,1.77,1,148,47,15,2.7,4.5,PG,Yes,Low,4,No,1,1,No,Active
24DS192,Jeremy Yoder,BSc-DS,SY,1,Female,18,ST,644588,30,56,36,0,41171,2025-06-18,No,4.1,Prevent myself only whole big feeling.,18,Yes,Yes,2023-2025,50.02,79.84,1.53,3,89,14,8,7.8,2.4,UG,Yes,High,6,No,0,3,Yes,Graduated
24DS193,Jeffrey Carter,BSc-DS,SY,2,Other,23,OBC,319207,29,39,48,1,34057,2025-01-11,No,4.9,Every cup avoid north.,42,Yes,No,2024-2025,59.63,65.26,3.54,1,116,32,17,6.3,4.1,PG,No,Low,9,No,2,0,Yes,Dropped Out
24DS194,Amber Wood,BSc-DS,SY,1,Male,19,OBC,770666,24,54,33,1,35565,2025-07-12,Yes,4.7,Responsibility wait site parent table join leader.,2,No,No,2023-2026,95.56,72.84,3.05,1,14,29,6,8.3,3.5,School,No,Medium,5,No,0,5,Yes,Dropped Out
24DS195,Jonathan Estes,BSc-DS,SY,2,Other,23,General,516722,22,45,21,0,25770,2025-03-28,No,4.6,Century behavior sometimes perhaps develop.,43,No,No,2023-2025,87.69,75.06,3.44,1,178,34,11,1.3,4.8,PG,No,High,2,No,3,2,Yes,Dropped Out
24DS196,Amanda Chang,BSc-DS,SY,2,Other,22,OBC,952345,20,49,37,2,42286,2025-02-26,No,4.9,Truth plant each west forget tonight.,8,No,No,2024-2025,55.15,76.4,1.62,2,110,43,13,9.9,1.6,UG,Yes,High,8,No,2,1,No,Dropped Out
24DS197,Zachary Gonzales,BSc-DS,SY,1,Female,22,General,898420,25,36,50,0,27521,2025-02-13,No,4.9,Author sister since bar possible.,8,No,Yes,2023-2025,93.58,72.59,4.26,5,13,11,13,9.1,2.4,None,No,Low,10,No,1,0,Yes,Graduated
24DS198,Stephen Edwards,BSc-DS,SY,2,Male,20,OBC,751905,28,62,42,2,28970,2025-02-01,Yes,3.4,Author production sell plant.,47,No,No,2023-2025,92.94,94.16,2.49,3,32,25,10,7.8,1.3,UG,No,High,5,No,2,0,Yes,Active
24DS199,Ruben Stuart,BSc-DS,SY,2,Female,23,OBC,178332,30,36,35,3,27849,2025-04-06,No,4.1,Really especially Mr finally central matter case.,41,Yes,No,2023-2025,83.92,84.57,2.73,5,174,42,18,8.7,4.9,None,Yes,Low,9,No,2,1,No,Graduated
24DS200,Brian Stewart,BSc-DS,SY,2,Female,21,OBC,715364,28,59,46,0,47155,2025-04-06,No,3.4,Week attorney thus behind dark truth.,2,No,Yes,2023-2025,58.05,94.97,2.9,5,66,49,2,4.2,2.8,School,Yes,Medium,7,Yes,0,2,No,Graduated
23DS01,Faith Gonzalez,BSc-DS,TY,2,Other,23,SC,280508,23,43,46,2,24406,2025-02-24,No,3.0,Town itself yes marriage civil.,0,No,No,2022-2025,64.69,84.99,3.24,2,175,6,7,6.3,2.6,UG,No,Low,7,No,2,4,No,Graduated
23DS02,Jeffrey Morse,BSc-DS,TY,2,Female,19,General,240227,21,60,31,3,21235,2025-02-06,No,3.4,Adult call those difficult travel.,46,No,No,2022-2026,98.85,78.5,2.7,2,127,40,20,9.3,4.9,PG,Yes,Low,3,No,2,3,No,Graduated
23DS03,George Allison,BSc-DS,TY,2,Male,23,General,471378,24,35,23,2,21844,2025-07-08,No,3.3,Seem argue not already dog recent standard agree.,33,Yes,No,2023-2026,58.45,71.59,3.32,4,195,49,8,2.6,1.2,School,Yes,Medium,1,No,2,2,No,Graduated
23DS04,Amy Fitzgerald,BSc-DS,TY,2,Female,19,SC,476808,27,56,20,0,21655,2025-01-06,No,4.6,More exist woman say film present attorney.,37,Yes,No,2022-2025,55.6,85.27,1.72,1,74,24,18,7.1,3.0,School,Yes,Medium,1,Yes,1,3,Yes,Dropped Out
23DS05,Martin Quinn,BSc-DS,TY,2,Female,22,OBC,428902,25,32,39,0,44358,2025-06-29,No,4.0,Idea eight what fill only.,16,No,No,2024-2026,86.25,82.86,4.83,4,162,39,3,4.9,3.0,None,Yes,Medium,10,No,1,5,No,Active
23DS06,Marcus Farmer,BSc-DS,TY,1,Other,19,OBC,523711,30,44,38,3,48004,2025-05-29,No,4.0,Sound write know so between social born movement.,30,No,Yes,2024-2025,57.01,70.49,2.12,5,150,48,11,1.5,3.9,PG,No,Medium,7,Yes,0,3,Yes,Active
23DS07,Carlos Carr,BSc-DS,TY,1,Female,20,OBC,938483,25,43,46,3,40452,2025-04-12,No,4.1,Rate as great audience cup past or.,27,Yes,Yes,2024-2026,68.23,65.81,3.6,4,163,5,15,4.2,3.9,PG,Yes,Medium,2,Yes,2,3,Yes,Graduated
23DS08,Ronald Washington,BSc-DS,TY,2,Male,20,General,614817,26,69,38,3,28667,2025-01-31,No,3.7,Strong ten they end page check rather sit.,17,No,No,2022-2025,92.76,73.57,4.03,1,119,28,8,5.0,1.4,None,No,High,7,No,0,0,Yes,Graduated
23DS09,Victoria Carr,BSc-DS,TY,2,Other,21,ST,577554,22,63,22,2,25050,2025-04-10,Yes,4.2,Since her physical finally light upon.,3,No,No,2023-2025,69.48,96.68,4.26,4,56,8,11,3.3,1.7,UG,Yes,High,8,No,3,0,Yes,Dropped Out
23DS10,Dustin Perez,BSc-DS,TY,2,Female,22,OBC,833917,27,43,22,1,25475,2025-04-23,No,4.2,Key do very land window phone.,43,Yes,No,2024-2026,89.1,61.04,2.09,3,40,16,0,3.1,3.4,UG,Yes,High,9,Yes,2,2,No,Dropped Out
23DS11,Robert Shaw,BSc-DS,TY,2,Other,22,SC,108319,22,66,32,2,32200,2025-01-26,Yes,3.8,Threat myself sometimes scientist.,37,No,No,2023-2025,58.55,86.34,1.89,3,178,24,1,5.1,1.3,None,Yes,Low,1,No,1,5,Yes,Active
23DS12,Charles Moreno,BSc-DS,TY,2,Female,19,SC,818990,23,58,29,3,48199,2025-03-09,Yes,4.4,Future consumer make police east.,36,Yes,Yes,2024-2026,86.55,60.8,2.24,0,117,26,13,2.3,2.0,PG,No,Medium,1,Yes,0,5,No,Active
23DS13,Matthew Peterson,BSc-DS,TY,1,Female,21,OBC,130539,22,53,44,1,45238,2025-01-13,Yes,4.9,Audience economy fall mind.,26,No,No,2024-2026,59.46,88.66,2.5,5,52,12,16,4.7,3.8,School,Yes,High,2,Yes,2,0,Yes,Dropped Out
23DS14,Hannah Atkinson,BSc-DS,TY,2,Male,22,General,768648,22,46,45,2,34637,2025-01-26,Yes,3.5,Beautiful Mrs today some agreement understand eat camera.,15,Yes,No,2023-2026,80.06,66.88,1.07,1,131,42,15,9.4,2.1,UG,Yes,High,6,Yes,1,2,No,Active
23DS15,Devin Mcguire,BSc-DS,TY,1,Female,22,OBC,847493,30,41,28,2,20049,2025-03-28,Yes,3.5,May education discussion beat ball budget left.,21,Yes,Yes,2024-2026,67.39,70.5,4.31,5,20,38,8,7.5,4.5,None,Yes,Medium,2,No,1,3,Yes,Dropped Out
23DS16,Mary Rodriguez,BSc-DS,TY,1,Female,23,General,192139,20,38,37,2,45092,2025-07-26,No,4.7,Night performance maintain kind simple.,0,No,Yes,2023-2026,87.34,66.37,3.76,1,180,43,15,2.6,3.8,None,Yes,High,6,No,3,2,Yes,Dropped Out
23DS17,Beth Warren,BSc-DS,TY,1,Other,22,OBC,253915,27,31,41,0,23439,2025-01-03,No,4.2,Wide among card surface type between.,28,No,Yes,2024-2025,77.04,95.83,2.74,4,78,44,19,9.0,4.6,PG,Yes,Medium,3,No,2,4,No,Graduated
23DS18,Rebecca Jones,BSc-DS,TY,2,Other,18,OBC,666157,29,41,30,2,43105,2025-02-27,No,3.3,Team story since heavy thing might.,47,No,Yes,2022-2026,54.12,82.0,2.72,5,62,49,11,6.8,1.9,PG,Yes,Medium,4,No,1,0,Yes,Active
23DS19,Randy Tran,BSc-DS,TY,2,Female,19,General,130635,23,31,28,1,45165,2025-03-21,Yes,3.0,Peace wide yard song explain me base.,5,No,No,2024-2026,89.74,74.23,2.51,3,73,23,2,4.5,3.8,None,Yes,Low,10,No,3,0,No,Active
23DS20,Richard Raymond,BSc-DS,TY,2,Male,20,SC,559072,21,49,50,0,23545,2025-01-03,Yes,4.4,Story behind successful attack consider.,18,Yes,No,2022-2025,64.84,78.02,4.46,4,182,27,14,9.0,2.8,None,Yes,Low,4,Yes,0,5,No,Dropped Out
23DS21,Gregory Holmes,BSc-DS,TY,1,Female,21,ST,851226,30,65,47,3,20440,2025-05-12,No,3.3,Even statement shake audience serve need development.,17,Yes,No,2022-2025,79.95,67.11,4.6,1,184,10,17,7.1,4.1,UG,No,High,5,No,1,4,No,Dropped Out
23DS22,Hannah Wolfe,BSc-DS,TY,1,Other,22,SC,412358,27,69,35,0,22455,2025-03-15,Yes,3.7,Tell fact single nearly.,6,No,Yes,2024-2025,71.53,73.44,2.16,4,136,18,1,9.0,4.3,UG,No,High,6,No,3,3,Yes,Active
23DS23,Rebecca Stewart,BSc-DS,TY,1,Male,23,General,328508,30,47,26,2,31887,2025-04-19,No,3.0,Wind series reality write especially.,34,Yes,No,2022-2025,84.54,70.66,3.96,0,47,46,10,2.2,1.6,School,Yes,Medium,8,No,1,0,Yes,Graduated
23DS24,Kevin Miller,BSc-DS,TY,1,Other,20,General,530571,29,60,36,2,38149,2025-03-06,No,3.4,Time pick different he spend too.,45,No,Yes,2024-2025,74.87,73.97,2.83,4,182,10,16,1.5,2.8,UG,Yes,High,7,Yes,3,5,No,Dropped Out
23DS25,Jennifer Ayers,BSc-DS,TY,1,Male,21,SC,554916,29,54,32,1,32548,2025-07-03,Yes,4.6,Believe especially into whether your news.,50,Yes,Yes,2023-2025,64.99,90.84,4.95,5,136,40,0,8.5,2.4,PG,No,Medium,5,No,0,4,Yes,Active
23DS26,Theresa Mitchell,BSc-DS,TY,1,Male,20,OBC,672784,22,40,30,0,37242,2025-01-27,Yes,4.1,Your society at.,49,No,No,2024-2026,91.65,68.24,4.43,2,45,6,1,7.6,1.1,UG,Yes,High,1,No,2,1,No,Active
23DS27,Tyler Mayer,BSc-DS,TY,1,Female,23,OBC,401324,26,30,35,2,29146,2025-05-09,Yes,3.3,Medical show compare outside lot treatment.,46,No,Yes,2023-2025,68.14,98.1,4.67,0,85,29,7,4.4,4.8,PG,Yes,Low,4,No,0,2,Yes,Graduated
23DS28,Sandra Rios,BSc-DS,TY,1,Other,19,ST,117149,28,55,23,0,31771,2025-04-28,No,4.8,War blue little already.,44,Yes,No,2023-2025,61.15,78.91,2.66,4,88,42,11,2.4,4.3,PG,Yes,High,2,No,2,0,Yes,Active
23DS29,Mary Parker,BSc-DS,TY,2,Male,20,SC,431736,22,58,48,1,31733,2025-03-22,Yes,4.4,Well improve every away tell remember.,44,Yes,Yes,2023-2025,87.28,82.57,1.39,1,109,10,10,4.6,2.1,None,No,Medium,2,Yes,0,5,Yes,Dropped Out
23DS30,Zachary Hunt,BSc-DS,TY,1,Male,20,General,137598,20,62,43,0,44114,2025-03-13,No,3.0,Garden even herself American half.,7,Yes,No,2022-2026,68.6,92.94,2.07,3,60,33,9,4.7,3.3,School,Yes,Medium,7,No,0,4,No,Dropped Out
23DS31,Todd Roberts,BSc-DS,TY,1,Female,19,OBC,254768,30,63,43,3,36799,2025-06-30,Yes,3.8,Position then under store home.,42,Yes,Yes,2023-2026,65.69,92.63,2.95,0,140,50,3,3.3,2.0,School,Yes,High,9,No,3,5,No,Active
23DS32,Justin Stanton,BSc-DS,TY,1,Female,21,OBC,599008,24,32,29,2,33224,2025-02-11,No,3.7,Doctor usually walk see event fight people.,26,No,Yes,2023-2025,59.72,81.63,3.86,4,87,21,20,3.0,4.7,PG,Yes,Low,10,No,1,3,No,Graduated
23DS33,Andrew Perkins,BSc-DS,TY,1,Male,21,General,143519,22,53,38,0,32802,2025-01-25,Yes,3.0,Make get reduce respond author require.,30,Yes,No,2023-2026,91.44,94.32,4.88,2,83,41,0,1.1,3.6,None,No,Medium,3,No,1,5,Yes,Graduated
23DS34,Hayden Hicks,BSc-DS,TY,1,Female,19,OBC,169324,26,51,49,0,20435,2025-07-13,Yes,3.8,Simply our real play cause.,4,Yes,No,2022-2026,90.23,88.6,3.82,3,173,47,4,2.9,2.1,None,Yes,Medium,1,No,0,0,No,Dropped Out
23DS35,Teresa Rangel,BSc-DS,TY,2,Other,18,OBC,869917,22,33,35,3,45704,2025-01-24,Yes,4.5,Recognize religious skill now.,10,Yes,Yes,2022-2025,98.11,62.31,3.3,2,153,44,11,5.8,2.0,School,Yes,High,4,No,3,4,No,Dropped Out
23DS36,Oscar Ayers,BSc-DS,TY,2,Female,23,OBC,250074,25,67,37,2,32055,2025-03-14,Yes,4.5,Indicate tonight artist learn.,36,No,No,2023-2025,62.82,86.52,4.5,2,128,49,15,10.0,3.0,UG,Yes,Medium,7,Yes,1,2,Yes,Dropped Out
23DS37,Chad Smith,BSc-DS,TY,2,Female,18,General,152589,23,37,32,2,31818,2025-03-22,Yes,4.9,Cultural factor may method let fine message production.,42,Yes,No,2024-2025,80.11,97.22,3.85,2,112,29,6,10.0,2.7,None,Yes,Low,2,No,3,2,No,Graduated
23DS38,Samuel Lewis,BSc-DS,TY,1,Other,19,ST,668609,24,47,46,0,43127,2025-03-24,No,3.3,Sure thought site appear politics.,41,Yes,Yes,2023-2026,95.14,95.19,2.29,4,73,48,4,1.5,3.6,UG,No,Low,5,Yes,0,4,Yes,Active
23DS39,Nicholas Sanchez,BSc-DS,TY,2,Female,23,ST,916536,30,51,44,1,42689,2025-03-13,Yes,3.9,Really already next goal.,23,Yes,No,2022-2025,54.95,68.49,2.26,2,53,28,16,7.4,3.9,School,No,Medium,8,Yes,0,5,No,Graduated
23DS40,Christine Smith,BSc-DS,TY,1,Other,22,General,518076,22,64,28,3,22582,2025-05-29,No,5.0,Star another like say line smile.,31,Yes,Yes,2023-2025,76.25,81.41,3.69,3,35,39,13,5.0,4.3,PG,Yes,High,9,Yes,3,2,No,Dropped Out
23DS41,Derek Powers,BSc-DS,TY,2,Male,18,General,214949,24,36,33,3,37507,2025-05-06,Yes,4.3,May media present bad attack by school game.,32,Yes,Yes,2023-2025,68.57,80.63,4.29,1,119,42,10,3.6,2.9,School,Yes,High,7,No,0,4,No,Active
23DS42,Jason Lee,BSc-DS,TY,2,Other,21,SC,165239,25,41,37,1,21739,2025-04-22,No,3.9,Light among impact my establish drug cause.,24,Yes,No,2024-2026,89.17,93.16,1.07,1,179,48,15,3.5,3.8,None,Yes,Medium,6,No,2,3,Yes,Graduated
23DS43,Eric Perez,BSc-DS,TY,2,Other,22,SC,668514,30,57,49,2,42235,2025-04-13,Yes,4.0,Office leave both small that by.,28,Yes,Yes,2023-2025,60.77,70.44,3.24,4,77,48,9,9.2,2.5,None,Yes,Low,9,No,0,0,Yes,Dropped Out
23DS44,Daniel Hall,BSc-DS,TY,1,Female,21,SC,432734,25,52,44,1,34366,2025-01-24,Yes,3.4,Special decide event friend civil.,6,No,No,2024-2026,69.52,88.84,4.9,5,78,26,5,9.0,4.4,UG,Yes,Medium,1,Yes,3,5,No,Graduated
23DS45,Hector Alvarado,BSc-DS,TY,2,Female,22,OBC,787931,30,34,43,0,49615,2025-04-07,No,3.0,Perhaps economic perhaps wish.,19,No,Yes,2022-2025,61.84,63.04,3.72,1,67,26,11,2.8,4.0,School,Yes,Medium,10,Yes,0,4,No,Graduated
23DS46,Nicole Meadows,BSc-DS,TY,2,Female,20,General,925527,22,65,46,2,41078,2025-04-11,Yes,3.0,None artist continue hear its.,41,Yes,Yes,2022-2026,61.71,84.87,4.67,0,113,23,6,4.8,3.4,None,No,High,3,Yes,1,4,No,Graduated
23DS47,Beth Pearson,BSc-DS,TY,2,Other,22,General,977102,22,62,50,3,28207,2025-07-08,Yes,4.1,Animal marriage message sit drug guess then.,27,Yes,Yes,2024-2025,95.3,93.06,1.31,1,170,14,10,2.4,4.5,UG,No,Medium,7,No,2,0,No,Active
23DS48,William Jenkins,BSc-DS,TY,2,Female,23,SC,194504,24,55,37,2,34221,2025-02-18,Yes,3.6,Control rock baby bring church.,19,Yes,No,2022-2025,52.79,67.17,1.68,1,20,29,2,7.8,1.6,UG,Yes,Low,7,Yes,1,4,Yes,Graduated
23DS49,Alexander Pope,BSc-DS,TY,1,Male,19,General,490732,24,33,25,0,35477,2025-07-20,Yes,4.0,A agency apply finally deal scientist.,33,Yes,Yes,2024-2026,57.99,65.86,1.39,5,193,27,0,5.4,3.6,None,No,Low,4,No,3,3,Yes,Graduated
23DS50,Yvonne Johnston,BSc-DS,TY,2,Male,22,General,142504,26,41,41,2,38814,2025-06-01,No,4.6,Speech computer officer require any.,35,Yes,Yes,2023-2026,90.65,87.95,2.2,0,183,39,0,6.1,4.4,School,Yes,High,9,Yes,2,2,No,Dropped Out
23DS51,Tony Perry,BSc-DS,TY,2,Other,19,OBC,812603,24,32,40,2,49062,2025-06-12,No,4.1,Work meeting another tell expert.,0,No,Yes,2022-2026,79.68,75.38,4.72,1,78,10,1,7.5,3.0,UG,Yes,High,8,No,2,0,Yes,Active
23DS52,Laura Contreras,BSc-DS,TY,1,Other,18,SC,968164,30,42,21,0,22423,2025-03-21,Yes,3.1,Physical almost become nation of prevent.,6,No,No,2023-2026,70.21,74.55,4.24,0,37,32,0,2.5,1.4,PG,No,Low,5,No,2,4,No,Dropped Out
23DS53,Yolanda Brown,BSc-DS,TY,1,Male,19,OBC,849193,25,49,29,1,25512,2025-07-07,Yes,3.7,Deep second option population in determine.,48,No,No,2022-2025,92.36,93.17,3.96,5,67,44,2,5.8,4.4,PG,No,Medium,3,Yes,3,2,No,Active
23DS54,Timothy Williams,BSc-DS,TY,1,Female,19,ST,597504,30,33,33,0,41035,2025-04-07,No,3.7,Measure rise so specific.,46,No,No,2022-2025,59.43,79.11,4.95,5,131,41,6,5.0,2.1,UG,Yes,High,5,Yes,0,3,Yes,Dropped Out
23DS55,Daniel Benson,BSc-DS,TY,2,Female,19,ST,883731,27,63,48,1,38362,2025-02-23,Yes,4.3,Drive section really call authority.,17,No,Yes,2024-2026,68.46,75.6,3.97,0,122,21,6,4.3,2.0,None,No,Medium,2,Yes,2,3,No,Graduated
23DS56,Paul Gregory,BSc-DS,TY,2,Female,19,SC,997904,29,38,38,2,21137,2025-03-31,No,4.3,Republican turn ground American.,9,Yes,No,2023-2025,70.49,67.28,2.49,0,78,43,16,7.0,1.1,PG,Yes,Low,2,No,3,5,No,Active
23DS57,Edward Garza,BSc-DS,TY,1,Male,20,OBC,763154,27,50,30,3,37181,2025-06-10,Yes,4.9,Top middle record learn candidate man bill.,14,No,Yes,2022-2025,62.81,79.84,1.53,5,119,25,0,9.6,3.5,UG,Yes,High,2,Yes,3,2,Yes,Active
23DS58,Jason Gonzalez,BSc-DS,TY,2,Female,20,General,219600,29,39,48,1,23262,2025-06-01,Yes,4.7,Decade song structure media experience.,13,Yes,Yes,2022-2025,71.36,68.59,4.64,2,91,28,13,7.7,2.3,PG,Yes,Low,3,No,0,0,Yes,Graduated
23DS59,Jacob Gray,BSc-DS,TY,2,Female,20,General,575384,29,36,39,1,35254,2025-04-29,No,4.3,Another answer describe finally woman onto.,30,No,No,2023-2026,80.85,84.57,1.17,5,88,25,14,9.9,2.1,None,No,Medium,7,No,0,4,No,Active
23DS60,Emily Casey,BSc-DS,TY,1,Male,18,OBC,267887,24,53,30,0,41329,2025-06-30,Yes,3.2,Hospital least produce east.,32,No,Yes,2024-2026,55.39,91.75,2.65,3,56,9,12,3.1,3.3,UG,Yes,High,8,Yes,3,3,No,Graduated
23DS61,Mercedes Ayala,BSc-DS,TY,2,Female,19,General,321309,28,37,44,1,21511,2025-05-30,Yes,4.7,Rather film fund.,41,No,No,2024-2026,59.04,63.32,4.5,0,72,28,5,9.0,5.0,None,No,High,7,No,2,0,Yes,Active
23DS62,Edwin Williams,BSc-DS,TY,2,Other,18,ST,405481,28,52,39,3,31817,2025-07-12,Yes,3.8,Treat set party.,50,No,No,2024-2025,96.54,92.11,3.47,2,115,41,1,4.9,4.0,UG,No,High,9,No,2,2,No,Active
23DS63,Elijah Robinson,BSc-DS,TY,1,Female,21,SC,365341,29,31,32,2,45323,2025-06-17,Yes,3.0,Onto visit this audience.,48,No,No,2023-2025,77.61,88.53,3.2,5,19,35,19,5.3,1.0,None,No,Medium,6,Yes,0,1,No,Dropped Out
23DS64,Hunter Rose,BSc-DS,TY,1,Male,19,OBC,813732,20,40,38,2,21557,2025-03-03,No,4.3,Cover painting discover serve experience when set walk.,47,Yes,No,2022-2025,71.75,91.99,2.82,3,12,27,12,2.7,5.0,None,No,Medium,10,Yes,3,3,No,Active
23DS65,Timothy Torres,BSc-DS,TY,2,Other,20,ST,597930,27,30,33,1,26147,2025-03-04,Yes,4.6,Financial each fire summer chance.,3,Yes,Yes,2024-2025,56.22,62.67,2.29,4,38,5,5,9.5,4.9,PG,No,High,10,Yes,0,4,Yes,Active
23DS66,Leah Gibson,BSc-DS,TY,1,Male,21,ST,640241,25,64,32,1,22939,2025-01-08,No,3.5,Need pull station fund between family wear address.,12,Yes,Yes,2024-2026,51.56,74.67,4.81,2,50,26,18,8.5,4.4,PG,No,Low,9,Yes,1,2,Yes,Dropped Out
23DS67,Alexander Smith,BSc-DS,TY,1,Female,22,OBC,924573,24,31,47,1,42568,2025-05-20,No,3.3,Ball she not attack although reach.,26,No,No,2022-2025,58.7,96.31,2.65,0,34,9,3,4.0,1.4,School,No,Medium,2,No,2,4,No,Active
23DS68,Christopher Williams,BSc-DS,TY,2,Other,21,General,357061,28,64,25,3,48368,2025-04-17,Yes,3.9,Daughter really executive cut before.,45,Yes,Yes,2023-2026,59.54,65.07,1.52,4,179,43,16,4.5,1.2,PG,Yes,Medium,3,No,1,5,No,Dropped Out
23DS69,Christine Snyder,BSc-DS,TY,1,Male,23,OBC,753986,21,53,29,2,29556,2025-05-21,Yes,3.0,Recently ten consumer blood prove land fund free.,43,Yes,Yes,2022-2025,55.59,75.34,1.04,4,37,32,10,8.5,3.9,None,No,Low,10,No,0,3,Yes,Graduated
23DS70,Gerald Malone,BSc-DS,TY,2,Female,18,ST,665109,29,45,49,1,25835,2025-05-16,No,3.5,Nature beyond machine chance.,40,No,No,2022-2026,60.59,74.61,1.56,3,136,17,0,2.6,2.8,School,Yes,High,8,No,0,2,Yes,Active
23DS71,Angel Moore,BSc-DS,TY,2,Other,18,OBC,291698,27,51,21,3,44539,2025-05-09,Yes,3.6,Like democratic his during.,2,Yes,Yes,2024-2026,61.75,82.51,3.39,1,116,17,8,6.6,3.8,None,Yes,Medium,6,No,2,4,Yes,Active
23DS72,Ian Jones,BSc-DS,TY,2,Female,20,General,370633,29,32,39,3,35785,2025-03-14,Yes,3.3,Right your democratic others way culture approach son.,20,Yes,Yes,2023-2026,81.57,76.82,4.39,2,36,44,12,3.6,1.9,None,No,Medium,1,Yes,0,0,No,Graduated
23DS73,Valerie Mora,BSc-DS,TY,2,Other,23,ST,677751,22,67,25,3,47472,2025-01-03,No,4.1,Door last return region.,0,No,No,2024-2026,66.64,63.59,4.44,5,193,46,15,8.2,4.8,UG,Yes,High,6,No,3,3,No,Graduated
23DS74,Matthew Baker MD,BSc-DS,TY,2,Female,23,ST,950687,23,53,46,1,45392,2025-03-19,Yes,4.5,Standard attack green public prevent.,3,No,Yes,2022-2026,61.39,81.69,1.75,3,84,28,7,7.4,5.0,UG,Yes,Medium,3,No,2,5,No,Dropped Out
23DS75,Sydney Blanchard,BSc-DS,TY,2,Other,21,OBC,992502,24,41,40,3,48079,2025-07-17,Yes,5.0,Foreign crime rich animal.,10,No,No,2023-2025,74.66,61.63,2.64,0,88,42,1,7.3,4.0,UG,Yes,High,7,No,3,5,Yes,Active
23DS76,Alexandria Gonzalez DDS,BSc-DS,TY,2,Female,22,ST,746241,24,37,37,3,20504,2025-03-06,No,3.8,Decide choose true father.,41,Yes,No,2023-2025,96.44,79.89,2.24,4,16,33,11,9.8,1.2,UG,Yes,High,10,Yes,0,0,No,Dropped Out
23DS77,Sarah Gonzalez,BSc-DS,TY,2,Female,19,SC,647208,21,64,23,2,21523,2025-03-19,Yes,3.8,Store strategy maybe expert.,23,No,Yes,2023-2025,74.02,84.09,1.26,2,76,35,15,1.5,2.6,School,No,High,4,Yes,0,1,No,Active
23DS78,Mr. Brandon Larson,BSc-DS,TY,2,Other,23,General,845384,26,33,37,1,25441,2025-03-31,Yes,3.1,Discover north movement attack large.,21,Yes,No,2023-2026,80.41,99.94,3.59,3,81,44,15,5.4,3.3,None,No,High,10,Yes,0,5,Yes,Graduated
23DS79,Elizabeth Williams,BSc-DS,TY,2,Female,23,General,211234,26,38,29,0,46511,2025-02-28,No,3.2,Charge show sing religious lead environmental.,0,No,No,2022-2025,59.48,88.73,4.44,1,198,8,20,3.6,3.2,UG,Yes,High,7,Yes,3,4,No,Dropped Out
23DS80,William Johnson,BSc-DS,TY,2,Other,20,SC,581297,23,55,36,2,21791,2025-07-13,Yes,3.7,Group finish house discuss.,10,No,No,2023-2026,64.45,77.86,3.49,3,110,31,15,8.9,1.9,PG,Yes,High,6,No,3,3,Yes,Dropped Out
23DS81,Jessica Johnson,BSc-DS,TY,1,Female,18,General,579675,29,39,42,3,47191,2025-07-18,Yes,3.9,Bag whom positive so.,34,No,No,2022-2026,88.16,88.25,3.27,4,140,43,4,7.0,4.5,None,No,Low,7,Yes,1,5,No,Graduated
23DS82,Michael Jackson,BSc-DS,TY,2,Male,20,OBC,407005,30,56,27,3,42122,2025-07-10,No,4.6,Himself share your under.,24,Yes,No,2023-2025,55.38,65.39,1.8,2,97,8,14,3.5,3.7,None,Yes,High,3,No,2,0,Yes,Graduated
23DS83,Hannah Ramirez,BSc-DS,TY,1,Other,18,SC,903339,20,43,20,2,29834,2025-06-05,No,3.8,Focus alone top month stand teacher.,4,Yes,Yes,2023-2025,99.77,72.42,3.24,3,121,22,6,9.2,3.5,None,No,Low,10,Yes,3,3,Yes,Active
23DS84,Judy House,BSc-DS,TY,2,Female,22,SC,621281,25,65,41,2,44119,2025-03-07,No,4.2,Music near imagine best under color respond.,44,No,No,2022-2025,54.12,94.32,1.66,4,196,47,14,8.5,1.6,School,Yes,High,5,No,0,2,No,Graduated
23DS85,Timothy Richardson,BSc-DS,TY,2,Female,18,SC,165260,28,60,42,1,36311,2025-01-20,No,4.2,Figure few produce edge this modern employee impact.,24,No,Yes,2024-2025,75.22,99.36,3.34,1,117,37,17,1.8,2.6,None,No,High,2,No,1,3,Yes,Active
23DS86,Kristin Ramirez,BSc-DS,TY,1,Male,22,OBC,180244,20,46,34,3,24907,2025-06-18,No,3.5,My no capital in head hair.,7,No,Yes,2024-2026,98.01,85.43,1.74,3,189,17,16,6.3,1.7,UG,No,Low,3,Yes,2,1,Yes,Graduated
23DS87,Gary Norris,BSc-DS,TY,1,Male,19,ST,726160,26,66,37,3,25516,2025-07-19,Yes,4.3,Customer plan mission consumer travel card color.,29,Yes,Yes,2024-2025,73.04,62.59,4.7,3,112,23,0,2.8,1.1,PG,Yes,High,9,No,3,0,Yes,Active
23DS88,Tiffany Craig,BSc-DS,TY,1,Other,18,OBC,587354,27,61,40,0,44044,2025-03-03,No,3.5,End film too range city.,43,No,Yes,2023-2026,62.2,90.63,2.82,1,37,12,0,2.7,4.6,UG,Yes,Medium,8,Yes,1,3,Yes,Dropped Out
23DS89,Michael Tucker,BSc-DS,TY,2,Male,18,General,623984,20,60,46,3,35728,2025-02-27,No,3.3,One spring red side at within.,13,Yes,Yes,2023-2026,97.87,92.04,1.11,0,166,21,19,9.1,2.9,School,Yes,High,7,Yes,1,3,No,Active
23DS90,Kelly Joyce,BSc-DS,TY,1,Female,22,OBC,845405,20,70,42,2,29993,2025-05-16,No,3.2,Idea time individual.,30,Yes,Yes,2023-2026,77.56,72.01,1.86,0,34,34,1,9.3,2.3,UG,No,Low,2,No,0,3,Yes,Active
23DS91,Stephanie Butler,BSc-DS,TY,2,Male,21,OBC,912408,21,56,38,3,32403,2025-03-07,No,3.7,Agency both five space wrong continue message.,26,No,No,2022-2026,81.12,76.78,4.34,5,157,47,9,5.7,1.2,School,No,Medium,1,Yes,1,2,No,Active
23DS92,Charles Hill,BSc-DS,TY,2,Female,21,OBC,394170,20,50,47,2,25662,2025-02-06,No,4.6,At here human west debate.,42,Yes,No,2022-2026,76.37,61.65,4.24,4,163,48,11,5.8,2.5,UG,No,High,1,Yes,0,0,Yes,Active
23DS93,Jacob Trujillo,BSc-DS,TY,1,Female,20,General,151212,29,56,24,0,27248,2025-03-03,Yes,3.2,Learn great imagine local.,46,Yes,No,2024-2025,78.08,77.53,3.21,1,57,40,14,5.9,3.4,None,No,High,4,Yes,3,1,No,Dropped Out
23DS94,Marilyn Walton,BSc-DS,TY,2,Other,18,General,789083,23,47,26,1,47905,2025-04-17,Yes,4.2,Measure room why.,48,Yes,No,2022-2025,88.02,72.16,3.87,4,47,44,11,1.8,1.7,UG,Yes,Low,9,Yes,1,0,Yes,Active
23DS95,Angela Carrillo,BSc-DS,TY,2,Other,22,SC,784150,23,48,35,3,33607,2025-05-15,No,3.8,Conference hundred yard purpose group.,21,Yes,No,2023-2026,77.5,62.25,3.99,4,134,30,18,3.1,4.6,PG,No,Low,10,No,2,2,No,Graduated
23DS96,Nicole Alexander,BSc-DS,TY,2,Other,19,General,285511,27,34,22,0,24383,2025-01-12,No,3.8,Do rate career continue.,35,Yes,No,2022-2025,59.22,74.57,4.16,3,66,20,19,9.7,3.9,None,Yes,Low,6,Yes,1,5,Yes,Active
23DS97,Daniel Strong,BSc-DS,TY,1,Female,18,SC,819560,27,59,24,0,38666,2025-02-08,Yes,4.2,Mean Mrs strong generation could produce reduce research.,41,No,Yes,2023-2026,54.17,90.82,2.13,4,29,18,11,9.3,3.6,School,Yes,Low,2,Yes,1,4,No,Active
23DS98,Jay Johnson,BSc-DS,TY,1,Other,22,OBC,502089,23,46,28,1,24978,2025-07-28,Yes,3.5,Even although pretty case economy and just.,25,Yes,Yes,2024-2026,86.21,86.44,1.7,0,193,18,11,3.3,3.4,School,Yes,High,9,Yes,3,4,Yes,Dropped Out
23DS99,Crystal Snyder,BSc-DS,TY,2,Male,20,General,454633,20,50,37,0,29176,2025-06-26,Yes,4.7,About teacher somebody organization special.,2,Yes,No,2023-2025,77.38,61.87,2.64,4,179,26,6,6.1,2.8,None,Yes,Low,5,No,0,4,Yes,Graduated
23DS100,Stacy Joseph,BSc-DS,TY,2,Other,20,OBC,727044,30,51,35,2,40962,2025-07-22,Yes,4.3,Wrong successful well third.,16,Yes,No,2024-2025,95.84,82.91,4.13,5,138,17,9,2.6,2.7,None,Yes,High,7,Yes,1,2,Yes,Active
23DS101,Michael Gilbert,BSc-DS,TY,1,Female,18,OBC,568770,27,44,30,2,39196,2025-03-29,No,3.7,Ever work behind they body Mr television.,16,Yes,Yes,2022-2026,76.89,95.14,1.75,4,168,5,20,2.1,3.9,School,No,Low,10,Yes,1,3,No,Graduated
23DS102,Ian Bryant,BSc-DS,TY,2,Male,22,SC,670281,29,57,48,2,31108,2025-06-23,Yes,4.2,Economy owner use process.,16,Yes,No,2023-2026,57.09,94.69,4.58,4,64,16,13,8.3,4.8,PG,No,Low,9,No,3,1,No,Active
23DS103,Kathleen Fox,BSc-DS,TY,1,Male,22,SC,260573,20,49,27,1,39578,2025-05-09,Yes,4.3,Side difficult meet event.,12,Yes,Yes,2023-2025,59.11,68.83,4.48,2,126,21,18,1.1,3.1,PG,Yes,Medium,3,No,2,2,Yes,Active
23DS104,Denise Tucker,BSc-DS,TY,2,Male,21,OBC,809302,25,49,23,0,45441,2025-02-22,No,4.9,Yes ago society into though for.,49,No,Yes,2023-2025,92.56,71.13,3.03,1,133,43,13,6.9,2.1,School,No,Medium,10,Yes,0,0,Yes,Active
23DS105,Jane Russell,BSc-DS,TY,2,Other,22,ST,383553,29,33,48,0,47277,2025-04-22,Yes,4.8,Stock wife if nothing conference.,0,Yes,Yes,2024-2026,69.42,92.73,3.94,5,10,35,6,1.2,2.0,PG,No,Medium,10,Yes,1,5,Yes,Dropped Out
23DS106,Rick Phillips,BSc-DS,TY,2,Female,22,SC,483321,23,47,26,1,20080,2025-02-24,No,5.0,They between west.,22,Yes,No,2024-2025,62.17,93.63,1.74,5,29,6,13,3.7,2.9,UG,Yes,Low,6,No,0,1,No,Graduated
23DS107,Angela Long,BSc-DS,TY,1,Male,21,SC,129789,29,42,47,2,25915,2025-02-11,No,4.2,Pass though conference white institution lay.,15,Yes,No,2023-2026,85.87,92.37,2.81,4,188,29,2,7.6,1.6,UG,Yes,Low,1,Yes,1,3,No,Active
23DS108,Donna Munoz,BSc-DS,TY,1,Male,18,General,658022,20,38,36,1,25389,2025-03-13,Yes,4.8,Word although always call.,17,Yes,Yes,2022-2025,51.01,69.06,1.72,1,141,30,17,4.7,1.1,None,No,Low,9,Yes,0,5,Yes,Dropped Out
23DS109,Jacqueline Garcia,BSc-DS,TY,1,Female,21,SC,104531,23,63,49,3,39893,2025-02-06,Yes,5.0,Address process sort.,10,Yes,No,2022-2026,89.72,89.57,2.22,4,148,41,11,8.7,1.1,School,Yes,Low,5,No,1,4,No,Active
23DS110,Christina Hunter,BSc-DS,TY,1,Other,21,ST,106486,24,68,47,0,35522,2025-04-23,Yes,4.9,One just beautiful try event bank.,34,Yes,Yes,2022-2026,73.87,88.92,3.58,4,136,22,11,5.3,2.4,School,Yes,Medium,10,Yes,3,3,No,Dropped Out
23DS111,Ralph Cervantes,BSc-DS,TY,2,Other,21,ST,312264,22,45,22,2,30634,2025-06-18,No,3.8,Artist debate ahead.,5,Yes,Yes,2024-2026,58.43,76.37,4.16,0,173,7,11,9.3,2.1,PG,Yes,Low,10,Yes,2,3,No,Graduated
23DS112,David Harper,BSc-DS,TY,2,Female,20,General,593174,27,30,43,2,41993,2025-06-16,No,5.0,Since others run meeting.,0,No,No,2023-2026,98.2,70.35,4.52,5,116,20,9,7.8,1.2,UG,No,Medium,8,No,1,2,No,Dropped Out
23DS113,Tiffany Stephens,BSc-DS,TY,2,Female,19,ST,500966,28,67,34,2,41119,2025-07-20,No,4.1,Hotel save security draw herself win music agreement.,17,Yes,Yes,2022-2025,69.18,71.65,4.05,4,38,35,5,2.3,4.6,PG,Yes,Medium,5,No,0,4,Yes,Active
23DS114,Richard Weber,BSc-DS,TY,2,Other,20,ST,850584,30,69,47,2,22523,2025-02-10,Yes,4.4,Life box feeling director.,30,Yes,Yes,2024-2025,89.42,63.24,4.78,2,119,10,3,8.7,3.1,UG,No,High,7,Yes,2,5,No,Graduated
23DS115,Jeffrey Hunter,BSc-DS,TY,2,Female,22,General,160788,21,65,41,2,38152,2025-07-21,No,4.3,Meet magazine eight part green.,14,No,Yes,2023-2025,52.93,87.11,3.43,2,141,41,8,5.7,1.4,School,Yes,Low,2,Yes,1,4,No,Dropped Out
23DS116,Mark Snyder,BSc-DS,TY,2,Female,20,ST,883226,27,69,42,2,37270,2025-04-06,Yes,3.6,Against see born full.,48,No,Yes,2022-2026,60.71,69.76,2.22,4,120,32,13,5.5,3.5,School,Yes,High,5,Yes,1,5,No,Graduated
23DS117,Daniel Aguilar,BSc-DS,TY,2,Female,22,SC,380852,26,35,39,0,38073,2025-06-08,No,3.8,Degree collection theory media imagine some action room.,26,Yes,No,2022-2025,92.26,85.27,1.82,5,188,13,17,7.6,3.1,UG,Yes,Low,7,Yes,3,4,No,Graduated
23DS118,Elizabeth Brown,BSc-DS,TY,2,Male,19,General,417320,28,45,31,3,31112,2025-03-26,Yes,3.4,New rich air country history.,8,No,Yes,2023-2026,61.1,96.81,2.88,5,143,23,11,5.4,1.6,None,Yes,Low,10,Yes,1,4,Yes,Dropped Out
23DS119,Seth Francis,BSc-DS,TY,2,Male,20,General,800301,28,44,37,1,34403,2025-03-29,Yes,5.0,Question six write add customer brother you.,18,No,Yes,2024-2025,50.05,82.35,3.05,4,18,12,18,8.4,3.3,PG,No,Medium,4,Yes,2,5,No,Graduated
23DS120,James Thompson,BSc-DS,TY,2,Male,22,SC,559841,26,43,20,0,27425,2025-03-03,No,3.5,Be can do son piece minute option.,8,Yes,No,2023-2026,63.67,80.32,3.4,5,82,31,16,9.8,1.9,None,Yes,Medium,3,Yes,2,3,Yes,Active
23DS121,Mary Winters,BSc-DS,TY,1,Male,19,General,716612,29,64,50,0,20726,2025-05-05,Yes,3.4,Southern they month for tend end.,4,No,Yes,2022-2025,53.65,89.22,3.01,3,20,26,19,4.1,1.1,None,Yes,High,9,Yes,3,1,Yes,Active
23DS122,Susan Donaldson,BSc-DS,TY,2,Female,18,ST,770699,24,60,43,3,32570,2025-04-14,No,3.7,Election trial free.,17,No,No,2023-2026,68.72,66.48,4.44,4,117,36,10,7.7,4.0,None,No,High,1,No,1,4,No,Active
23DS123,Dr. William Fox,BSc-DS,TY,1,Other,21,ST,189254,29,66,41,3,48414,2025-05-31,Yes,4.0,Happy individual try finally world thus step.,27,No,No,2024-2026,61.93,85.86,4.17,1,73,44,6,5.8,4.9,UG,No,Medium,4,No,1,3,Yes,Active
23DS124,Andrew Lee,BSc-DS,TY,1,Other,23,General,744031,22,60,33,0,34287,2025-01-09,Yes,4.8,Far exist pattern try approach hospital business.,37,No,Yes,2023-2025,56.46,66.67,3.45,5,139,17,8,9.1,2.6,None,No,Medium,3,No,1,1,Yes,Graduated
23DS125,Johnathan Knapp,BSc-DS,TY,2,Female,20,ST,256755,23,57,32,1,23710,2025-05-15,Yes,3.8,Group Mr court edge.,2,No,No,2023-2025,71.92,81.97,2.35,3,108,36,1,8.3,3.9,School,No,High,4,No,0,2,Yes,Graduated
23DS126,Michelle Santos,BSc-DS,TY,2,Female,23,SC,675951,29,59,40,0,24553,2025-05-15,No,4.2,Price born develop poor just.,41,Yes,No,2022-2026,51.55,75.05,4.05,1,152,27,3,3.1,2.6,PG,Yes,Low,2,No,1,4,No,Dropped Out
23DS127,Dakota Gay,BSc-DS,TY,2,Other,19,SC,589575,29,62,29,0,42857,2025-01-07,Yes,4.4,Mean anything sea approach until southern produce.,45,No,No,2022-2025,68.53,73.9,4.56,1,49,29,7,9.5,2.3,None,Yes,Medium,3,Yes,0,1,Yes,Active
23DS128,Timothy Cooper,BSc-DS,TY,2,Female,22,SC,403671,22,51,40,3,20003,2025-03-09,Yes,3.2,Along old fire age data organization.,0,No,No,2023-2026,58.48,98.16,2.78,3,118,40,5,1.3,1.3,None,Yes,High,4,No,3,4,No,Active
23DS129,Craig Boyd,BSc-DS,TY,1,Male,22,ST,985685,20,60,41,2,47671,2025-05-16,No,3.5,Others interesting raise scene nor television stage nature.,44,Yes,No,2023-2026,76.46,99.89,2.48,2,144,29,20,4.2,1.0,UG,Yes,Medium,3,Yes,3,5,Yes,Graduated
23DS130,Robert West,BSc-DS,TY,1,Male,20,SC,302478,29,56,49,2,42215,2025-07-21,No,3.8,Certain five could trade mission step.,16,No,Yes,2022-2026,63.47,98.35,2.33,4,152,12,3,6.7,3.3,PG,No,High,10,No,1,1,Yes,Active
23DS131,Robert Willis,BSc-DS,TY,2,Other,18,SC,208601,27,38,26,1,38774,2025-03-31,Yes,4.5,Fly rule different.,19,No,No,2023-2026,65.61,84.62,4.41,0,173,36,16,1.7,1.3,UG,Yes,High,8,Yes,3,5,Yes,Dropped Out
23DS132,Jeremy Smith,BSc-DS,TY,1,Male,23,OBC,243021,21,56,48,2,45830,2025-05-11,No,3.9,Study close stand policy economic firm fly.,50,No,No,2022-2025,84.53,72.87,3.47,0,178,9,18,4.8,2.6,School,No,Medium,3,No,2,1,No,Active
23DS133,Katie Watson,BSc-DS,TY,1,Female,22,General,814824,21,68,20,3,30654,2025-03-31,No,3.5,Value watch bring that.,19,Yes,No,2023-2026,58.74,80.9,3.41,3,192,32,7,3.0,1.4,UG,Yes,High,6,No,3,2,Yes,Graduated
23DS134,Anne Diaz,BSc-DS,TY,2,Female,20,SC,212433,20,55,28,1,22148,2025-05-08,No,4.7,Read pass meet with.,3,Yes,Yes,2024-2026,74.06,91.19,4.79,1,49,24,2,9.2,3.9,None,No,High,9,No,0,4,No,Graduated
23DS135,Justin Parrish,BSc-DS,TY,2,Male,21,ST,368072,25,65,48,0,39112,2025-03-25,No,4.8,Someone evidence see past item.,12,No,No,2024-2026,86.11,91.11,2.41,5,169,43,3,7.4,2.2,UG,Yes,Medium,2,Yes,1,4,Yes,Graduated
23DS136,Andrew Brown,BSc-DS,TY,1,Male,19,ST,101519,28,61,35,2,49660,2025-05-01,No,3.1,Push rock shoulder wrong identify.,35,Yes,Yes,2023-2025,50.97,62.77,1.06,3,108,17,11,4.9,4.7,None,Yes,Medium,6,No,2,3,Yes,Graduated
23DS137,Cody Thomas,BSc-DS,TY,2,Other,18,ST,849767,30,37,43,2,46933,2025-05-09,Yes,3.4,When thing interest use environment eight summer.,43,Yes,Yes,2024-2025,52.57,86.87,1.93,0,102,5,19,4.3,4.0,None,No,High,8,Yes,0,4,No,Active
23DS138,Heather Singh,BSc-DS,TY,2,Male,19,General,952998,25,47,41,0,38344,2025-02-11,Yes,4.9,Parent dog public after someone many meet large.,45,No,No,2023-2025,92.3,78.63,3.79,1,193,6,15,6.3,3.7,School,No,High,10,Yes,0,2,Yes,Graduated
23DS139,Lisa Campbell,BSc-DS,TY,2,Other,22,General,815422,30,54,28,0,20635,2025-02-10,Yes,3.8,Your at near notice serious policy century.,38,Yes,Yes,2023-2026,65.46,63.58,2.13,4,66,40,2,9.5,2.9,PG,No,Medium,4,Yes,3,2,No,Active
23DS140,Dawn Fisher,BSc-DS,TY,1,Female,18,OBC,492186,25,40,38,3,25104,2025-03-30,Yes,4.3,Nice capital cost hope street despite.,22,Yes,Yes,2022-2025,90.08,95.28,1.77,4,182,27,16,7.0,4.1,School,Yes,Medium,4,Yes,0,1,Yes,Graduated
23DS141,Phillip Thompson,BSc-DS,TY,1,Other,22,SC,984413,22,70,26,1,47429,2025-02-09,No,4.6,Affect need professor.,50,Yes,No,2024-2026,62.7,92.18,3.89,1,197,48,16,8.7,1.2,UG,Yes,High,8,No,1,5,Yes,Active
23DS142,Tamara Jones,BSc-DS,TY,2,Other,19,ST,570427,28,47,27,0,22723,2025-01-10,Yes,4.7,Natural marriage political charge bill seek.,44,Yes,No,2022-2025,87.23,87.77,2.87,1,72,42,12,6.5,3.0,School,No,Medium,4,Yes,3,2,No,Active
23DS143,Alexis Benton,BSc-DS,TY,1,Other,18,OBC,945613,30,40,32,3,41032,2025-07-23,Yes,4.3,Either million main.,15,No,No,2024-2026,95.38,94.71,4.57,5,198,15,6,8.8,3.5,School,Yes,High,1,Yes,3,5,Yes,Active
23DS144,Patrick Cruz,BSc-DS,TY,1,Other,22,OBC,152177,29,55,49,2,22548,2025-02-27,No,3.8,Consumer adult live hit open money next rise.,1,No,No,2024-2025,70.18,83.52,4.88,0,173,40,12,4.8,3.1,None,No,Low,2,Yes,0,4,No,Active
23DS145,Brenda Thompson,BSc-DS,TY,2,Other,23,General,834935,23,46,28,3,41461,2025-02-20,No,4.1,Project true much here receive.,17,Yes,No,2023-2025,54.54,78.41,3.58,1,150,35,11,1.6,4.0,None,No,Low,3,No,1,4,Yes,Dropped Out
23DS146,Susan Boyd,BSc-DS,TY,1,Other,22,General,836558,27,66,32,1,32042,2025-07-04,No,3.2,Arrive find Mrs everyone machine.,29,No,Yes,2022-2026,96.93,83.7,1.28,5,123,19,10,6.6,2.6,PG,No,Low,10,Yes,1,1,Yes,Dropped Out
23DS147,Megan Spears,BSc-DS,TY,2,Male,21,ST,307605,22,39,33,3,23308,2025-01-14,No,4.6,Education enjoy lay remain.,43,Yes,No,2022-2026,54.14,83.19,1.81,0,105,28,18,8.3,1.1,School,Yes,Medium,6,No,3,0,No,Active
23DS148,Zachary Watkins,BSc-DS,TY,2,Female,18,General,668643,26,66,44,1,47833,2025-04-24,No,3.9,Movement rest this executive return Mrs though.,34,No,Yes,2022-2026,96.66,62.67,3.15,0,95,21,1,2.6,3.8,School,Yes,Low,10,No,0,4,No,Graduated
23DS149,Mr. Jonathan Baxter,BSc-DS,TY,1,Female,18,General,197116,21,68,46,2,39919,2025-06-26,No,3.1,Customer impact region election improve hard agent.,15,No,No,2022-2026,63.7,79.56,4.85,4,188,25,15,9.1,1.7,UG,Yes,High,3,Yes,0,5,No,Dropped Out
23DS150,Ryan Evans,BSc-DS,TY,1,Other,23,General,839242,24,41,47,1,46246,2025-02-02,Yes,4.1,Memory this hold so animal.,28,Yes,No,2023-2026,51.71,95.44,4.88,5,151,25,4,6.0,3.6,School,Yes,High,8,No,2,1,Yes,Dropped Out
23DS151,Amy Mays DDS,BSc-DS,TY,1,Male,20,ST,128765,28,61,25,3,46767,2025-03-10,Yes,3.0,Paper first maintain much responsibility together get.,44,No,No,2022-2025,58.62,75.61,1.18,3,65,23,16,4.6,4.9,UG,Yes,Medium,6,No,1,0,Yes,Active
23DS152,Jake Smith,BSc-DS,TY,1,Female,20,SC,325055,24,54,27,3,33019,2025-03-11,No,3.7,International physical list century card activity fear.,28,No,Yes,2023-2025,51.25,97.03,1.52,2,76,17,0,8.9,2.8,None,No,High,7,Yes,0,4,Yes,Active
23DS153,Leslie Benjamin,BSc-DS,TY,2,Female,20,SC,176492,29,59,49,1,48320,2025-04-12,Yes,3.0,Sell why admit arm when lose.,9,Yes,No,2022-2025,71.0,61.51,1.09,1,97,24,13,6.3,2.2,School,No,Medium,2,No,3,4,No,Dropped Out
23DS154,Penny Jordan,BSc-DS,TY,1,Other,22,OBC,129659,20,51,32,0,27838,2025-07-26,Yes,3.7,Dream help avoid window stock.,48,No,Yes,2022-2025,95.54,67.99,3.73,5,160,31,2,9.8,2.4,School,Yes,High,1,No,2,5,Yes,Graduated
23DS155,Mary Wheeler,BSc-DS,TY,1,Female,20,General,711056,21,53,29,2,20159,2025-04-19,No,3.1,Old author act identify three.,32,No,Yes,2022-2026,60.68,97.03,1.4,4,176,45,0,2.6,3.6,School,No,Low,1,Yes,2,3,Yes,Dropped Out
23DS156,Jessica Pratt,BSc-DS,TY,1,Female,23,SC,703697,29,66,24,3,36185,2025-01-25,No,3.5,Person north citizen loss throughout seem write ask.,14,No,Yes,2023-2026,65.22,62.46,4.22,2,114,46,7,6.8,3.4,None,Yes,High,2,No,3,5,Yes,Graduated
23DS157,Marilyn Lopez,BSc-DS,TY,2,Female,23,ST,219442,25,61,50,2,23110,2025-07-11,Yes,3.9,Own determine human.,13,Yes,Yes,2023-2025,99.33,97.18,4.73,4,41,44,0,2.6,2.0,UG,No,Medium,8,No,3,2,Yes,Active
23DS158,Sara Graves,BSc-DS,TY,2,Other,20,OBC,724975,22,44,39,1,44721,2025-02-20,Yes,3.2,Nation sea check television.,34,Yes,Yes,2024-2026,64.14,81.47,2.27,1,95,39,15,6.2,4.9,School,Yes,Medium,6,No,3,0,No,Dropped Out
23DS159,Mary Smith,BSc-DS,TY,1,Female,22,ST,552165,25,35,46,1,28546,2025-01-26,No,3.1,Class remember large produce stage provide.,32,Yes,Yes,2023-2026,84.94,79.79,4.63,3,30,34,0,7.0,3.1,UG,No,Low,6,No,3,1,No,Graduated
23DS160,Shane Mclaughlin,BSc-DS,TY,1,Other,20,SC,514694,22,45,26,3,20764,2025-06-15,No,4.0,Finally me mind history ground thus name.,0,No,Yes,2022-2025,68.81,64.74,4.16,3,21,8,16,2.0,1.9,School,No,Low,1,No,2,0,No,Dropped Out
23DS161,James Duffy,BSc-DS,TY,1,Male,18,General,243062,26,67,20,2,29030,2025-05-28,Yes,4.8,Summer reflect point usually produce almost.,29,No,No,2024-2026,75.68,91.37,3.11,3,15,27,1,1.6,4.0,UG,Yes,High,1,No,0,4,Yes,Graduated
23DS162,Nicole Nichols,BSc-DS,TY,2,Other,22,SC,487529,29,52,34,2,40298,2025-03-02,No,3.7,Television section deal skill future political.,44,No,No,2022-2025,80.77,98.84,1.83,3,93,16,15,8.2,1.8,School,No,Low,8,Yes,1,4,No,Graduated
23DS163,Robert Adams,BSc-DS,TY,1,Male,19,SC,399056,22,58,41,2,35137,2025-04-02,No,4.8,Actually get option large.,15,Yes,Yes,2022-2026,78.68,96.93,1.5,5,132,20,18,9.2,1.8,PG,Yes,Low,8,No,1,1,Yes,Active
23DS164,Michelle Parrish,BSc-DS,TY,2,Female,20,SC,116151,21,49,40,1,42266,2025-06-24,No,3.7,Responsibility apply week huge require six.,34,No,Yes,2024-2026,86.94,72.65,3.04,1,100,19,20,3.4,2.8,UG,Yes,Medium,10,Yes,2,2,No,Active
23DS165,Brandon Morris,BSc-DS,TY,1,Female,20,OBC,637055,30,70,41,2,36804,2025-01-09,Yes,3.6,Feel process customer stop top.,41,Yes,Yes,2023-2026,99.89,96.73,1.1,4,39,7,10,2.4,2.3,PG,Yes,Medium,3,Yes,1,1,Yes,Active
23DS166,Rachael Dalton,BSc-DS,TY,2,Female,20,General,713148,28,69,33,0,46254,2025-01-05,Yes,4.0,Billion figure my card goal fund admit.,27,Yes,No,2023-2025,95.99,77.51,1.28,5,141,14,15,8.5,1.3,PG,Yes,Medium,10,No,1,1,No,Graduated
23DS167,Maria Tate,BSc-DS,TY,2,Other,23,OBC,543358,29,68,22,0,47855,2025-03-19,No,3.4,Likely listen evening realize up manager.,40,Yes,No,2023-2025,54.04,65.68,1.88,0,47,36,13,8.2,1.5,None,Yes,Low,2,Yes,0,1,Yes,Graduated
23DS168,Daniel Bonilla,BSc-DS,TY,2,Other,20,ST,164458,22,36,29,2,27620,2025-04-02,No,4.2,They myself citizen guy American movement.,39,No,No,2024-2026,53.39,77.19,2.97,3,69,50,3,7.6,4.9,PG,No,Low,8,Yes,2,2,No,Dropped Out
23DS169,Vanessa Ray,BSc-DS,TY,2,Male,21,ST,913180,30,33,25,1,32550,2025-06-09,Yes,4.6,Outside off management director lot happy.,27,Yes,Yes,2022-2025,76.81,60.09,1.27,3,146,29,17,2.2,3.1,None,No,High,3,No,2,4,No,Dropped Out
23DS170,Eric Bowman,BSc-DS,TY,2,Male,22,ST,943631,21,56,38,1,29121,2025-02-26,Yes,4.6,Respond purpose short debate Mrs he similar.,29,No,No,2023-2026,97.29,60.0,1.55,4,52,45,12,7.4,1.3,School,Yes,Low,8,Yes,1,1,Yes,Dropped Out
23DS171,Christopher Bates,BSc-DS,TY,2,Other,18,General,634881,28,60,23,2,48269,2025-02-22,No,3.3,Specific you action true they land.,37,Yes,Yes,2023-2026,61.24,97.52,4.64,5,12,40,8,2.4,2.3,School,No,High,6,Yes,2,0,No,Active
23DS172,Alexander West,BSc-DS,TY,2,Female,20,SC,260391,22,36,29,0,47721,2025-03-05,Yes,4.2,Represent fire see born prevent son season.,31,No,Yes,2022-2025,86.49,81.75,1.85,1,162,36,7,7.2,4.0,PG,Yes,Medium,5,Yes,0,5,Yes,Active
23DS173,Johnathan Wilson,BSc-DS,TY,1,Other,19,ST,889233,30,50,46,2,31055,2025-05-15,No,3.8,Way us order.,8,Yes,No,2023-2026,86.54,74.35,4.2,2,21,22,18,2.5,3.0,None,Yes,Low,6,Yes,3,3,No,Dropped Out
23DS174,Diane Garrett,BSc-DS,TY,1,Female,19,OBC,994070,26,46,31,1,44770,2025-01-01,Yes,4.0,Why upon until shake.,16,Yes,Yes,2023-2025,53.54,72.13,1.06,4,85,18,8,8.1,2.9,PG,Yes,Medium,5,No,0,1,No,Active
23DS175,Philip Nichols,BSc-DS,TY,1,Female,19,OBC,295985,26,37,44,2,36585,2025-07-05,No,3.9,Much but same good about enjoy soldier dinner.,28,Yes,Yes,2023-2025,59.96,73.08,2.89,0,62,18,3,6.9,5.0,None,Yes,Medium,4,No,1,1,No,Graduated
23DS176,Summer King,BSc-DS,TY,1,Female,19,ST,517042,24,57,21,2,22886,2025-05-16,Yes,4.7,Law thought accept.,14,No,Yes,2023-2026,78.58,84.66,2.98,0,96,31,14,9.5,2.9,School,No,Medium,5,Yes,2,5,No,Active
23DS177,Amanda Carter,BSc-DS,TY,1,Male,19,ST,689494,30,55,49,0,26868,2025-01-29,Yes,3.4,Forget run three understand.,18,No,No,2022-2025,57.68,75.51,4.67,0,149,24,4,9.4,1.7,PG,No,Medium,3,Yes,1,4,No,Active
23DS178,Craig Marquez,BSc-DS,TY,1,Other,21,ST,221939,26,56,48,3,29418,2025-05-28,No,4.6,Popular by crime must miss threat.,15,No,Yes,2024-2026,69.57,97.78,3.6,5,135,35,3,6.9,2.5,School,Yes,Medium,9,No,2,2,Yes,Active
23DS179,Christina Jones,BSc-DS,TY,1,Other,18,OBC,316820,30,51,43,0,31918,2025-02-06,Yes,3.2,Figure only provide one safe bit during.,8,No,Yes,2022-2025,67.87,63.91,1.19,0,34,34,18,3.8,4.4,PG,No,Low,4,Yes,0,1,Yes,Dropped Out
23DS180,Tyler Weber,BSc-DS,TY,1,Female,23,ST,998947,25,41,39,1,48837,2025-07-01,No,3.7,Tell cause sea defense identify probably training break.,42,Yes,No,2022-2025,63.34,81.18,2.73,4,15,7,16,7.0,1.2,School,No,Medium,7,Yes,0,3,No,Graduated
23DS181,Angela Bell,BSc-DS,TY,2,Other,22,General,612566,28,42,23,1,47724,2025-03-17,Yes,5.0,Those contain more.,31,Yes,Yes,2023-2026,96.17,67.94,3.23,3,46,21,5,4.5,4.3,None,Yes,Medium,2,Yes,1,5,No,Graduated
23DS182,Rebecca Greer,BSc-DS,TY,2,Other,22,SC,837839,22,46,49,2,47836,2025-01-07,Yes,4.9,President open wrong away despite population.,35,No,No,2024-2026,78.43,86.29,3.8,2,80,6,2,3.1,4.4,None,No,High,9,No,3,0,No,Active
23DS183,Jeffrey Walter,BSc-DS,TY,1,Female,18,OBC,766977,29,54,23,0,47532,2025-03-02,Yes,3.4,During about for start exactly.,33,Yes,Yes,2024-2026,99.83,94.87,2.14,3,86,15,4,4.9,2.2,None,No,Low,7,No,2,0,No,Active
23DS184,Adrienne Holmes,BSc-DS,TY,1,Male,22,OBC,919248,21,46,29,1,27543,2025-07-12,Yes,3.4,Accept everybody program by star appear sometimes.,39,No,No,2024-2026,94.31,64.03,2.12,2,89,29,19,2.5,1.5,School,Yes,Medium,4,No,2,2,Yes,Graduated
23DS185,Jean Alvarez,BSc-DS,TY,2,Male,19,General,571251,26,49,24,2,37678,2025-02-04,No,4.5,Including style consider yet.,26,Yes,Yes,2024-2025,96.95,88.71,1.36,2,103,40,1,2.6,3.0,UG,No,Low,3,Yes,0,5,No,Dropped Out
23DS186,Paul Baker,BSc-DS,TY,1,Other,18,OBC,677909,22,58,45,3,42660,2025-03-28,Yes,4.3,Tend share method.,4,Yes,No,2022-2025,68.71,68.1,2.04,1,128,34,4,4.7,1.0,None,Yes,High,1,No,3,5,Yes,Dropped Out
23DS187,David Thomas,BSc-DS,TY,1,Other,19,SC,728608,20,38,28,2,38008,2025-03-09,No,4.4,Beyond fire agent sea simply environment.,34,Yes,Yes,2024-2025,93.29,97.04,1.66,5,122,45,16,1.8,3.8,School,Yes,Low,9,Yes,3,1,Yes,Active
23DS188,Julie Nelson,BSc-DS,TY,1,Male,20,ST,330277,25,35,36,2,49753,2025-02-08,Yes,4.3,Million perform market customer.,18,No,No,2023-2026,64.79,73.71,3.37,1,114,29,13,2.2,4.6,UG,Yes,Low,3,No,3,3,Yes,Dropped Out
23DS189,Samantha Lewis,BSc-DS,TY,1,Other,22,SC,716289,25,54,50,0,21842,2025-02-01,No,4.1,Black always figure political seem state.,5,No,No,2024-2025,73.91,71.11,4.83,1,61,18,1,9.0,1.9,School,Yes,Medium,6,Yes,1,4,No,Active
23DS190,Angela Terry,BSc-DS,TY,1,Female,18,General,295626,27,46,38,3,44212,2025-01-03,No,4.2,Ball bed face citizen.,11,No,No,2024-2025,85.11,94.72,3.17,1,186,42,7,6.9,2.2,School,Yes,High,7,Yes,1,0,Yes,Active
23DS191,Daniel Tucker,BSc-DS,TY,1,Other,19,General,247230,26,46,31,1,47988,2025-07-17,Yes,3.3,Write first wind seek health road consider.,16,Yes,No,2022-2025,71.26,80.28,2.95,2,54,46,1,6.6,3.6,PG,Yes,Low,4,No,0,1,Yes,Graduated
23DS192,Nichole Mccoy,BSc-DS,TY,1,Female,20,OBC,115892,22,48,36,0,31919,2025-05-29,Yes,3.4,Doctor foreign sure.,45,No,No,2024-2025,73.64,73.3,4.05,0,154,12,14,6.8,4.1,None,No,Low,10,No,3,3,Yes,Dropped Out
23DS193,John Mendez,BSc-DS,TY,2,Male,20,General,598067,30,51,33,2,35557,2025-06-18,Yes,3.8,Play kind wind decide a reason explain.,19,No,Yes,2023-2025,52.88,78.12,1.29,2,77,19,4,2.8,4.2,UG,Yes,Medium,2,No,2,3,No,Dropped Out
23DS194,Rachel Briggs,BSc-DS,TY,1,Other,21,General,182977,29,39,41,1,22339,2025-06-30,Yes,3.8,Enjoy first new nothing place.,0,No,Yes,2024-2026,51.53,75.67,1.26,2,49,19,18,4.9,4.1,None,Yes,High,5,No,2,1,Yes,Dropped Out
23DS195,Linda Evans,BSc-DS,TY,1,Female,20,SC,689822,26,55,46,1,32607,2025-07-19,No,3.6,Report time many draw put.,11,No,No,2022-2025,93.98,93.37,2.42,2,113,14,14,8.9,2.1,PG,Yes,Medium,9,Yes,3,5,No,Graduated
23DS196,Eric Huffman,BSc-DS,TY,2,Male,20,OBC,764897,23,57,37,2,29948,2025-07-24,No,3.5,Mother less test final car commercial very.,20,No,Yes,2024-2026,70.26,75.77,2.15,1,89,29,11,5.5,3.6,School,Yes,Low,4,Yes,3,0,No,Graduated
23DS197,Pamela Fernandez,BSc-DS,TY,2,Female,18,ST,460725,23,48,45,0,20496,2025-02-04,Yes,3.1,Father amount idea mind local operation stage.,14,Yes,No,2023-2026,69.68,63.82,1.96,0,98,6,0,1.5,2.2,None,Yes,Medium,5,No,2,1,Yes,Graduated
23DS198,Kenneth Vaughn,BSc-DS,TY,2,Other,22,SC,322136,23,57,28,1,28678,2025-02-08,Yes,4.7,Field exactly without community everyone simply weight relate.,30,Yes,No,2023-2026,91.55,88.33,2.6,0,177,26,12,4.2,3.4,School,Yes,Medium,9,No,2,0,No,Graduated
23DS199,Amanda Chaney,BSc-DS,TY,2,Female,23,General,750004,30,33,36,3,35651,2025-03-31,No,3.3,Writer change focus how report book.,46,No,No,2024-2026,59.61,74.55,4.3,3,70,7,10,1.9,1.3,School,No,Low,6,No,0,1,No,Dropped Out
23DS200,Xavier Hill,BSc-DS,TY,1,Other,23,ST,170300,22,70,30,1,32629,2025-06-20,Yes,4.5,Sell meeting pressure child production building check building.,2,No,Yes,2024-2025,58.29,93.43,4.98,1,57,6,13,6.8,2.4,School,No,Low,2,No,0,0,No,Graduated
